[22:10:31] [main/INFO] [LaunchWrapper]: Loading tweak class name net.minecraftforge.fml.common.launcher.FMLServerTweaker
[22:10:31] [main/INFO] [LaunchWrapper]: Using primary tweak class name net.minecraftforge.fml.common.launcher.FMLServerTweaker
[22:10:31] [main/INFO] [LaunchWrapper]: Calling tweak class net.minecraftforge.fml.common.launcher.FMLServerTweaker
[22:10:31] [main/DEBUG] [FML]: Injecting tracing printstreams for STDOUT/STDERR.
[22:10:31] [main/INFO] [FML]: Forge Mod Loader version 14.23.5.2860 for Minecraft 1.12.2 loading
[22:10:31] [main/INFO] [FML]: Java is OpenJDK 64-Bit Server VM, version 1.8.0_482, running on Linux:amd64:6.8.0-1044-azure, installed at /usr/lib/jvm/java-8-openjdk-amd64/jre
[22:10:31] [main/DEBUG] [FML]: Java classpath at launch is:
[22:10:31] [main/DEBUG] [FML]:     /workspaces/oiu/servidor_minecraft/forge-1.12.2-14.23.5.2860.jar
[22:10:31] [main/DEBUG] [FML]: Java library path at launch is:
[22:10:31] [main/DEBUG] [FML]:     /tmp/_MEI62bd6Y
[22:10:31] [main/DEBUG] [FML]:     /usr/java/packages/lib/amd64
[22:10:31] [main/DEBUG] [FML]:     /usr/lib/x86_64-linux-gnu/jni
[22:10:31] [main/DEBUG] [FML]:     /lib/x86_64-linux-gnu
[22:10:31] [main/DEBUG] [FML]:     /usr/lib/x86_64-linux-gnu
[22:10:31] [main/DEBUG] [FML]:     /usr/lib/jni
[22:10:31] [main/DEBUG] [FML]:     /lib
[22:10:31] [main/DEBUG] [FML]:     /usr/lib
[22:10:31] [main/DEBUG] [FML]: Determined Minecraft Libraries Root: /workspaces/oiu/servidor_minecraft/libraries
[22:10:31] [main/DEBUG] [FML]: Cleaning up mods folder: ./mods
[22:10:31] [main/DEBUG] [FML]: Examining file: jei_1.12.2-4.16.1.1013.jar
[22:10:31] [main/DEBUG] [FML]: Examining file: TravelersBackpack-1.12.2-1.0.35.jar
[22:10:31] [main/DEBUG] [FML]: Examining file: Fapcraft_1.12.2_v1.1.jar
[22:10:31] [main/DEBUG] [FML]: Examining file: DungeonsMod-1.12.2-1.0.8.jar
[22:10:31] [main/DEBUG] [FML]: Examining file: BattleTowers-1.12.2.jar
[22:10:32] [main/DEBUG] [FML]: Enabling runtime deobfuscation
[22:10:32] [main/DEBUG] [FML]: Instantiating coremod class FMLCorePlugin
[22:10:32] [main/DEBUG] [FML]: Found signing certificates for coremod FMLCorePlugin (net.minecraftforge.fml.relauncher.FMLCorePlugin)
[22:10:32] [main/DEBUG] [FML]: Found certificate e3c3d50c7c986df74c645c0ac54639741c90a557
[22:10:32] [main/DEBUG] [FML]: Added access transformer class net.minecraftforge.fml.common.asm.transformers.AccessTransformer to enqueued access transformers
[22:10:32] [main/DEBUG] [FML]: Enqueued coremod FMLCorePlugin
[22:10:32] [main/DEBUG] [FML]: Instantiating coremod class FMLForgePlugin
[22:10:32] [main/DEBUG] [FML]: Found signing certificates for coremod FMLForgePlugin (net.minecraftforge.classloading.FMLForgePlugin)
[22:10:32] [main/DEBUG] [FML]: Found certificate e3c3d50c7c986df74c645c0ac54639741c90a557
[22:10:32] [main/DEBUG] [FML]: Enqueued coremod FMLForgePlugin
[22:10:32] [main/DEBUG] [FML]: All fundamental core mods are successfully located
[22:10:32] [main/DEBUG] [FML]: Discovering coremods
[22:10:32] [main/INFO] [FML]: Searching /workspaces/oiu/servidor_minecraft/./mods for mods
[22:10:32] [main/DEBUG] [FML]:   Adding jei_1.12.2-4.16.1.1013.jar to the mod list
[22:10:32] [main/DEBUG] [FML]:   Adding TravelersBackpack-1.12.2-1.0.35.jar to the mod list
[22:10:32] [main/DEBUG] [FML]:   Adding Fapcraft_1.12.2_v1.1.jar to the mod list
[22:10:32] [main/DEBUG] [FML]:   Adding DungeonsMod-1.12.2-1.0.8.jar to the mod list
[22:10:32] [main/DEBUG] [FML]:   Adding BattleTowers-1.12.2.jar to the mod list
[22:10:32] [main/DEBUG] [FML]: Examining for coremod candidacy BattleTowers-1.12.2.jar
[22:10:32] [main/DEBUG] [FML]: Not found coremod data in BattleTowers-1.12.2.jar
[22:10:32] [main/DEBUG] [FML]: Examining for coremod candidacy DungeonsMod-1.12.2-1.0.8.jar
[22:10:32] [main/DEBUG] [FML]: Not found coremod data in DungeonsMod-1.12.2-1.0.8.jar
[22:10:32] [main/DEBUG] [FML]: Examining for coremod candidacy Fapcraft_1.12.2_v1.1.jar
[22:10:32] [main/DEBUG] [FML]: Not found coremod data in Fapcraft_1.12.2_v1.1.jar
[22:10:32] [main/DEBUG] [FML]: Examining for coremod candidacy jei_1.12.2-4.16.1.1013.jar
[22:10:32] [main/DEBUG] [FML]: Not found coremod data in jei_1.12.2-4.16.1.1013.jar
[22:10:32] [main/DEBUG] [FML]: Examining for coremod candidacy TravelersBackpack-1.12.2-1.0.35.jar
[22:10:32] [main/DEBUG] [FML]: Not found coremod data in TravelersBackpack-1.12.2-1.0.35.jar
[22:10:32] [main/INFO] [LaunchWrapper]: Loading tweak class name net.minecraftforge.fml.common.launcher.FMLInjectionAndSortingTweaker
[22:10:32] [main/INFO] [LaunchWrapper]: Loading tweak class name net.minecraftforge.fml.common.launcher.FMLDeobfTweaker
[22:10:32] [main/INFO] [LaunchWrapper]: Calling tweak class net.minecraftforge.fml.common.launcher.FMLInjectionAndSortingTweaker
[22:10:32] [main/INFO] [LaunchWrapper]: Calling tweak class net.minecraftforge.fml.common.launcher.FMLInjectionAndSortingTweaker
[22:10:32] [main/INFO] [LaunchWrapper]: Calling tweak class net.minecraftforge.fml.relauncher.CoreModManager$FMLPluginWrapper
[22:10:32] [main/DEBUG] [FML]: Injecting coremod FMLCorePlugin \{net.minecraftforge.fml.relauncher.FMLCorePlugin\} class transformers
[22:10:32] [main/TRACE] [FML]: Registering transformer net.minecraftforge.fml.common.asm.transformers.SideTransformer
[22:10:32] [main/TRACE] [FML]: Registering transformer net.minecraftforge.fml.common.asm.transformers.EventSubscriptionTransformer
[22:10:32] [main/TRACE] [FML]: Registering transformer net.minecraftforge.fml.common.asm.transformers.EventSubscriberTransformer
[22:10:32] [main/TRACE] [FML]: Registering transformer net.minecraftforge.fml.common.asm.transformers.SoundEngineFixTransformer
[22:10:32] [main/DEBUG] [FML]: Injection complete
[22:10:32] [main/DEBUG] [FML]: Running coremod plugin for FMLCorePlugin \{net.minecraftforge.fml.relauncher.FMLCorePlugin\}
[22:10:32] [main/DEBUG] [FML]: Running coremod plugin FMLCorePlugin
[22:10:32] [main/DEBUG] [FML]: Read 1154 binary patches
[22:10:33] [main/DEBUG] [FML]: Loading deobfuscation resource /deobfuscation_data-1.12.2.lzma with 36076 records
[22:10:33] [main/INFO] [FML]: Found valid fingerprint for Minecraft Forge. Certificate fingerprint e3c3d50c7c986df74c645c0ac54639741c90a557
[22:10:33] [main/DEBUG] [FML]: Coremod plugin class FMLCorePlugin run successfully
[22:10:33] [main/INFO] [LaunchWrapper]: Calling tweak class net.minecraftforge.fml.relauncher.CoreModManager$FMLPluginWrapper
[22:10:33] [main/DEBUG] [FML]: Injecting coremod FMLForgePlugin \{net.minecraftforge.classloading.FMLForgePlugin\} class transformers
[22:10:33] [main/DEBUG] [FML]: Injection complete
[22:10:33] [main/DEBUG] [FML]: Running coremod plugin for FMLForgePlugin \{net.minecraftforge.classloading.FMLForgePlugin\}
[22:10:33] [main/DEBUG] [FML]: Running coremod plugin FMLForgePlugin
[22:10:33] [main/DEBUG] [FML]: Coremod plugin class FMLForgePlugin run successfully
[22:10:33] [main/INFO] [LaunchWrapper]: Calling tweak class net.minecraftforge.fml.common.launcher.FMLDeobfTweaker
[22:10:33] [main/DEBUG] [FML]: Loaded 215 rules from AccessTransformer config file forge_at.cfg
[22:10:33] [main/DEBUG] [FML]: Loaded 13 rules from AccessTransformer mod jar file ./mods/jei_1.12.2-4.16.1.1013.jar!META-INF/jei_at.cfg

[22:10:33] [main/DEBUG] [FML]: Validating minecraft
[22:10:34] [main/DEBUG] [FML]: Minecraft validated, launching...
[22:10:34] [main/INFO] [LaunchWrapper]: Loading tweak class name net.minecraftforge.fml.common.launcher.TerminalTweaker
[22:10:34] [main/INFO] [LaunchWrapper]: Calling tweak class net.minecraftforge.fml.common.launcher.TerminalTweaker
[22:10:34] [main/INFO] [LaunchWrapper]: Launching wrapped minecraft {net.minecraft.server.MinecraftServer}
[22:10:36] [main/DEBUG] [FML]: Creating vanilla freeze snapshot
[22:10:36] [main/DEBUG] [FML]: Vanilla freeze snapshot created
[22:10:36] [Server thread/INFO] [net.minecraft.server.dedicated.DedicatedServer]: Starting minecraft server version 1.12.2
[22:10:36] [Server thread/INFO] [FML]: MinecraftForge v14.23.5.2860 Initialized
[22:10:36] [Server thread/INFO] [FML]: Starts to replace vanilla recipe ingredients with ore ingredients.
[22:10:37] [Server thread/INFO] [FML]: Invalid recipe found with multiple oredict ingredients in the same ingredient...
[22:10:37] [Server thread/INFO] [FML]: Replaced 1227 ore ingredients
[22:10:37] [Server thread/DEBUG] [FML]: File /workspaces/oiu/servidor_minecraft/config/injectedDependencies.json not found. No dependencies injected
[22:10:37] [Server thread/DEBUG] [FML]: Building injected Mod Containers [net.minecraftforge.fml.common.FMLContainer, net.minecraftforge.common.ForgeModContainer]
[22:10:37] [Server thread/DEBUG] [FML]: Attempting to load mods contained in the minecraft jar file and associated classes
[22:10:37] [Server thread/DEBUG] [FML]: Minecraft is a file at /workspaces/oiu/servidor_minecraft/forge-1.12.2-14.23.5.2860.jar, loading
[22:10:37] [Server thread/DEBUG] [FML]: Minecraft jar mods loaded successfully
[22:10:37] [Server thread/INFO] [FML]: Searching /workspaces/oiu/servidor_minecraft/./mods for mods
[22:10:37] [Server thread/DEBUG] [FML]:   Adding jei_1.12.2-4.16.1.1013.jar to the mod list
[22:10:37] [Server thread/DEBUG] [FML]:   Adding TravelersBackpack-1.12.2-1.0.35.jar to the mod list
[22:10:37] [Server thread/DEBUG] [FML]:   Adding Fapcraft_1.12.2_v1.1.jar to the mod list
[22:10:37] [Server thread/DEBUG] [FML]:   Adding DungeonsMod-1.12.2-1.0.8.jar to the mod list
[22:10:37] [Server thread/DEBUG] [FML]:   Adding BattleTowers-1.12.2.jar to the mod list
[22:10:37] [Server thread/DEBUG] [FML]: Found a candidate zip or jar file BattleTowers-1.12.2.jar
[22:10:37] [Server thread/DEBUG] [FML]: Found a candidate zip or jar file DungeonsMod-1.12.2-1.0.8.jar
[22:10:37] [Server thread/DEBUG] [FML]: Found a candidate zip or jar file Fapcraft_1.12.2_v1.1.jar
[22:10:37] [Server thread/DEBUG] [FML]: Found a candidate zip or jar file jei_1.12.2-4.16.1.1013.jar
[22:10:37] [Server thread/DEBUG] [FML]: Found a candidate zip or jar file TravelersBackpack-1.12.2-1.0.35.jar
[22:10:37] [Server thread/DEBUG] [FML]: Examining file forge-1.12.2-14.23.5.2860.jar for potential mods
[22:10:37] [Server thread/DEBUG] [FML]: The mod container forge-1.12.2-14.23.5.2860.jar appears to be missing an mcmod.info file
[22:10:37] [Server thread/DEBUG] [FML]: Examining file BattleTowers-1.12.2.jar for potential mods
[22:10:37] [Server thread/TRACE] [FML]: Located mcmod.info file in file BattleTowers-1.12.2.jar
[22:10:37] [Server thread/DEBUG] [FML]: Identified a mod of type Lnet/minecraftforge/fml/common/Mod; (atomicstryker.battletowers.common.AS_BattleTowersCore) - loading
[22:10:37] [Server thread/TRACE] [FML]: Parsed dependency info for battletowers: Requirements: [] After:[] Before:[]
[22:10:37] [Server thread/DEBUG] [FML]: Examining file DungeonsMod-1.12.2-1.0.8.jar for potential mods
[22:10:37] [Server thread/TRACE] [FML]: Located mcmod.info file in file DungeonsMod-1.12.2-1.0.8.jar
[22:10:37] [Server thread/DEBUG] [FML]: Identified a mod of type Lnet/minecraftforge/fml/common/Mod; (com.dainxt.dungeonsmod.DungeonsMod) - loading
[22:10:37] [Server thread/TRACE] [FML]: Parsed dependency info for dungeonsmod: Requirements: [] After:[] Before:[]
[22:10:37] [Server thread/DEBUG] [FML]: Examining file Fapcraft_1.12.2_v1.1.jar for potential mods
[22:10:37] [Server thread/TRACE] [FML]: Located mcmod.info file in file Fapcraft_1.12.2_v1.1.jar
[22:10:37] [Server thread/DEBUG] [FML]: Identified a mod of type Lnet/minecraftforge/fml/common/Mod; (com.trolmastercard.sexmod.Main) - loading
[22:10:37] [Server thread/TRACE] [FML]: Parsed dependency info for sexmod: Requirements: [] After:[geckolib] Before:[]
[22:10:37] [Server thread/DEBUG] [FML]: Identified a mod of type Lnet/minecraftforge/fml/common/Mod; (software.bernie.example.GeckoLibMod) - loading
[22:10:37] [Server thread/TRACE] [FML]: Parsed dependency info for geckolib3: Requirements: [] After:[] Before:[]
[22:10:37] [Server thread/INFO] [FML]: Mod geckolib3 is missing the required element 'name'. Substituting geckolib3
[22:10:38] [Server thread/DEBUG] [FML]: Examining file jei_1.12.2-4.16.1.1013.jar for potential mods
[22:10:38] [Server thread/TRACE] [FML]: Located mcmod.info file in file jei_1.12.2-4.16.1.1013.jar
[22:10:38] [Server thread/DEBUG] [FML]: Identified a mod of type Lnet/minecraftforge/fml/common/Mod; (mezz.jei.JustEnoughItems) - loading
[22:10:38] [Server thread/TRACE] [FML]: Parsed dependency info for jei: Requirements: [forge@[14.23.5.2816,)] After:[forge@[14.23.5.2816,)] Before:[]
[22:10:38] [Server thread/DEBUG] [FML]: Examining file TravelersBackpack-1.12.2-1.0.35.jar for potential mods
[22:10:38] [Server thread/TRACE] [FML]: Located mcmod.info file in file TravelersBackpack-1.12.2-1.0.35.jar
[22:10:38] [Server thread/DEBUG] [FML]: Identified a mod of type Lnet/minecraftforge/fml/common/Mod; (com.tiviacz.travelersbackpack.TravelersBackpack) - loading
[22:10:38] [Server thread/TRACE] [FML]: Parsed dependency info for travelersbackpack: Requirements: [] After:[] Before:[]
[22:10:38] [Server thread/INFO] [FML]: Forge Mod Loader has identified 10 mods to load
[22:10:38] [Server thread/DEBUG] [FML]: Found API mezz.jei.api (owned by jei providing JustEnoughItemsAPI) embedded in jei
[22:10:38] [Server thread/DEBUG] [FML]: Creating API container dummy for API JustEnoughItemsAPI: owner: jei, dependents: []
[22:10:38] [Server thread/TRACE] [FML]: Received a system property request ''
[22:10:38] [Server thread/TRACE] [FML]: System property request managing the state of 0 mods
[22:10:38] [Server thread/DEBUG] [FML]: After merging, found state information for 0 mods
[22:10:38] [Server thread/WARN] [FML]: Missing English translation for FML: assets/fml/lang/en_us.lang
[22:10:38] [Server thread/DEBUG] [FML]: Enabling mod battletowers
[22:10:38] [Server thread/DEBUG] [FML]: Enabling mod dungeonsmod
[22:10:38] [Server thread/DEBUG] [FML]: Enabling mod sexmod
[22:10:38] [Server thread/DEBUG] [FML]: Enabling mod geckolib3
[22:10:38] [Server thread/WARN] [FML]: Missing English translation for geckolib3: assets/geckolib3/lang/en_us.lang
[22:10:38] [Server thread/DEBUG] [FML]: Enabling mod jei
[22:10:38] [Server thread/DEBUG] [FML]: Enabling mod travelersbackpack
[22:10:38] [Server thread/TRACE] [FML]: Verifying mod requirements are satisfied
[22:10:38] [Server thread/TRACE] [FML]: All mod requirements are satisfied
[22:10:38] [Server thread/TRACE] [FML]: Sorting mods into an ordered list
[22:10:38] [Server thread/TRACE] [FML]: Mod sorting completed successfully
[22:10:38] [Server thread/DEBUG] [FML]: Mod sorting data
[22:10:38] [Server thread/DEBUG] [FML]: 	battletowers(Battle Towers:1.6.5): BattleTowers-1.12.2.jar ()
[22:10:38] [Server thread/DEBUG] [FML]: 	dungeonsmod(Dungeons Mod:@VERSION@): DungeonsMod-1.12.2-1.0.8.jar ()
[22:10:38] [Server thread/DEBUG] [FML]: 	sexmod(Fapcraft:1.1.0): Fapcraft_1.12.2_v1.1.jar (after:geckolib)
[22:10:38] [Server thread/DEBUG] [FML]: 	geckolib3(geckolib3:3.0.30): Fapcraft_1.12.2_v1.1.jar ()
[22:10:38] [Server thread/DEBUG] [FML]: 	jei(Just Enough Items:4.16.1.1013): jei_1.12.2-4.16.1.1013.jar (required-after:forge@[14.23.5.2816,);)
[22:10:38] [Server thread/DEBUG] [FML]: 	travelersbackpack(Traveler's Backpack:1.0.35): TravelersBackpack-1.12.2-1.0.35.jar ()
[22:10:38] [Server thread/DEBUG] [FML]: 	JustEnoughItemsAPI(API: JustEnoughItemsAPI:4.13.0): jei_1.12.2-4.16.1.1013.jar ()
[22:10:38] [Server thread/DEBUG] [FML]: Loading @Config anotation data
[22:10:38] [Server thread/TRACE] [FML]: Sending event FMLConstructionEvent to mod minecraft
[22:10:38] [Server thread/TRACE] [FML]: Sent event FMLConstructionEvent to mod minecraft
[22:10:38] [Server thread/DEBUG] [FML]: Bar Step: Construction - Minecraft took 0.002s
[22:10:38] [Server thread/TRACE] [FML]: Sending event FMLConstructionEvent to mod mcp
[22:10:38] [Server thread/TRACE] [FML]: Sent event FMLConstructionEvent to mod mcp
[22:10:38] [Server thread/DEBUG] [FML]: Bar Step: Construction - Minecraft Coder Pack took 0.001s
[22:10:38] [Server thread/TRACE] [FML]: Sending event FMLConstructionEvent to mod FML
[22:10:38] [Server thread/TRACE] [FML]: Mod FML is using network checker : Invoking method checkModLists
[22:10:38] [Server thread/TRACE] [FML]: Testing mod FML to verify it accepts its own version in a remote connection
[22:10:38] [Server thread/TRACE] [FML]: The mod FML accepts its own version (8.0.99.99)
[22:10:38] [Server thread/INFO] [FML]: Attempting connection with missing mods [minecraft, mcp, FML, forge, battletowers, dungeonsmod, sexmod, geckolib3, jei, travelersbackpack] at CLIENT
[22:10:38] [Server thread/INFO] [FML]: Attempting connection with missing mods [minecraft, mcp, FML, forge, battletowers, dungeonsmod, sexmod, geckolib3, jei, travelersbackpack] at SERVER
[22:10:38] [Server thread/TRACE] [FML]: Sent event FMLConstructionEvent to mod FML
[22:10:38] [Server thread/DEBUG] [FML]: Bar Step: Construction - Forge Mod Loader took 0.477s
[22:10:38] [Server thread/TRACE] [FML]: Sending event FMLConstructionEvent to mod forge
[22:10:38] [Server thread/DEBUG] [forge]: Loading Vanilla annotations: null
[22:10:38] [Server thread/DEBUG] [forge]: Preloading CrashReport Classes
[22:10:38] [Server thread/DEBUG] [forge]: 	net/minecraftforge/common/util/TextTable
[22:10:38] [Server thread/DEBUG] [forge]: 	net/minecraftforge/common/util/TextTable$Alignment
[22:10:38] [Server thread/DEBUG] [forge]: 	net/minecraftforge/common/util/TextTable$Column
[22:10:38] [Server thread/DEBUG] [forge]: 	net/minecraftforge/common/util/TextTable$Row
[22:10:38] [Server thread/DEBUG] [forge]: 	net/minecraftforge/fml/client/SplashProgress$1
[22:10:38] [Server thread/DEBUG] [forge]: 	net/minecraftforge/fml/common/FMLCommonHandler$1
[22:10:38] [Server thread/DEBUG] [forge]: 	net/minecraftforge/fml/common/Loader$1
[22:10:38] [Server thread/TRACE] [FML]: Mod forge is using network checker : No network checking performed
[22:10:38] [Server thread/TRACE] [FML]: Testing mod forge to verify it accepts its own version in a remote connection
[22:10:38] [Server thread/TRACE] [FML]: The mod forge accepts its own version (14.23.5.2860)
[22:10:38] [Server thread/DEBUG] [FML]: Attempting to inject @Config classes into forge for type INSTANCE
[22:10:38] [Server thread/TRACE] [FML]: Sent event FMLConstructionEvent to mod forge
[22:10:38] [Server thread/DEBUG] [FML]: Bar Step: Construction - Minecraft Forge took 0.028s
[22:10:38] [Server thread/TRACE] [FML]: Sending event FMLConstructionEvent to mod battletowers
[22:10:38] [Server thread/TRACE] [FML]: Mod battletowers is using network checker : Accepting version 1.6.5
[22:10:38] [Server thread/TRACE] [FML]: Testing mod battletowers to verify it accepts its own version in a remote connection
[22:10:38] [Server thread/TRACE] [FML]: The mod battletowers accepts its own version (1.6.5)
[22:10:38] [Server thread/DEBUG] [FML]: Attempting to inject @SidedProxy classes into battletowers
[22:10:38] [Server thread/DEBUG] [FML]: Attempting to inject @EventBusSubscriber classes into the eventbus for battletowers
[22:10:38] [Server thread/DEBUG] [FML]: Registering @EventBusSubscriber for atomicstryker.battletowers.common.AS_BattleTowersCore$RegistrationHandler for mod battletowers
[22:10:38] [Server thread/DEBUG] [FML]: Injected @EventBusSubscriber class atomicstryker.battletowers.common.AS_BattleTowersCore$RegistrationHandler
[22:10:38] [Server thread/DEBUG] [FML]: Attempting to inject @Config classes into battletowers for type INSTANCE
[22:10:38] [Server thread/TRACE] [FML]: Sent event FMLConstructionEvent to mod battletowers
[22:10:38] [Server thread/DEBUG] [FML]: Bar Step: Construction - Battle Towers took 0.031s
[22:10:38] [Server thread/TRACE] [FML]: Sending event FMLConstructionEvent to mod dungeonsmod
[22:10:38] [Server thread/TRACE] [FML]: Mod dungeonsmod is using network checker : Accepting version @VERSION@
[22:10:38] [Server thread/TRACE] [FML]: Testing mod dungeonsmod to verify it accepts its own version in a remote connection
[22:10:38] [Server thread/TRACE] [FML]: The mod dungeonsmod accepts its own version (@VERSION@)
[22:10:38] [Server thread/DEBUG] [FML]: Attempting to inject @SidedProxy classes into dungeonsmod
[22:10:38] [Server thread/DEBUG] [FML]: Attempting to inject @EventBusSubscriber classes into the eventbus for dungeonsmod
[22:10:38] [Server thread/DEBUG] [FML]: Registering @EventBusSubscriber for com.dainxt.dungeonsmod.util.handlers.ItemRegisterEvent for mod dungeonsmod
[22:10:38] [Server thread/DEBUG] [FML]: Injected @EventBusSubscriber class com.dainxt.dungeonsmod.util.handlers.ItemRegisterEvent
[22:10:38] [Server thread/DEBUG] [FML]: Registering @EventBusSubscriber for com.dainxt.dungeonsmod.init.ProfessionsInit$RegistrationHandler for mod dungeonsmod
[22:10:38] [Server thread/DEBUG] [FML]: Injected @EventBusSubscriber class com.dainxt.dungeonsmod.init.ProfessionsInit$RegistrationHandler
[22:10:38] [Server thread/DEBUG] [FML]: Registering @EventBusSubscriber for com.dainxt.dungeonsmod.util.handlers.RegistryHandler for mod dungeonsmod
[22:10:38] [Server thread/DEBUG] [FML]: Injected @EventBusSubscriber class com.dainxt.dungeonsmod.util.handlers.RegistryHandler
[22:10:38] [Server thread/DEBUG] [FML]: Attempting to inject @Config classes into dungeonsmod for type INSTANCE
[22:10:38] [Server thread/TRACE] [FML]: Sent event FMLConstructionEvent to mod dungeonsmod
[22:10:38] [Server thread/DEBUG] [FML]: Bar Step: Construction - Dungeons Mod took 0.037s
[22:10:38] [Server thread/TRACE] [FML]: Sending event FMLConstructionEvent to mod sexmod
[22:10:39] [Server thread/TRACE] [FML]: Mod sexmod is using network checker : Accepting version 1.1.0
[22:10:39] [Server thread/TRACE] [FML]: Testing mod sexmod to verify it accepts its own version in a remote connection
[22:10:39] [Server thread/TRACE] [FML]: The mod sexmod accepts its own version (1.1.0)
[22:10:39] [Server thread/DEBUG] [FML]: Attempting to inject @SidedProxy classes into sexmod
[22:10:39] [Server thread/DEBUG] [FML]: Attempting to inject @EventBusSubscriber classes into the eventbus for sexmod
[22:10:39] [Server thread/DEBUG] [FML]: Attempting to inject @Config classes into sexmod for type INSTANCE
[22:10:39] [Server thread/TRACE] [FML]: Sent event FMLConstructionEvent to mod sexmod
[22:10:39] [Server thread/DEBUG] [FML]: Bar Step: Construction - Fapcraft took 0.011s
[22:10:39] [Server thread/TRACE] [FML]: Sending event FMLConstructionEvent to mod geckolib3
[22:10:39] [Server thread/TRACE] [FML]: Mod geckolib3 is using network checker : Accepting version 3.0.30
[22:10:39] [Server thread/TRACE] [FML]: Testing mod geckolib3 to verify it accepts its own version in a remote connection
[22:10:39] [Server thread/TRACE] [FML]: The mod geckolib3 accepts its own version (3.0.30)
[22:10:39] [Server thread/DEBUG] [FML]: Attempting to inject @SidedProxy classes into geckolib3
[22:10:39] [Server thread/DEBUG] [FML]: Skipping proxy injection for com.trolmastercard.sexmod.Main.proxy since it is not for mod geckolib3
[22:10:39] [Server thread/DEBUG] [FML]: Attempting to inject @EventBusSubscriber classes into the eventbus for geckolib3
[22:10:39] [Server thread/DEBUG] [FML]: Attempting to inject @Config classes into geckolib3 for type INSTANCE
[22:10:39] [Server thread/DEBUG] [FML]: Skipping @net.minecraftforge.fml.common.Mod$Instance injection for com.trolmastercard.sexmod.Main.instance since it is not for mod geckolib3
[22:10:39] [Server thread/TRACE] [FML]: Sent event FMLConstructionEvent to mod geckolib3
[22:10:39] [Server thread/DEBUG] [FML]: Bar Step: Construction - geckolib3 took 0.004s
[22:10:39] [Server thread/TRACE] [FML]: Sending event FMLConstructionEvent to mod jei
[22:10:39] [Server thread/TRACE] [FML]: Mod jei is using network checker : Invoking method checkModLists
[22:10:39] [Server thread/TRACE] [FML]: Testing mod jei to verify it accepts its own version in a remote connection
[22:10:39] [Server thread/TRACE] [FML]: The mod jei accepts its own version (4.16.1.1013)
[22:10:39] [Server thread/DEBUG] [FML]: Attempting to inject @SidedProxy classes into jei
[22:10:39] [Server thread/DEBUG] [FML]: Attempting to inject @EventBusSubscriber classes into the eventbus for jei
[22:10:39] [Server thread/DEBUG] [FML]: Attempting to inject @Config classes into jei for type INSTANCE
[22:10:39] [Server thread/TRACE] [FML]: Sent event FMLConstructionEvent to mod jei
[22:10:39] [Server thread/DEBUG] [FML]: Bar Step: Construction - Just Enough Items took 0.005s
[22:10:39] [Server thread/TRACE] [FML]: Sending event FMLConstructionEvent to mod travelersbackpack
[22:10:39] [Server thread/TRACE] [FML]: Mod travelersbackpack is using network checker : Accepting version 1.0.35
[22:10:39] [Server thread/TRACE] [FML]: Testing mod travelersbackpack to verify it accepts its own version in a remote connection
[22:10:39] [Server thread/TRACE] [FML]: The mod travelersbackpack accepts its own version (1.0.35)
[22:10:39] [Server thread/DEBUG] [FML]: Attempting to inject @SidedProxy classes into travelersbackpack
[22:10:39] [Server thread/DEBUG] [FML]: Attempting to inject @EventBusSubscriber classes into the eventbus for travelersbackpack
[22:10:39] [Server thread/DEBUG] [FML]: Registering @EventBusSubscriber for com.tiviacz.travelersbackpack.handlers.CommonEventHandler for mod travelersbackpack
[22:10:39] [Server thread/DEBUG] [FML]: Injected @EventBusSubscriber class com.tiviacz.travelersbackpack.handlers.CommonEventHandler
[22:10:39] [Server thread/DEBUG] [FML]: Registering @EventBusSubscriber for com.tiviacz.travelersbackpack.handlers.PlayerEventHandler for mod travelersbackpack
[22:10:39] [Server thread/DEBUG] [FML]: Injected @EventBusSubscriber class com.tiviacz.travelersbackpack.handlers.PlayerEventHandler
[22:10:39] [Server thread/DEBUG] [FML]: Attempting to inject @Config classes into travelersbackpack for type INSTANCE
[22:10:39] [Server thread/TRACE] [FML]: Sent event FMLConstructionEvent to mod travelersbackpack
[22:10:39] [Server thread/DEBUG] [FML]: Bar Step: Construction - Traveler's Backpack took 0.036s
[22:10:39] [Server thread/DEBUG] [FML]: Bar Finished: Construction took 0.631s
[22:10:39] [Server thread/DEBUG] [FML]: Mod signature data
[22:10:39] [Server thread/DEBUG] [FML]:  	Valid Signatures:
[22:10:39] [Server thread/DEBUG] [FML]: 		(e3c3d50c7c986df74c645c0ac54639741c90a557) FML	(Forge Mod Loader	8.0.99.99)	forge-1.12.2-14.23.5.2860.jar
[22:10:39] [Server thread/DEBUG] [FML]: 		(e3c3d50c7c986df74c645c0ac54639741c90a557) forge	(Minecraft Forge	14.23.5.2860)	forge-1.12.2-14.23.5.2860.jar
[22:10:39] [Server thread/DEBUG] [FML]:  	Missing Signatures:
[22:10:39] [Server thread/DEBUG] [FML]: 		minecraft	(Minecraft	1.12.2)	minecraft.jar
[22:10:39] [Server thread/DEBUG] [FML]: 		mcp	(Minecraft Coder Pack	9.42)	minecraft.jar
[22:10:39] [Server thread/DEBUG] [FML]: 		battletowers	(Battle Towers	1.6.5)	BattleTowers-1.12.2.jar
[22:10:39] [Server thread/DEBUG] [FML]: 		dungeonsmod	(Dungeons Mod	@VERSION@)	DungeonsMod-1.12.2-1.0.8.jar
[22:10:39] [Server thread/DEBUG] [FML]: 		sexmod	(Fapcraft	1.1.0)	Fapcraft_1.12.2_v1.1.jar
[22:10:39] [Server thread/DEBUG] [FML]: 		geckolib3	(geckolib3	3.0.30)	Fapcraft_1.12.2_v1.1.jar
[22:10:39] [Server thread/DEBUG] [FML]: 		jei	(Just Enough Items	4.16.1.1013)	jei_1.12.2-4.16.1.1013.jar
[22:10:39] [Server thread/DEBUG] [FML]: 		travelersbackpack	(Traveler's Backpack	1.0.35)	TravelersBackpack-1.12.2-1.0.35.jar
[22:10:39] [Server thread/INFO] [FML]: Processing ObjectHolder annotations
[22:10:39] [Server thread/INFO] [FML]: Found 1177 ObjectHolder annotations
[22:10:39] [Server thread/INFO] [FML]: Identifying ItemStackHolder annotations
[22:10:39] [Server thread/INFO] [FML]: Found 0 ItemStackHolder annotations
[22:10:39] [Server thread/TRACE] [FML]: Sending event FMLPreInitializationEvent to mod minecraft
[22:10:39] [Server thread/TRACE] [FML]: Sent event FMLPreInitializationEvent to mod minecraft
[22:10:39] [Server thread/DEBUG] [FML]: Bar Step: PreInitialization - Minecraft took 0.000s
[22:10:39] [Server thread/TRACE] [FML]: Sending event FMLPreInitializationEvent to mod mcp
[22:10:39] [Server thread/TRACE] [FML]: Sent event FMLPreInitializationEvent to mod mcp
[22:10:39] [Server thread/DEBUG] [FML]: Bar Step: PreInitialization - Minecraft Coder Pack took 0.001s
[22:10:39] [Server thread/TRACE] [FML]: Sending event FMLPreInitializationEvent to mod FML
[22:10:39] [Server thread/TRACE] [FML]: Sent event FMLPreInitializationEvent to mod FML
[22:10:39] [Server thread/DEBUG] [FML]: Bar Step: PreInitialization - Forge Mod Loader took 0.000s
[22:10:39] [Server thread/TRACE] [FML]: Sending event FMLPreInitializationEvent to mod forge
[22:10:39] [Server thread/INFO] [FML]: Configured a dormant chunk cache size of 0
[22:10:39] [Server thread/TRACE] [FML]: Sent event FMLPreInitializationEvent to mod forge
[22:10:39] [Server thread/DEBUG] [FML]: Bar Step: PreInitialization - Minecraft Forge took 0.053s
[22:10:39] [Server thread/TRACE] [FML]: Sending event FMLPreInitializationEvent to mod battletowers
[22:10:39] [Forge Version Check/INFO] [forge.VersionCheck]: [forge] Starting version check at http://files.minecraftforge.net/maven/net/minecraftforge/forge/promotions_slim.json
[22:10:39] [Server thread/TRACE] [FML]: Sent event FMLPreInitializationEvent to mod battletowers
[22:10:39] [Server thread/DEBUG] [FML]: Bar Step: PreInitialization - Battle Towers took 0.018s
[22:10:39] [Server thread/TRACE] [FML]: Sending event FMLPreInitializationEvent to mod dungeonsmod
[22:10:39] [Server thread/TRACE] [FML]: Automatically registered mod dungeonsmod entity Rogue as dungeonsmod:rogue
[22:10:39] [Server thread/TRACE] [FML]: Automatically registered mod dungeonsmod entity Anthermite as dungeonsmod:anthermite
[22:10:39] [Server thread/TRACE] [FML]: Automatically registered mod dungeonsmod entity Mimic as dungeonsmod:mimic
[22:10:39] [Server thread/TRACE] [FML]: Automatically registered mod dungeonsmod entity Crawler as dungeonsmod:crawler
[22:10:39] [Server thread/TRACE] [FML]: Automatically registered mod dungeonsmod entity Slimond as dungeonsmod:slimond
[22:10:39] [Server thread/TRACE] [FML]: Automatically registered mod dungeonsmod entity Piranha as dungeonsmod:piranha
[22:10:39] [Server thread/TRACE] [FML]: Automatically registered mod dungeonsmod entity Shark as dungeonsmod:shark
[22:10:39] [Server thread/TRACE] [FML]: Automatically registered mod dungeonsmod entity Kraken as dungeonsmod:kraken
[22:10:39] [Server thread/TRACE] [FML]: Automatically registered mod dungeonsmod entity King as dungeonsmod:king
[22:10:39] [Server thread/TRACE] [FML]: Automatically registered mod dungeonsmod entity Deserted as dungeonsmod:deserted
[22:10:39] [Server thread/TRACE] [FML]: Automatically registered mod dungeonsmod entity Traveler as dungeonsmod:traveler
[22:10:39] [Server thread/TRACE] [FML]: Automatically registered mod dungeonsmod entity IronSlime as dungeonsmod:ironslime
[22:10:39] [Server thread/TRACE] [FML]: Automatically registered mod dungeonsmod entity KingGuard as dungeonsmod:kingguard
[22:10:39] [Server thread/TRACE] [FML]: Automatically registered mod dungeonsmod entity Ninja as dungeonsmod:ninja
[22:10:39] [Server thread/TRACE] [FML]: Automatically registered mod dungeonsmod entity Refractor as dungeonsmod:refractor
[22:10:39] [Server thread/TRACE] [FML]: Automatically registered mod dungeonsmod entity Scientist as dungeonsmod:scientist
[22:10:39] [Server thread/TRACE] [FML]: Automatically registered mod dungeonsmod entity Phoenix as dungeonsmod:phoenix
[22:10:39] [Server thread/TRACE] [FML]: Automatically registered mod dungeonsmod entity Sun as dungeonsmod:sun
[22:10:39] [Server thread/TRACE] [FML]: Automatically registered mod dungeonsmod entity Slimewolf as dungeonsmod:slimewolf
[22:10:39] [Server thread/TRACE] [FML]: Sent event FMLPreInitializationEvent to mod dungeonsmod
[22:10:39] [Server thread/DEBUG] [FML]: Bar Step: PreInitialization - Dungeons Mod took 0.073s
[22:10:39] [Server thread/TRACE] [FML]: Sending event FMLPreInitializationEvent to mod sexmod
[22:10:39] [Server thread/TRACE] [FML]: Automatically registered mod sexmod entity jenny as sexmod:jenny
[22:10:39] [Server thread/TRACE] [FML]: Automatically registered mod sexmod entity ellie as sexmod:ellie
[22:10:39] [Server thread/TRACE] [FML]: Automatically registered mod sexmod entity slime as sexmod:slime
[22:10:39] [Server thread/TRACE] [FML]: Automatically registered mod sexmod entity bia as sexmod:bia
[22:10:39] [Server thread/TRACE] [FML]: Automatically registered mod sexmod entity bee as sexmod:bee
[22:10:39] [Server thread/TRACE] [FML]: Automatically registered mod sexmod entity luna as sexmod:luna
[22:10:39] [Server thread/TRACE] [FML]: Automatically registered mod sexmod entity allie as sexmod:allie
[22:10:39] [Server thread/TRACE] [FML]: Automatically registered mod sexmod entity kobold as sexmod:kobold
[22:10:39] [Server thread/TRACE] [FML]: Automatically registered mod sexmod entity kobold_egg as sexmod:kobold_egg
[22:10:39] [Server thread/TRACE] [FML]: Automatically registered mod sexmod entity goblin as sexmod:goblin
[22:10:39] [Server thread/TRACE] [FML]: Automatically registered mod sexmod entity galath as sexmod:galath
[22:10:39] [Server thread/TRACE] [FML]: Automatically registered mod sexmod entity manglelie as sexmod:manglelie
[22:10:39] [Server thread/TRACE] [FML]: Automatically registered mod sexmod entity custom_model as sexmod:custom_model
[22:10:39] [Server thread/TRACE] [FML]: Automatically registered mod sexmod entity player_jenny as sexmod:player_jenny
[22:10:39] [Server thread/TRACE] [FML]: Automatically registered mod sexmod entity player_ellie as sexmod:player_ellie
[22:10:39] [Server thread/TRACE] [FML]: Automatically registered mod sexmod entity player_slime as sexmod:player_slime
[22:10:39] [Server thread/TRACE] [FML]: Automatically registered mod sexmod entity player_bia as sexmod:player_bia
[22:10:39] [Server thread/TRACE] [FML]: Automatically registered mod sexmod entity player_bee as sexmod:player_bee
[22:10:39] [Server thread/TRACE] [FML]: Automatically registered mod sexmod entity player_allie as sexmod:player_allie
[22:10:39] [Server thread/TRACE] [FML]: Automatically registered mod sexmod entity player_kobold as sexmod:player_kobold
[22:10:39] [Server thread/TRACE] [FML]: Automatically registered mod sexmod entity player_goblin as sexmod:player_goblin
[22:10:39] [Server thread/TRACE] [FML]: Automatically registered mod sexmod entity player_luna as sexmod:player_luna
[22:10:39] [Server thread/TRACE] [FML]: Automatically registered mod sexmod entity player_galath as sexmod:player_galath
[22:10:39] [Server thread/TRACE] [FML]: Automatically registered mod sexmod entity friendly_slime as sexmod:friendly_slime
[22:10:39] [Server thread/TRACE] [FML]: Automatically registered mod sexmod entity luna_hook as sexmod:luna_hook
[22:10:39] [Server thread/TRACE] [FML]: Automatically registered mod sexmod entity energy_ball as sexmod:energy_ball
[22:10:39] [Server thread/TRACE] [FML]: Automatically registered mod sexmod entity pyrocinical as sexmod:pyrocinical
[22:10:39] [Server thread/TRACE] [FML]: Sent event FMLPreInitializationEvent to mod sexmod
[22:10:39] [Server thread/DEBUG] [FML]: Bar Step: PreInitialization - Fapcraft took 0.327s
[22:10:39] [Server thread/TRACE] [FML]: Sending event FMLPreInitializationEvent to mod geckolib3
[22:10:39] [Server thread/TRACE] [FML]: Sent event FMLPreInitializationEvent to mod geckolib3
[22:10:39] [Server thread/DEBUG] [FML]: Bar Step: PreInitialization - geckolib3 took 0.001s
[22:10:39] [Server thread/TRACE] [FML]: Sending event FMLPreInitializationEvent to mod jei
[22:10:39] [Server thread/TRACE] [FML]: Sent event FMLPreInitializationEvent to mod jei
[22:10:39] [Server thread/DEBUG] [FML]: Bar Step: PreInitialization - Just Enough Items took 0.017s
[22:10:39] [Server thread/TRACE] [FML]: Sending event FMLPreInitializationEvent to mod travelersbackpack
[22:10:39] [Server thread/INFO] [travelersbackpack]: Registered the class com.tiviacz.travelersbackpack.fluids.effects.EffectWater as a FluidEffect for water with the ID 0
[22:10:39] [Server thread/INFO] [travelersbackpack]: Registered the class com.tiviacz.travelersbackpack.fluids.effects.EffectLava as a FluidEffect for lava with the ID 1
[22:10:39] [Server thread/INFO] [travelersbackpack]: Registered the class com.tiviacz.travelersbackpack.fluids.effects.EffectMilk as a FluidEffect for milk with the ID 2
[22:10:39] [Server thread/INFO] [travelersbackpack]: Registered the class com.tiviacz.travelersbackpack.fluids.effects.EffectPotion as a FluidEffect for potion with the ID 3
[22:10:39] [Server thread/INFO] [travelersbackpack]: Starting the Integration Handler.
[22:10:39] [Server thread/INFO] [travelersbackpack]: Didn't find any possible mod integration(s)!
[22:10:39] [Server thread/TRACE] [FML]: Sent event FMLPreInitializationEvent to mod travelersbackpack
[22:10:39] [Server thread/DEBUG] [FML]: Bar Step: PreInitialization - Traveler's Backpack took 0.035s
[22:10:39] [Server thread/DEBUG] [FML]: Bar Finished: PreInitialization took 0.524s
[22:10:39] [Server thread/INFO] [FML]: Applying holder lookups
[22:10:39] [Server thread/DEBUG] [FML]: Unable to lookup dungeonsmod:traveler for public static net.minecraftforge.fml.common.registry.VillagerRegistry$VillagerProfession com.dainxt.dungeonsmod.init.ProfessionsInit.TRAVELER. This means the object wasn't registered. It's likely just mod options.
[22:10:39] [Server thread/DEBUG] [FML]: Unable to lookup battletowers:golem for public static net.minecraft.util.SoundEvent atomicstryker.battletowers.common.AS_BattleTowersCore.soundGolem. This means the object wasn't registered. It's likely just mod options.
[22:10:39] [Server thread/DEBUG] [FML]: Unable to lookup battletowers:golemawaken for public static net.minecraft.util.SoundEvent atomicstryker.battletowers.common.AS_BattleTowersCore.soundGolemAwaken. This means the object wasn't registered. It's likely just mod options.
[22:10:39] [Server thread/DEBUG] [FML]: Unable to lookup battletowers:golemdeath for public static net.minecraft.util.SoundEvent atomicstryker.battletowers.common.AS_BattleTowersCore.soundGolemDeath. This means the object wasn't registered. It's likely just mod options.
[22:10:39] [Server thread/DEBUG] [FML]: Unable to lookup battletowers:golemspecial for public static net.minecraft.util.SoundEvent atomicstryker.battletowers.common.AS_BattleTowersCore.soundGolemSpecial. This means the object wasn't registered. It's likely just mod options.
[22:10:39] [Server thread/DEBUG] [FML]: Unable to lookup battletowers:towercrumble for public static net.minecraft.util.SoundEvent atomicstryker.battletowers.common.AS_BattleTowersCore.soundTowerCrumble. This means the object wasn't registered. It's likely just mod options.
[22:10:39] [Server thread/DEBUG] [FML]: Unable to lookup battletowers:towerbreakstart for public static net.minecraft.util.SoundEvent atomicstryker.battletowers.common.AS_BattleTowersCore.soundTowerBreakStart. This means the object wasn't registered. It's likely just mod options.
[22:10:39] [Server thread/DEBUG] [FML]: Unable to lookup battletowers:golemhurt for public static net.minecraft.util.SoundEvent atomicstryker.battletowers.common.AS_BattleTowersCore.soundGolemHurt. This means the object wasn't registered. It's likely just mod options.
[22:10:39] [Server thread/DEBUG] [FML]: Unable to lookup battletowers:golemcharge for public static net.minecraft.util.SoundEvent atomicstryker.battletowers.common.AS_BattleTowersCore.soundGolemCharge. This means the object wasn't registered. It's likely just mod options.
[22:10:39] [Server thread/INFO] [FML]: Holder lookups applied
[22:10:39] [Server thread/INFO] [FML]: Applying holder lookups
[22:10:39] [Server thread/DEBUG] [FML]: Unable to lookup dungeonsmod:traveler for public static net.minecraftforge.fml.common.registry.VillagerRegistry$VillagerProfession com.dainxt.dungeonsmod.init.ProfessionsInit.TRAVELER. This means the object wasn't registered. It's likely just mod options.
[22:10:39] [Server thread/DEBUG] [FML]: Unable to lookup battletowers:golem for public static net.minecraft.util.SoundEvent atomicstryker.battletowers.common.AS_BattleTowersCore.soundGolem. This means the object wasn't registered. It's likely just mod options.
[22:10:39] [Server thread/DEBUG] [FML]: Unable to lookup battletowers:golemawaken for public static net.minecraft.util.SoundEvent atomicstryker.battletowers.common.AS_BattleTowersCore.soundGolemAwaken. This means the object wasn't registered. It's likely just mod options.
[22:10:39] [Server thread/DEBUG] [FML]: Unable to lookup battletowers:golemdeath for public static net.minecraft.util.SoundEvent atomicstryker.battletowers.common.AS_BattleTowersCore.soundGolemDeath. This means the object wasn't registered. It's likely just mod options.
[22:10:39] [Server thread/DEBUG] [FML]: Unable to lookup battletowers:golemspecial for public static net.minecraft.util.SoundEvent atomicstryker.battletowers.common.AS_BattleTowersCore.soundGolemSpecial. This means the object wasn't registered. It's likely just mod options.
[22:10:39] [Server thread/DEBUG] [FML]: Unable to lookup battletowers:towercrumble for public static net.minecraft.util.SoundEvent atomicstryker.battletowers.common.AS_BattleTowersCore.soundTowerCrumble. This means the object wasn't registered. It's likely just mod options.
[22:10:39] [Server thread/DEBUG] [FML]: Unable to lookup battletowers:towerbreakstart for public static net.minecraft.util.SoundEvent atomicstryker.battletowers.common.AS_BattleTowersCore.soundTowerBreakStart. This means the object wasn't registered. It's likely just mod options.
[22:10:39] [Server thread/DEBUG] [FML]: Unable to lookup battletowers:golemhurt for public static net.minecraft.util.SoundEvent atomicstryker.battletowers.common.AS_BattleTowersCore.soundGolemHurt. This means the object wasn't registered. It's likely just mod options.
[22:10:39] [Server thread/DEBUG] [FML]: Unable to lookup battletowers:golemcharge for public static net.minecraft.util.SoundEvent atomicstryker.battletowers.common.AS_BattleTowersCore.soundGolemCharge. This means the object wasn't registered. It's likely just mod options.
[22:10:39] [Server thread/INFO] [FML]: Holder lookups applied
[22:10:39] [Server thread/INFO] [FML]: Applying holder lookups
[22:10:39] [Server thread/INFO] [FML]: Holder lookups applied
[22:10:39] [Server thread/INFO] [FML]: Applying holder lookups
[22:10:39] [Server thread/INFO] [FML]: Holder lookups applied
[22:10:39] [Server thread/INFO] [FML]: Injecting itemstacks
[22:10:39] [Server thread/INFO] [FML]: Itemstack injection complete
[22:10:39] [Server thread/INFO] [net.minecraft.server.dedicated.DedicatedServer]: Loading properties
[22:10:39] [Server thread/INFO] [net.minecraft.server.dedicated.DedicatedServer]: Default game type: SURVIVAL
[22:10:39] [Server thread/INFO] [net.minecraft.server.dedicated.DedicatedServer]: Generating keypair
[22:10:39] [Server thread/INFO] [net.minecraft.server.dedicated.DedicatedServer]: Starting Minecraft server on *:25565
[22:10:39] [Server thread/INFO] [net.minecraft.network.NetworkSystem]: Using epoll channel type
[22:10:39] [Forge Version Check/DEBUG] [forge.VersionCheck]: [forge] Received version check data:
{
  "homepage": "https://files.minecraftforge.net/net/minecraftforge/forge/",
  "promos": {
    "1.1-latest": "1.3.4.29",
    "1.2.3-latest": "1.4.1.64",
    "1.2.4-latest": "2.0.0.68",
    "1.2.5-latest": "3.4.9.171",
    "1.3.2-latest": "4.3.5.318",
    "1.4.0-latest": "5.0.0.326",
    "1.4.1-latest": "6.0.0.329",
    "1.4.2-latest": "6.0.1.355",
    "1.4.3-latest": "6.2.1.358",
    "1.4.4-latest": "6.3.0.378",
    "1.4.5-latest": "6.4.2.448",
    "1.4.6-latest": "6.5.0.489",
    "1.4.7-latest": "6.6.2.534",
    "1.5-latest": "7.7.0.598",
    "1.5.1-latest": "7.7.2.682",
    "1.5.2-latest": "7.8.1.738",
    "1.5.2-recommended": "7.8.1.738",
    "1.6.1-latest": "8.9.0.775",
    "1.6.2-latest": "9.10.1.871",
    "1.6.2-recommended": "9.10.1.871",
    "1.6.3-latest": "9.11.0.878",
    "1.6.4-latest": "9.11.1.1345",
    "1.6.4-recommended": "9.11.1.1345",
    "1.7.2-latest": "10.12.2.1161",
    "1.7.2-recommended": "10.12.2.1161",
    "1.7.10-latest": "10.13.4.1614",
    "1.7.10-recommended": "10.13.4.1614",
    "1.8-latest": "11.14.4.1577",
    "1.8-recommended": "11.14.4.1563",
    "1.8.8-latest": "11.15.0.1655",
    "1.8.9-latest": "11.15.1.2318",
    "1.8.9-recommended": "11.15.1.2318",
    "1.9-latest": "12.16.1.1938",
    "1.9-recommended": "12.16.1.1887",
    "1.9.4-latest": "12.17.0.2317",
    "1.9.4-recommended": "12.17.0.2317",
    "1.10-latest": "12.18.0.2000",
    "1.10.2-latest": "12.18.3.2511",
    "1.10.2-recommended": "12.18.3.2511",
    "1.11-latest": "13.19.1.2199",
    "1.11-recommended": "13.19.1.2189",
    "1.11.2-latest": "13.20.1.2588",
    "1.11.2-recommended": "13.20.1.2588",
    "1.12-latest": "14.21.1.2443",
    "1.12-recommended": "14.21.1.2387",
    "1.12.1-latest": "14.22.1.2485",
    "1.12.1-recommended": "14.22.1.2478",
    "1.12.2-latest": "14.23.5.2864",
    "1.12.2-recommended": "14.23.5.2859",
    "1.13.2-latest": "25.0.223",
    "1.14.2-latest": "26.0.63",
    "1.14.3-latest": "27.0.60",
    "1.14.4-latest": "28.2.30",
    "1.14.4-recommended": "28.2.26",
    "1.15-latest": "29.0.4",
    "1.15.1-latest": "30.0.51",
    "1.15.2-latest": "31.2.60",
    "1.15.2-recommended": "31.2.57",
    "1.16.1-latest": "32.0.108",
    "1.16.2-latest": "33.0.61",
    "1.16.3-latest": "34.1.42",
    "1.16.3-recommended": "34.1.0",
    "1.16.4-latest": "35.1.37",
    "1.16.4-recommended": "35.1.4",
    "1.16.5-latest": "36.2.42",
    "1.16.5-recommended": "36.2.34",
    "1.17.1-latest": "37.1.1",
    "1.17.1-recommended": "37.1.1",
    "1.18-latest": "38.0.17",
    "1.18.1-latest": "39.1.2",
    "1.18.1-recommended": "39.1.0",
    "1.18.2-recommended": "40.3.0",
    "1.18.2-latest": "40.3.12",
    "1.19-latest": "41.1.0",
    "1.19-recommended": "41.1.0",
    "1.19.1-latest": "42.0.9",
    "1.19.2-recommended": "43.5.0",
    "1.19.2-latest": "43.5.2",
    "1.19.3-latest": "44.1.23",
    "1.19.3-recommended": "44.1.0",
    "1.19.4-recommended": "45.4.0",
    "1.19.4-latest": "45.4.3",
    "1.20-latest": "46.0.14",
    "1.20.1-recommended": "47.4.10",
    "1.20.1-latest": "47.4.20",
    "1.20.2-latest": "48.1.0",
    "1.20.2-recommended": "48.1.0",
    "1.20.3-latest": "49.0.2",
    "1.20.4-latest": "49.2.7",
    "1.20.4-recommended": "49.2.0",
    "1.20.6-latest": "50.2.8",
    "1.20.6-recommended": "50.2.0",
    "1.21-latest": "51.0.33",
    "1.21.1-latest": "52.1.14",
    "1.21.1-recommended": "52.1.0",
    "1.21.3-latest": "53.1.10",
    "1.21.3-recommended": "53.1.0",
    "1.21.4-latest": "54.1.16",
    "1.21.4-recommended": "54.1.14",
    "1.21.5-latest": "55.1.10",
    "1.21.5-recommended": "55.1.0",
    "1.21.6-latest": "56.0.9",
    "1.21.7-latest": "57.0.3",
    "1.21.8-latest": "58.1.18",
    "1.21.8-recommended": "58.1.0",
    "1.21.9-latest": "59.0.5",
    "1.21.10-latest": "60.1.9",
    "1.21.10-recommended": "60.1.0",
    "1.21.11-latest": "61.1.5",
    "1.21.11-recommended": "61.1.0",
    "26.1-latest": "62.0.9",
    "26.1.1-latest": "63.0.2",
    "26.1.2-latest": "64.0.8"
  }
}
[22:10:39] [Forge Version Check/INFO] [forge.VersionCheck]: [forge] Found status: OUTDATED Target: 14.23.5.2864
[22:10:39] [Forge Version Check/INFO] [forge.VersionCheck]: [travelersbackpack] Starting version check at https://gist.githubusercontent.com/Tiviacz1337/906937677aa472285dff9d6c2a189d5e/raw
[22:10:39] [Server thread/WARN] [net.minecraft.server.dedicated.DedicatedServer]: **** SERVER IS RUNNING IN OFFLINE/INSECURE MODE!
[22:10:39] [Server thread/WARN] [net.minecraft.server.dedicated.DedicatedServer]: The server will make no attempt to authenticate usernames. Beware.
[22:10:39] [Server thread/WARN] [net.minecraft.server.dedicated.DedicatedServer]: While this makes the game possible to play without internet access, it also opens up the ability for hackers to connect with any username they choose.
[22:10:39] [Server thread/WARN] [net.minecraft.server.dedicated.DedicatedServer]: To change this, set "online-mode" to "true" in the server.properties file.
[22:10:39] [Forge Version Check/DEBUG] [forge.VersionCheck]: [travelersbackpack] Received version check data:
{ 
        "homepage": "https://www.curseforge.com/minecraft/mc-mods/travelers-backpack", 
        "promos": {
		"1.20.4-recommended": "9.4.2",
		"1.20.4-latest": "9.4.2",
		"1.20.2-recommended": "9.2.4",
		"1.20.2-latest": "9.2.4",
		"1.20.1-recommended": "9.1.16",
		"1.20.1-latest": "9.1.16",
		"1.20-recommended": "9.0.2",
		"1.20-latest": "9.0.2",
		"1.19.4-recommended": "8.4.20",
		"1.19.4-latest": "8.4.20",
		"1.19.3-recommended": "8.3.9",
		"1.19.3-latest": "8.3.9",
		"1.19.2-recommended": "8.2.40",
		"1.19.2-latest": "8.2.40",
		"1.19.1-recommended": "8.1.1",
		"1.19.1-latest": "8.1.1",
		"1.19-recommended": "8.0.8",
		"1.19-latest": "8.0.8",
		"1.18.2-recommended": "7.1.48",
		"1.18.2-latest": "7.1.48",
		"1.18.1-recommended": "7.0.4",
		"1.18.1-latest": "7.0.5",
		"1.17.1-recommended": "6.0.52",
		"1.17.1-latest": "6.0.52",
		"1.16.5-recommended": "5.4.51",
		"1.16.5-latest": "5.4.51",
		"1.16.4-recommended": "5.3.8",
		"1.16.4-latest": "5.3.8",
		"1.16.3-recommended": "5.2.1",
		"1.16.3-latest": "5.2.1",
		"1.16.2-recommended": "5.1.1",
		"1.16.2-latest": "5.1.1",
		"1.16.1-recommended": "5.0.1",
		"1.16.1-latest": "5.0.1",
		"1.15.2-recommended": "4.0.8",
		"1.15.2-latest": "4.0.8",
		"1.14.4-recommended": "3.0.8",
		"1.14.4-latest": "3.0.8",
                "1.12.2-recommended": "1.0.34",
		"1.12.2-latest": "1.0.34"
        }, 
        "1.12.2": {
			"0.0.3a": "Added sleeping bag",
			"0.0.4a": "Added ability to wear backpack on player's back!",
			"0.0.5a": "Implemented swapping between tools!",
			"0.0.6a": "Added missing recipe for sleeping bag",
			"0.0.7a": "Fixes for server",
			"0.0.8a": "Added backpack renderer on player's back!",
			"0.0.9a": "Added tools render on backpack",
			"0.1.0a": "Fixed tile entity data loading",
			"0.1.1a": "Added hose, bug fixes",
			"0.1.2a": "Fixed server crash",
			"0.1.3a": "Added more backpack types!",
			"0.1.4a": "Added fluid render to block and wearable model",
			"0.1.5a": "Fixed some bugs and added more custom backpacks",
			"0.1.6a": "Added potions as fluids!",
			"0.1.7a": "Fixed rendering-thing on server",
			"0.1.8a": "Fixed some minor issues",
			"1.0.19.19": "First beta release",
			"1.0.20.20": "Mainly bug fixes",
			"1.0.21.21": "Bug fixes",
			"1.0.22.22": "Added backpack abilities",
			"1.0.23.23": "Bug fixes",
			"1.0.24.24": "Bug fixes",
			"1.0.25.25": "Bug fixes",
			"1.0.26.26": "Fixed NPE",
			"1.0.27": "Capability code clean-up, bug fix",
			"1.0.28": "Mod ID change, see note in 1.0.28 on the site",
			"1.0.29": "Mod ID change, see note in 1.0.29 on the site",
			"1.0.30": "Bug fixes, standard backpack texture improvements",
			"1.0.31": "Fixed bug that causes buckets to dissapear",
			"1.0.32": "Added in-game warning about modid change and method to keep backpacks after updating to newer version",
			"1.0.33": "Fixed backpack dissapear in explosions",
			"1.0.34": "Mainly bug fixes",
			"1.0.35": "Misc bug fixes"
        },
	"1.14.4":  { 
			"3.0.7": "Initial port",
			"3.0.8": "Compatibility for modded tools"
	},
	"1.15.2":  {
      			"4.0.0": "Initial port",
			"4.0.1": "FPS bug fix",
			"4.0.2": "Fixed unwanted backpack placement after death",
			"4.0.3": "Fixed NPE while using sleeping bag",
			"4.0.4": "Fixed crash, updated few textures",
			"4.0.5": "Bug fixes",
			"4.0.6": "Fixed backpack dissapear in explosions",
			"4.0.7": "Keybind for tool cycle",
			"4.0.8": "Compatibility for modded tools"
	},
	"1.16.1":  { 
			"5.0.0": "Initial port",
			"5.0.1": "Fixed backpack not saving contents, compatibility for modded tools"
	},
	"1.16.2":  { 
			"5.1.0": "Initial port",
			"5.1.1": "Fixed server crashes, backpack not saving contents, compatibility for modded tools"
	},
	"1.16.3":  { 
			"5.2.1": "Initial port"
	},
	"1.16.4":  { 
			"5.3.1": "Initial port",
			"5.3.2": "Bug fixes, game-breaking change",
			"5.3.3": "A lot of bug fixes",
			"5.3.4": "Dupe bug fix",
			"5.3.5": "Curios integration",
			"5.3.6": "Crafting grid dupe bug fix",
			"5.3.7": "Crash fix, curiosIntegration option migration",
			"5.3.8": "Fixed item saving bug"
	},
	"1.16.5":  { 
			"5.3.8": "Fixed item saving bug",
			"5.4.0": "Few new custom backpacks",
			"5.4.1": "Fixed villager trades",
			"5.4.2": "Fixed crash with turkish language and small tweaks",
			"5.4.3": "Fixed dupe bug",
			"5.4.4": "JEI dupe bug fix and more",
			"5.4.5": "Dyeable backpacks update! :>",
			"5.4.6": "More backpacks and bug fixes",
			"5.4.7": "Exploit and bug fixes",
			"5.4.8": "Fixed spawn point setting",
			"5.4.9": "20 new backpacks",
			"5.4.10": "Added backpack abilties",
			"5.4.11": "Code cleanup",
			"5.4.12": "Fixed crash",
			"5.4.13": "Added sorting buttons",
			"5.4.14": "Fixed LAN crash",
			"5.4.15": "Fixed few bugs",
			"5.4.16": "Fixed crash",
			"5.4.17": "Fixed bugs",
			"5.4.18": "Fixed crash",
			"5.4.19": "Fixed curio dupe bug",
			"5.4.20": "Added 9 new abilities",
			"5.4.21": "Added too many backpacks slowness effect",
			"5.4.22": "Fixed abilities",
			"5.4.23": "Added colorable sleeping bags",
			"5.4.24": "Bug fixes",
			"5.4.25": "Added slot memory",
			"5.4.26": "Added dedicated settings menu",
			"5.4.28": "Added milk and milk effect",
			"5.4.29": "Mobs can spawn with backpack equipped",
			"5.4.31": "Added /restore command",
			"5.4.32": "Added void protection config option",
			"5.4.33": "Fixed bad coded coordinates",
			"5.4.35": "Tweaked config and commands",
			"5.4.36": "Added backpack tiers",
			"5.4.37": "Changed tier upgrades recipes",
			"5.4.38": "Added enableTierUpgrades config option",
			"5.4.39": "Added Crafting widget",
			"5.4.40": "Fixed dupe bug",
			"5.4.41": "Backpack can be placed in fluids after death",
			"5.4.42": "Added compat with gravestone mods",
			"5.4.43": "Tweaked some recipes",
			"5.4.44": "Misc",
			"5.4.45": "Misc",
			"5.4.46": "Misc",
			"5.4.47": "Added tool slots widget",
			"5.4.48": "Fixed few bugs",
			"5.4.49": "Shift + Right Click with Empty Hand allows to place backpack on the ground",
			"5.4.50": "Sleeping bag can be used without backpack",
			"5.4.51": "Added loot to chests and fixed bugs"
	},
	"1.17.1":  { 
			"6.0.0": "Initial Release",
			"6.0.1": "Fixed datapack issue",
			"6.0.2": "Fixed crash with newest Forge",
			"6.0.3": "Fixed backpack disappearing on death",
			"6.0.4": "JEI integration and more",
			"6.0.5": "Dyeable backpacks update! :>",
			"6.0.6": "More backpacks and bug fixes",
			"6.0.7": "Fixed significant FPS drop",
			"6.0.8": "Fixed dupe bug",
			"6.0.9": "Fixed spawn point setting",
			"6.0.10": "20 new backpacks",
			"6.0.11": "Added backpack abilties",
			"6.0.12": "Code cleanup",
			"6.0.13": "Fixed crash",
			"6.0.14": "Added sorting buttons",
			"6.0.15": "Fixed LAN crash",
			"6.0.16": "Fixed few bugs",
			"6.0.17": "Fixed crash",
			"6.0.18": "Fixed bugs",
			"6.0.19": "Fixed crash",
			"6.0.20": "Fixed curio dupe bug",
			"6.0.21": "Added 9 new abilities",
			"6.0.22": "Added too many backpacks slowness effect",
			"6.0.23": "Fixed abilities",
			"6.0.24": "Added colorable sleeping bags",
			"6.0.25": "Bug fixes",
			"6.0.26": "Added slot memory",
			"6.0.27": "Added dedicated settings menu",
			"6.0.29": "Added milk and milk effect",
			"6.0.30": "Mobs can spawn with backpack equipped",
			"6.0.32": "Added /restore command",
			"6.0.33": "Added void protection config option",
			"6.0.34": "Fixed bad coded coordinates",
			"6.0.36": "Tweaked config and commands",
			"6.0.37": "Added backpack Tiers",
			"6.0.38": "Changed tier upgrades recipes",
			"6.0.39": "Added enableTierUpgrades config option",
			"6.0.40": "Added Crafting widget",
			"6.0.41": "Fixed dupe bug",
			"6.0.42": "Backpack can be placed in fluids after death",
			"6.0.43": "Added compat with gravestone mods",
			"6.0.44": "Added inventory tooltip in preview",
			"6.0.45": "Misc",
			"6.0.46": "Misc",
			"6.0.47": "Misc",
			"6.0.48": "Added tool slots widget",
			"6.0.49": "Fixed few bugs",
			"6.0.50": "Shift + Right Click with Empty Hand allows to place backpack on the ground",
			"6.0.51": "Sleeping bag can be used without backpack",
			"6.0.52": "Added loot to chests and fixed bugs"
	},
	"1.18.1":  { 
			"7.0.0": "Initial Release",
			"7.0.1": "Backpack lose items bug fix",
			"7.0.2": "New backpacks",
			"7.0.3": "Fixed dupe bug",
			"7.0.4": "Fixed spawn point setting"
	},
	"1.18.2":  { 
			"7.1.0": "Initial Release",
			"7.1.1": "Fixed spawn point setting",
			"7.1.2": "20 new backpacks",
			"7.1.3": "Added backpack abilties",
			"7.1.4": "Code cleanup",
			"7.1.5": "Fixed bug with duplicating buckets",
			"7.1.6": "Fixed crash",
			"7.1.7": "Added sorting buttons",
			"7.1.8": "Fixed LAN crash",
			"7.1.9": "Fixed few bugs",
			"7.1.10": "Fixed crash",
			"7.1.11": "Fixed bugs",
			"7.1.12": "Fixed crash",
			"7.1.13": "Fixed curio dupe bug",
			"7.1.14": "Added 9 new abilities",
			"7.1.15": "Added too many backpacks slowness effect",
			"7.1.16": "Fixed abilities",
			"7.1.17": "Added colorable sleeping bags",
			"7.1.18": "Bug fixes",
			"7.1.20": "Added slot memory",
			"7.1.21": "Added dedicated settings menu",
			"7.1.23": "Added milk and milk effect",
			"7.1.24": "Mobs can spawn with backpack equipped",
			"7.1.26": "Added /restore command",
			"7.1.27": "Added void protection config option",
			"7.1.28": "Fixed bad coded coordinates",
			"7.1.30": "Tweaked config and commands",
			"7.1.31": "Added backpack Tiers",
			"7.1.32": "Changed tier upgrades recipes",
			"7.1.33": "Added enableTierUpgrades config option",
			"7.1.34": "Added Crafting widget",
			"7.1.35": "Fixed dupe bug",
			"7.1.36": "Backpack can be placed in fluids after death",
			"7.1.37": "Added compat with gravestone mods",
			"7.1.38": "Added inventory preview in tooltip",
			"7.1.39": "Misc",
			"7.1.40": "Misc",
			"7.1.41": "Misc",
			"7.1.42": "Added tool slots widget",
			"7.1.43": "Fixed few bugs",
			"7.1.44": "Shift + Right Click with Empty Hand allows to place backpack on the ground",
			"7.1.45": "Sleeping bag can be used without backpack",
			"7.1.46": "Added loot to chests and fixed bugs",
			"7.1.47": "Configuration for backpack slots",
			"7.1.48": "Added recipes to recipe book"
			
	},
	"1.19":  { 
			"8.0.0": "Initial Release",
			"8.0.1": "Fixed crashes",
			"8.0.2": "20 new backpacks",
			"8.0.3": "Added backpack abilties",
			"8.0.4": "Updated Forge",
			"8.0.5": "Fixed few bugs",
			"8.0.6": "Code cleanup",
			"8.0.7": "Fixed crash",
			"8.0.8": "Added sorting buttons"
	},
	"1.19.1":  { 
			"8.1.0": "Initial Release",
			"8.1.1": "Fixed LAN crash"
	},
	"1.19.2":  { 
			"8.2.0": "Initial Release",
			"8.2.1": "Fixed few bugs",
			"8.2.2": "Fixed crash",
			"8.2.3": "Fixed bugs",
			"8.2.4": "Fixed crash",
			"8.2.5": "Fixed curio dupe bug",
			"8.2.6": "Added 9 new abilities",
			"8.2.7": "Added too many backpacks slowness effect",
			"8.2.8": "Fixed abilities",
			"8.2.9": "Added colorable sleeping bags",
			"8.2.10": "Bug fixes",
			"8.2.11": "Added slot memory",
			"8.2.12": "Added dedicated settings menu",
			"8.2.14": "Added milk and milk effect",
			"8.2.15": "Mobs can spawn with backpack equipped",
			"8.2.17": "Added /restore command",
			"8.2.18": "Added void protection config option",
			"8.2.19": "Fixed bad coded coordinates",
			"8.2.21": "Tweaked config and commands",
			"8.2.22": "Added backpack tiers",
			"8.2.23": "Changed tier upgrades recipes",
			"8.2.24": "Missing texture hotfix",
			"8.2.25": "Added enableTierUpgrades config option",
			"8.2.26": "Added Crafting widget",
			"8.2.27": "Fixed dupe bug",
			"8.2.28": "Backpack can be placed in fluids after death",
			"8.2.29": "Added compat with gravestone mods",
			"8.2.30": "Added inventory preview in tooltip",
			"8.2.31": "Misc",
			"8.2.32": "Misc",
			"8.2.33": "Misc",
			"8.2.34": "Added tool slots widget",
			"8.2.35": "Fixed few bugs",
			"8.2.36": "Shift + Right Click with Empty Hand allows to place backpack on the ground",
			"8.2.37": "Sleeping bag can be used without backpack",
			"8.2.38": "Added loot to chests and fixed bugs",
			"8.2.39": "Configuration for backpack slots",
			"8.2.40": "Added recipes to recipe book"
	},
	"1.19.3":  { 
			"8.3.0": "Initial Release",
			"8.3.2": "Added milk and milk effect",
			"8.3.3": "Mobs can spawn with backpack equipped",
			"8.3.5": "Added /restore command",
			"8.2.6": "Added void protection config option",
			"8.2.7": "Fixed bad coded coordinates",
			"8.2.9": "Tweaked config and commands"
	},
	"1.19.4":  { 
			"8.4.2": "Tweaked config and commands",
			"8.4.3": "Added backpack tiers",
			"8.4.4": "Changed tier upgrades recipes",
			"8.4.5": "Added enableTierUpgrades config option",
			"8.4.6": "Added support for new smithing table",
			"8.4.7": "Added support for new smithing table",
			"8.4.8": "Added Crafting widget",
			"8.4.9": "Fixed dupe bug",
			"8.4.10": "Backpack can be placed in fluids after death",
			"8.4.11": "Added compat with gravestone mods",
			"8.4.12": "Added inventory preview in tooltip",
			"8.4.13": "Misc",
			"8.4.14": "Misc",
			"8.4.15": "Misc",
			"8.4.16": "Added tool slots widget",
			"8.4.17": "Fixed few bugs",
			"8.4.18": "Shift + Right Click with Empty Hand allows to place backpack on the ground",
			"8.4.19": "Sleeping bag can be used without backpack",
			"8.4.20": "Added loot to chests and fixed bugs"
	},
	"1.20":  { 
			"9.0.0": "Initial update",
			"9.0.1": "Fixed disappearing backpack on contact with water",
			"9.0.2": "Fixed smithing bug and restored Curios compat"
	},
	"1.20.1":  { 
			"9.1.0": "Initial update",
			"9.1.1": "Initial update",
			"9.1.2": "Fixed dupe bug",
			"9.1.3": "Added compat with gravestone mods",
			"9.1.4": "Added inventory preview in tooltip",
			"9.1.5": "Misc",
			"9.1.6": "Misc",
			"9.1.7": "Misc",
			"9.1.8": "Added tool slots widget",
			"9.1.9": "Fixed few bugs",
			"9.1.10": "Shift + Right Click with Empty Hand allows to place backpack on the ground",
			"9.1.11": "Sleeping bag can be used without backpack",
			"9.1.12": "Configuration for backpack slots",
			"9.1.13": "Added loot to chests and fixed bugs",
			"9.1.14": "Added recipes to recipe book",
			"9.1.15": "Improvements",
			"9.1.16": "Stopped excessive drops of backpack from mob farms, added visibility button, fixed some bugs"
	},
	"1.20.2":  { 
			"9.2.0": "Initial update",
			"9.2.1": "Fixed few bugs",
			"9.2.2": "Shift + Right Click with Empty Hand allows to place backpack on the ground",
			"9.2.3": "Sleeping bag can be used without backpack",
			"9.2.4": "Added loot to chests and fixed bugs"
	},
	"1.20.4":  { 
			"9.4.0": "Initial update",
			"9.4.1": "Configuration for backpack slots",
			"9.4.2": "Added recipes to recipe book"
	}
}
[22:10:39] [Forge Version Check/INFO] [forge.VersionCheck]: [travelersbackpack] Found status: AHEAD Target: null
[22:10:40] [Server thread/INFO] [FML]: Applying holder lookups
[22:10:40] [Server thread/INFO] [FML]: Holder lookups applied
[22:10:40] [Server thread/TRACE] [FML]: Sending event FMLInitializationEvent to mod minecraft
[22:10:40] [Server thread/TRACE] [FML]: Sent event FMLInitializationEvent to mod minecraft
[22:10:40] [Server thread/DEBUG] [FML]: Bar Step: Initialization - Minecraft took 0.000s
[22:10:40] [Server thread/TRACE] [FML]: Sending event FMLInitializationEvent to mod mcp
[22:10:40] [Server thread/TRACE] [FML]: Sent event FMLInitializationEvent to mod mcp
[22:10:40] [Server thread/DEBUG] [FML]: Bar Step: Initialization - Minecraft Coder Pack took 0.000s
[22:10:40] [Server thread/TRACE] [FML]: Sending event FMLInitializationEvent to mod FML
[22:10:40] [Server thread/TRACE] [FML]: Sent event FMLInitializationEvent to mod FML
[22:10:40] [Server thread/DEBUG] [FML]: Bar Step: Initialization - Forge Mod Loader took 0.000s
[22:10:40] [Server thread/TRACE] [FML]: Sending event FMLInitializationEvent to mod forge
[22:10:40] [Server thread/TRACE] [FML]: Sent event FMLInitializationEvent to mod forge
[22:10:40] [Server thread/DEBUG] [FML]: Bar Step: Initialization - Minecraft Forge took 0.000s
[22:10:40] [Server thread/TRACE] [FML]: Sending event FMLInitializationEvent to mod battletowers
[22:10:40] [Server thread/TRACE] [FML]: Automatically registered mod battletowers entity Battletower Golem as battletowers:golem
[22:10:40] [Server thread/TRACE] [FML]: Automatically registered mod battletowers entity Golem Fireball as battletowers:golemfireball
[22:10:40] [Server thread/TRACE] [FML]: Sent event FMLInitializationEvent to mod battletowers
[22:10:40] [Server thread/DEBUG] [FML]: Bar Step: Initialization - Battle Towers took 0.019s
[22:10:40] [Server thread/TRACE] [FML]: Sending event FMLInitializationEvent to mod dungeonsmod
[22:10:40] [Server thread/DEBUG] [FML]: Attempting to inject @Config classes into dungeonsmod for type INSTANCE
[22:10:40] [Server thread/TRACE] [FML]: Sent event FMLInitializationEvent to mod dungeonsmod
[22:10:40] [Server thread/DEBUG] [FML]: Bar Step: Initialization - Dungeons Mod took 0.006s
[22:10:40] [Server thread/TRACE] [FML]: Sending event FMLInitializationEvent to mod sexmod
[22:10:40] [Server thread/WARN] [net.minecraft.network.datasync.EntityDataManager]: defineId called for: class com.trolmastercard.sexmod.em from class com.trolmastercard.sexmod.ei
[22:10:40] [Server thread/TRACE] [FML]: Sent event FMLInitializationEvent to mod sexmod
[22:10:40] [Server thread/DEBUG] [FML]: Bar Step: Initialization - Fapcraft took 0.226s
[22:10:40] [Server thread/TRACE] [FML]: Sending event FMLInitializationEvent to mod geckolib3
[22:10:40] [Server thread/TRACE] [FML]: Sent event FMLInitializationEvent to mod geckolib3
[22:10:40] [Server thread/DEBUG] [FML]: Bar Step: Initialization - geckolib3 took 0.000s
[22:10:40] [Server thread/TRACE] [FML]: Sending event FMLInitializationEvent to mod jei
[22:10:40] [Server thread/TRACE] [FML]: Sent event FMLInitializationEvent to mod jei
[22:10:40] [Server thread/DEBUG] [FML]: Bar Step: Initialization - Just Enough Items took 0.000s
[22:10:40] [Server thread/TRACE] [FML]: Sending event FMLInitializationEvent to mod travelersbackpack
[22:10:40] [Server thread/TRACE] [FML]: Sent event FMLInitializationEvent to mod travelersbackpack
[22:10:40] [Server thread/DEBUG] [FML]: Bar Step: Initialization - Traveler's Backpack took 0.004s
[22:10:40] [Server thread/DEBUG] [FML]: Bar Finished: Initialization took 0.257s
[22:10:40] [Server thread/TRACE] [FML]: Attempting to deliver 0 IMC messages to mod minecraft
[22:10:40] [Server thread/TRACE] [FML]: Sending event IMCEvent to mod minecraft
[22:10:40] [Server thread/TRACE] [FML]: Sent event IMCEvent to mod minecraft
[22:10:40] [Server thread/DEBUG] [FML]: Bar Step: InterModComms$IMC - Minecraft took 0.007s
[22:10:40] [Server thread/TRACE] [FML]: Attempting to deliver 0 IMC messages to mod mcp
[22:10:40] [Server thread/TRACE] [FML]: Sending event IMCEvent to mod mcp
[22:10:40] [Server thread/TRACE] [FML]: Sent event IMCEvent to mod mcp
[22:10:40] [Server thread/DEBUG] [FML]: Bar Step: InterModComms$IMC - Minecraft Coder Pack took 0.000s
[22:10:40] [Server thread/TRACE] [FML]: Attempting to deliver 0 IMC messages to mod FML
[22:10:40] [Server thread/TRACE] [FML]: Sending event IMCEvent to mod FML
[22:10:40] [Server thread/TRACE] [FML]: Sent event IMCEvent to mod FML
[22:10:40] [Server thread/DEBUG] [FML]: Bar Step: InterModComms$IMC - Forge Mod Loader took 0.000s
[22:10:40] [Server thread/TRACE] [FML]: Attempting to deliver 0 IMC messages to mod forge
[22:10:40] [Server thread/TRACE] [FML]: Sending event IMCEvent to mod forge
[22:10:40] [Server thread/TRACE] [FML]: Sent event IMCEvent to mod forge
[22:10:40] [Server thread/DEBUG] [FML]: Bar Step: InterModComms$IMC - Minecraft Forge took 0.000s
[22:10:40] [Server thread/TRACE] [FML]: Attempting to deliver 0 IMC messages to mod battletowers
[22:10:40] [Server thread/TRACE] [FML]: Sending event IMCEvent to mod battletowers
[22:10:40] [Server thread/TRACE] [FML]: Sent event IMCEvent to mod battletowers
[22:10:40] [Server thread/DEBUG] [FML]: Bar Step: InterModComms$IMC - Battle Towers took 0.001s
[22:10:40] [Server thread/TRACE] [FML]: Attempting to deliver 0 IMC messages to mod dungeonsmod
[22:10:40] [Server thread/TRACE] [FML]: Sending event IMCEvent to mod dungeonsmod
[22:10:40] [Server thread/TRACE] [FML]: Sent event IMCEvent to mod dungeonsmod
[22:10:40] [Server thread/DEBUG] [FML]: Bar Step: InterModComms$IMC - Dungeons Mod took 0.001s
[22:10:40] [Server thread/TRACE] [FML]: Attempting to deliver 0 IMC messages to mod sexmod
[22:10:40] [Server thread/TRACE] [FML]: Sending event IMCEvent to mod sexmod
[22:10:40] [Server thread/TRACE] [FML]: Sent event IMCEvent to mod sexmod
[22:10:40] [Server thread/DEBUG] [FML]: Bar Step: InterModComms$IMC - Fapcraft took 0.001s
[22:10:40] [Server thread/TRACE] [FML]: Attempting to deliver 0 IMC messages to mod geckolib3
[22:10:40] [Server thread/TRACE] [FML]: Sending event IMCEvent to mod geckolib3
[22:10:40] [Server thread/TRACE] [FML]: Sent event IMCEvent to mod geckolib3
[22:10:40] [Server thread/DEBUG] [FML]: Bar Step: InterModComms$IMC - geckolib3 took 0.001s
[22:10:40] [Server thread/TRACE] [FML]: Attempting to deliver 0 IMC messages to mod jei
[22:10:40] [Server thread/TRACE] [FML]: Sending event IMCEvent to mod jei
[22:10:40] [Server thread/TRACE] [FML]: Sent event IMCEvent to mod jei
[22:10:40] [Server thread/DEBUG] [FML]: Bar Step: InterModComms$IMC - Just Enough Items took 0.000s
[22:10:40] [Server thread/TRACE] [FML]: Attempting to deliver 0 IMC messages to mod travelersbackpack
[22:10:40] [Server thread/TRACE] [FML]: Sending event IMCEvent to mod travelersbackpack
[22:10:40] [Server thread/TRACE] [FML]: Sent event IMCEvent to mod travelersbackpack
[22:10:40] [Server thread/DEBUG] [FML]: Bar Step: InterModComms$IMC - Traveler's Backpack took 0.000s
[22:10:40] [Server thread/DEBUG] [FML]: Bar Finished: InterModComms$IMC took 0.011s
[22:10:40] [Server thread/INFO] [FML]: Injecting itemstacks
[22:10:40] [Server thread/INFO] [FML]: Itemstack injection complete
[22:10:40] [Server thread/TRACE] [FML]: Sending event FMLPostInitializationEvent to mod minecraft
[22:10:40] [Server thread/TRACE] [FML]: Sent event FMLPostInitializationEvent to mod minecraft
[22:10:40] [Server thread/DEBUG] [FML]: Bar Step: PostInitialization - Minecraft took 0.000s
[22:10:40] [Server thread/TRACE] [FML]: Sending event FMLPostInitializationEvent to mod mcp
[22:10:40] [Server thread/TRACE] [FML]: Sent event FMLPostInitializationEvent to mod mcp
[22:10:40] [Server thread/DEBUG] [FML]: Bar Step: PostInitialization - Minecraft Coder Pack took 0.000s
[22:10:40] [Server thread/TRACE] [FML]: Sending event FMLPostInitializationEvent to mod FML
[22:10:40] [Server thread/TRACE] [FML]: Sent event FMLPostInitializationEvent to mod FML
[22:10:40] [Server thread/DEBUG] [FML]: Bar Step: PostInitialization - Forge Mod Loader took 0.000s
[22:10:40] [Server thread/TRACE] [FML]: Sending event FMLPostInitializationEvent to mod forge
[22:10:40] [Server thread/TRACE] [FML]: Sent event FMLPostInitializationEvent to mod forge
[22:10:40] [Server thread/DEBUG] [FML]: Bar Step: PostInitialization - Minecraft Forge took 0.001s
[22:10:40] [Server thread/TRACE] [FML]: Sending event FMLPostInitializationEvent to mod battletowers
[22:10:40] [Server thread/INFO] [STDOUT]: [atomicstryker.battletowers.common.TowerStageItemManager:<init>:72]: Battletowers parsed Item/Block/ChestGenHook net.minecraft.item.Item@643ecfef
[22:10:40] [Server thread/INFO] [STDOUT]: [atomicstryker.battletowers.common.TowerStageItemManager:<init>:72]: Battletowers parsed Item/Block/ChestGenHook net.minecraft.item.ItemSeeds@7574d4ad
[22:10:40] [Server thread/INFO] [STDOUT]: [atomicstryker.battletowers.common.TowerStageItemManager:<init>:72]: Battletowers parsed Item/Block/ChestGenHook net.minecraft.item.ItemMultiTexture@55421b8d
[22:10:40] [Server thread/INFO] [STDOUT]: [atomicstryker.battletowers.common.TowerStageItemManager:<init>:72]: Battletowers parsed Item/Block/ChestGenHook net.minecraft.item.ItemBlockSpecial@1b0e031b
[22:10:40] [Server thread/INFO] [STDOUT]: [atomicstryker.battletowers.common.TowerStageItemManager:<init>:72]: Battletowers parsed Item/Block/ChestGenHook net.minecraft.item.ItemPickaxe@2ccc9681
[22:10:40] [Server thread/INFO] [STDOUT]: [atomicstryker.battletowers.common.TowerStageItemManager:<init>:72]: Battletowers parsed Item/Block/ChestGenHook net.minecraft.item.ItemAxe@7d401cdc
[22:10:40] [Server thread/INFO] [STDOUT]: [atomicstryker.battletowers.common.TowerStageItemManager:<init>:72]: Battletowers parsed Item/Block/ChestGenHook net.minecraft.item.ItemBlock@1192c925
[22:10:40] [Server thread/INFO] [STDOUT]: [atomicstryker.battletowers.common.TowerStageItemManager:<init>:72]: Battletowers parsed Item/Block/ChestGenHook net.minecraft.item.ItemBlock@25567581
[22:10:40] [Server thread/INFO] [STDOUT]: [atomicstryker.battletowers.common.TowerStageItemManager:<init>:72]: Battletowers parsed Item/Block/ChestGenHook net.minecraft.item.Item@1b31af02
[22:10:40] [Server thread/INFO] [STDOUT]: [atomicstryker.battletowers.common.TowerStageItemManager:<init>:72]: Battletowers parsed Item/Block/ChestGenHook net.minecraft.item.ItemCoal@4044589a
[22:10:40] [Server thread/INFO] [STDOUT]: [atomicstryker.battletowers.common.TowerStageItemManager:<init>:72]: Battletowers parsed Item/Block/ChestGenHook net.minecraft.item.ItemBlockSpecial@730bea0
[22:10:40] [Server thread/INFO] [STDOUT]: [atomicstryker.battletowers.common.TowerStageItemManager:<init>:72]: Battletowers parsed Item/Block/ChestGenHook net.minecraft.item.ItemCloth@4607d78b
[22:10:40] [Server thread/INFO] [STDOUT]: [atomicstryker.battletowers.common.TowerStageItemManager:<init>:72]: Battletowers parsed Item/Block/ChestGenHook net.minecraft.item.ItemBlock@6b25ef1c
[22:10:40] [Server thread/INFO] [STDOUT]: [atomicstryker.battletowers.common.TowerStageItemManager:<init>:72]: Battletowers parsed Item/Block/ChestGenHook net.minecraft.item.Item@41a16eb3
[22:10:40] [Server thread/INFO] [STDOUT]: [atomicstryker.battletowers.common.TowerStageItemManager:<init>:72]: Battletowers parsed Item/Block/ChestGenHook net.minecraft.item.ItemFood@713999c2
[22:10:40] [Server thread/INFO] [STDOUT]: [atomicstryker.battletowers.common.TowerStageItemManager:<init>:72]: Battletowers parsed Item/Block/ChestGenHook net.minecraft.item.ItemFood@6fb22ae3
[22:10:40] [Server thread/INFO] [STDOUT]: [atomicstryker.battletowers.common.TowerStageItemManager:<init>:72]: Battletowers parsed Item/Block/ChestGenHook net.minecraft.item.ItemBlock@504497fa
[22:10:40] [Server thread/INFO] [STDOUT]: [atomicstryker.battletowers.common.TowerStageItemManager:<init>:72]: Battletowers parsed Item/Block/ChestGenHook net.minecraft.item.ItemBlock@5618fc1f
[22:10:40] [Server thread/INFO] [STDOUT]: [atomicstryker.battletowers.common.TowerStageItemManager:<init>:72]: Battletowers parsed Item/Block/ChestGenHook net.minecraft.item.ItemMultiTexture@6615237
[22:10:40] [Server thread/INFO] [STDOUT]: [atomicstryker.battletowers.common.TowerStageItemManager:<init>:72]: Battletowers parsed Item/Block/ChestGenHook net.minecraft.item.Item@7bede4ea
[22:10:40] [Server thread/INFO] [STDOUT]: [atomicstryker.battletowers.common.TowerStageItemManager:<init>:72]: Battletowers parsed Item/Block/ChestGenHook net.minecraft.item.ItemSign@e01a26b
[22:10:40] [Server thread/INFO] [STDOUT]: [atomicstryker.battletowers.common.TowerStageItemManager:<init>:72]: Battletowers parsed Item/Block/ChestGenHook net.minecraft.item.ItemFishingRod@d108406
[22:10:40] [Server thread/INFO] [STDOUT]: [atomicstryker.battletowers.common.TowerStageItemManager:<init>:72]: Battletowers parsed Item/Block/ChestGenHook net.minecraft.item.ItemSeeds@7e2c6702
[22:10:40] [Server thread/INFO] [STDOUT]: [atomicstryker.battletowers.common.TowerStageItemManager:<init>:72]: Battletowers parsed Item/Block/ChestGenHook net.minecraft.item.ItemSeeds@5fb7ab9c
[22:10:40] [Server thread/INFO] [STDOUT]: [atomicstryker.battletowers.common.TowerStageItemManager:<init>:72]: Battletowers parsed Item/Block/ChestGenHook net.minecraft.item.ItemSword@722787b5
[22:10:40] [Server thread/INFO] [STDOUT]: [atomicstryker.battletowers.common.TowerStageItemManager:<init>:72]: Battletowers parsed Item/Block/ChestGenHook net.minecraft.item.Item@677cb96e
[22:10:40] [Server thread/INFO] [STDOUT]: [atomicstryker.battletowers.common.TowerStageItemManager:<init>:72]: Battletowers parsed Item/Block/ChestGenHook net.minecraft.item.Item@65859b44
[22:10:40] [Server thread/INFO] [STDOUT]: [atomicstryker.battletowers.common.TowerStageItemManager:<init>:72]: Battletowers parsed Item/Block/ChestGenHook net.minecraft.item.ItemFishFood@582dcd35
[22:10:40] [Server thread/INFO] [STDOUT]: [atomicstryker.battletowers.common.TowerStageItemManager:<init>:72]: Battletowers parsed Item/Block/ChestGenHook net.minecraft.item.ItemDye@58164e9a
[22:10:40] [Server thread/INFO] [STDOUT]: [atomicstryker.battletowers.common.TowerStageItemManager:<init>:72]: Battletowers parsed Item/Block/ChestGenHook net.minecraft.item.ItemArmor@2dcd0e41
[22:10:40] [Server thread/INFO] [STDOUT]: [atomicstryker.battletowers.common.TowerStageItemManager:<init>:72]: Battletowers parsed Item/Block/ChestGenHook net.minecraft.item.ItemArmor@7272ee51
[22:10:40] [Server thread/INFO] [STDOUT]: [atomicstryker.battletowers.common.TowerStageItemManager:<init>:72]: Battletowers parsed Item/Block/ChestGenHook net.minecraft.item.ItemArmor@1b409a79
[22:10:40] [Server thread/INFO] [STDOUT]: [atomicstryker.battletowers.common.TowerStageItemManager:<init>:72]: Battletowers parsed Item/Block/ChestGenHook net.minecraft.item.ItemArmor@5940b14e
[22:10:40] [Server thread/INFO] [STDOUT]: [atomicstryker.battletowers.common.TowerStageItemManager:<init>:72]: Battletowers parsed Item/Block/ChestGenHook ChestGenHook:chests/simple_dungeon:3
[22:10:40] [Server thread/INFO] [STDOUT]: [atomicstryker.battletowers.common.TowerStageItemManager:<init>:72]: Battletowers parsed Item/Block/ChestGenHook net.minecraft.item.ItemBlock@35c8be21
[22:10:40] [Server thread/INFO] [STDOUT]: [atomicstryker.battletowers.common.TowerStageItemManager:<init>:72]: Battletowers parsed Item/Block/ChestGenHook net.minecraft.item.ItemBlock@ac4915e
[22:10:40] [Server thread/INFO] [STDOUT]: [atomicstryker.battletowers.common.TowerStageItemManager:<init>:72]: Battletowers parsed Item/Block/ChestGenHook net.minecraft.item.ItemLilyPad@30159886
[22:10:40] [Server thread/INFO] [STDOUT]: [atomicstryker.battletowers.common.TowerStageItemManager:<init>:72]: Battletowers parsed Item/Block/ChestGenHook net.minecraft.item.ItemBlockSpecial@10e56da9
[22:10:40] [Server thread/INFO] [STDOUT]: [atomicstryker.battletowers.common.TowerStageItemManager:<init>:72]: Battletowers parsed Item/Block/ChestGenHook ChestGenHook:chests/simple_dungeon:5
[22:10:40] [Server thread/INFO] [STDOUT]: [atomicstryker.battletowers.common.TowerStageItemManager:<init>:72]: Battletowers parsed Item/Block/ChestGenHook net.minecraft.item.ItemEnderPearl@1412682c
[22:10:40] [Server thread/INFO] [STDOUT]: [atomicstryker.battletowers.common.TowerStageItemManager:<init>:72]: Battletowers parsed Item/Block/ChestGenHook net.minecraft.item.Item@7de35070
[22:10:40] [Server thread/INFO] [STDOUT]: [atomicstryker.battletowers.common.TowerStageItemManager:<init>:72]: Battletowers parsed Item/Block/ChestGenHook net.minecraft.item.ItemRedstone@1de5cc88
[22:10:40] [Server thread/INFO] [STDOUT]: [atomicstryker.battletowers.common.TowerStageItemManager:<init>:72]: Battletowers parsed Item/Block/ChestGenHook net.minecraft.item.Item@7c901203
[22:10:40] [Server thread/INFO] [STDOUT]: [atomicstryker.battletowers.common.TowerStageItemManager:<init>:72]: Battletowers parsed Item/Block/ChestGenHook ChestGenHook:chests/simple_dungeon:7
[22:10:40] [Server thread/TRACE] [FML]: Sent event FMLPostInitializationEvent to mod battletowers
[22:10:40] [Server thread/DEBUG] [FML]: Bar Step: PostInitialization - Battle Towers took 0.025s
[22:10:40] [Server thread/TRACE] [FML]: Sending event FMLPostInitializationEvent to mod dungeonsmod
[22:10:40] [Server thread/TRACE] [FML]: Sent event FMLPostInitializationEvent to mod dungeonsmod
[22:10:40] [Server thread/DEBUG] [FML]: Bar Step: PostInitialization - Dungeons Mod took 0.006s
[22:10:40] [Server thread/TRACE] [FML]: Sending event FMLPostInitializationEvent to mod sexmod
[22:10:40] [Server thread/INFO] [sexmod]: loading up custom models...
[22:10:40] [Server thread/INFO] [sexmod]: found 0 custom model(s)
[22:10:40] [Server thread/DEBUG] [sexmod]: successfully registered 0 custom models
[22:10:40] [Server thread/TRACE] [FML]: Sent event FMLPostInitializationEvent to mod sexmod
[22:10:40] [Server thread/DEBUG] [FML]: Bar Step: PostInitialization - Fapcraft took 0.008s
[22:10:40] [Server thread/TRACE] [FML]: Sending event FMLPostInitializationEvent to mod geckolib3
[22:10:40] [Server thread/TRACE] [FML]: Sent event FMLPostInitializationEvent to mod geckolib3
[22:10:40] [Server thread/DEBUG] [FML]: Bar Step: PostInitialization - geckolib3 took 0.000s
[22:10:40] [Server thread/TRACE] [FML]: Sending event FMLPostInitializationEvent to mod jei
[22:10:40] [Server thread/TRACE] [FML]: Sent event FMLPostInitializationEvent to mod jei
[22:10:40] [Server thread/DEBUG] [FML]: Bar Step: PostInitialization - Just Enough Items took 0.000s
[22:10:40] [Server thread/TRACE] [FML]: Sending event FMLPostInitializationEvent to mod travelersbackpack
[22:10:40] [Server thread/TRACE] [FML]: Sent event FMLPostInitializationEvent to mod travelersbackpack
[22:10:40] [Server thread/DEBUG] [FML]: Bar Step: PostInitialization - Traveler's Backpack took 0.000s
[22:10:40] [Server thread/DEBUG] [FML]: Bar Finished: PostInitialization took 0.042s
[22:10:40] [Server thread/TRACE] [FML]: Sending event FMLLoadCompleteEvent to mod minecraft
[22:10:40] [Server thread/TRACE] [FML]: Sent event FMLLoadCompleteEvent to mod minecraft
[22:10:40] [Server thread/DEBUG] [FML]: Bar Step: LoadComplete - Minecraft took 0.000s
[22:10:40] [Server thread/TRACE] [FML]: Sending event FMLLoadCompleteEvent to mod mcp
[22:10:40] [Server thread/TRACE] [FML]: Sent event FMLLoadCompleteEvent to mod mcp
[22:10:40] [Server thread/DEBUG] [FML]: Bar Step: LoadComplete - Minecraft Coder Pack took 0.000s
[22:10:40] [Server thread/TRACE] [FML]: Sending event FMLLoadCompleteEvent to mod FML
[22:10:40] [Server thread/TRACE] [FML]: Sent event FMLLoadCompleteEvent to mod FML
[22:10:40] [Server thread/DEBUG] [FML]: Bar Step: LoadComplete - Forge Mod Loader took 0.000s
[22:10:40] [Server thread/TRACE] [FML]: Sending event FMLLoadCompleteEvent to mod forge
[22:10:40] [Server thread/DEBUG] [FML]: Forge RecipeSorter Baking:
[22:10:40] [Server thread/DEBUG] [FML]:   16: RecipeEntry("Before", UNKNOWN, )
[22:10:40] [Server thread/DEBUG] [FML]:   15: RecipeEntry("minecraft:shaped", SHAPED, net.minecraft.item.crafting.ShapedRecipes) Before: minecraft:shapeless
[22:10:40] [Server thread/DEBUG] [FML]:   14: RecipeEntry("forge:shapedore", SHAPED, net.minecraftforge.oredict.ShapedOreRecipe) Before: minecraft:shapeless After: minecraft:shaped
[22:10:40] [Server thread/DEBUG] [FML]:   13: RecipeEntry("minecraft:mapextending", SHAPED, net.minecraft.item.crafting.RecipesMapExtending) Before: minecraft:shapeless After: minecraft:shaped
[22:10:40] [Server thread/DEBUG] [FML]:   12: RecipeEntry("minecraft:shapeless", SHAPELESS, net.minecraft.item.crafting.ShapelessRecipes) After: minecraft:shaped
[22:10:40] [Server thread/DEBUG] [FML]:   11: RecipeEntry("minecraft:repair", SHAPELESS, net.minecraft.item.crafting.RecipeRepairItem) After: minecraft:shapeless
[22:10:40] [Server thread/DEBUG] [FML]:   10: RecipeEntry("minecraft:shield_deco", SHAPELESS, net.minecraft.item.crafting.ShieldRecipes$Decoration) After: minecraft:shapeless
[22:10:40] [Server thread/DEBUG] [FML]:   9: RecipeEntry("minecraft:armordyes", SHAPELESS, net.minecraft.item.crafting.RecipesArmorDyes) After: minecraft:shapeless
[22:10:40] [Server thread/DEBUG] [FML]:   8: RecipeEntry("minecraft:fireworks", SHAPELESS, net.minecraft.item.crafting.RecipeFireworks) After: minecraft:shapeless
[22:10:40] [Server thread/DEBUG] [FML]:   7: RecipeEntry("minecraft:pattern_dupe", SHAPELESS, net.minecraft.item.crafting.RecipesBanners$RecipeDuplicatePattern) After: minecraft:shapeless
[22:10:40] [Server thread/DEBUG] [FML]:   6: RecipeEntry("minecraft:tippedarrow", SHAPELESS, net.minecraft.item.crafting.RecipeTippedArrow) After: minecraft:shapeless
[22:10:40] [Server thread/DEBUG] [FML]:   5: RecipeEntry("minecraft:mapcloning", SHAPELESS, net.minecraft.item.crafting.RecipesMapCloning) After: minecraft:shapeless
[22:10:40] [Server thread/DEBUG] [FML]:   4: RecipeEntry("forge:shapelessore", SHAPELESS, net.minecraftforge.oredict.ShapelessOreRecipe) After: minecraft:shapeless
[22:10:40] [Server thread/DEBUG] [FML]:   3: RecipeEntry("minecraft:pattern_add", SHAPELESS, net.minecraft.item.crafting.RecipesBanners$RecipeAddPattern) After: minecraft:shapeless
[22:10:40] [Server thread/DEBUG] [FML]:   2: RecipeEntry("minecraft:bookcloning", SHAPELESS, net.minecraft.item.crafting.RecipeBookCloning) After: minecraft:shapeless
[22:10:40] [Server thread/DEBUG] [FML]:   1: RecipeEntry("After", UNKNOWN, )
[22:10:40] [Server thread/DEBUG] [FML]: Sorting recipes
[22:10:40] [Server thread/TRACE] [FML]: Sent event FMLLoadCompleteEvent to mod forge
[22:10:40] [Server thread/DEBUG] [FML]: Bar Step: LoadComplete - Minecraft Forge took 0.009s
[22:10:40] [Server thread/TRACE] [FML]: Sending event FMLLoadCompleteEvent to mod battletowers
[22:10:40] [Server thread/TRACE] [FML]: Sent event FMLLoadCompleteEvent to mod battletowers
[22:10:40] [Server thread/DEBUG] [FML]: Bar Step: LoadComplete - Battle Towers took 0.000s
[22:10:40] [Server thread/TRACE] [FML]: Sending event FMLLoadCompleteEvent to mod dungeonsmod
[22:10:40] [Server thread/TRACE] [FML]: Sent event FMLLoadCompleteEvent to mod dungeonsmod
[22:10:40] [Server thread/DEBUG] [FML]: Bar Step: LoadComplete - Dungeons Mod took 0.000s
[22:10:40] [Server thread/TRACE] [FML]: Sending event FMLLoadCompleteEvent to mod sexmod
[22:10:40] [Server thread/TRACE] [FML]: Sent event FMLLoadCompleteEvent to mod sexmod
[22:10:40] [Server thread/DEBUG] [FML]: Bar Step: LoadComplete - Fapcraft took 0.000s
[22:10:40] [Server thread/TRACE] [FML]: Sending event FMLLoadCompleteEvent to mod geckolib3
[22:10:40] [Server thread/TRACE] [FML]: Sent event FMLLoadCompleteEvent to mod geckolib3
[22:10:40] [Server thread/DEBUG] [FML]: Bar Step: LoadComplete - geckolib3 took 0.000s
[22:10:40] [Server thread/TRACE] [FML]: Sending event FMLLoadCompleteEvent to mod jei
[22:10:40] [Server thread/TRACE] [FML]: Sent event FMLLoadCompleteEvent to mod jei
[22:10:40] [Server thread/DEBUG] [FML]: Bar Step: LoadComplete - Just Enough Items took 0.000s
[22:10:40] [Server thread/TRACE] [FML]: Sending event FMLLoadCompleteEvent to mod travelersbackpack
[22:10:40] [Server thread/TRACE] [FML]: Sent event FMLLoadCompleteEvent to mod travelersbackpack
[22:10:40] [Server thread/DEBUG] [FML]: Bar Step: LoadComplete - Traveler's Backpack took 0.000s
[22:10:40] [Server thread/DEBUG] [FML]: Bar Finished: LoadComplete took 0.011s
[22:10:40] [Server thread/DEBUG] [FML]: Freezing registries
[22:10:40] [Server thread/TRACE] [FML]: Sending event FMLModIdMappingEvent to mod minecraft
[22:10:40] [Server thread/TRACE] [FML]: Sent event FMLModIdMappingEvent to mod minecraft
[22:10:40] [Server thread/DEBUG] [FML]: Bar Step: ModIdMapping - Minecraft took 0.001s
[22:10:40] [Server thread/TRACE] [FML]: Sending event FMLModIdMappingEvent to mod mcp
[22:10:40] [Server thread/TRACE] [FML]: Sent event FMLModIdMappingEvent to mod mcp
[22:10:40] [Server thread/DEBUG] [FML]: Bar Step: ModIdMapping - Minecraft Coder Pack took 0.001s
[22:10:40] [Server thread/TRACE] [FML]: Sending event FMLModIdMappingEvent to mod FML
[22:10:40] [Server thread/TRACE] [FML]: Sent event FMLModIdMappingEvent to mod FML
[22:10:40] [Server thread/DEBUG] [FML]: Bar Step: ModIdMapping - Forge Mod Loader took 0.000s
[22:10:40] [Server thread/TRACE] [FML]: Sending event FMLModIdMappingEvent to mod forge
[22:10:40] [Server thread/TRACE] [FML]: Sent event FMLModIdMappingEvent to mod forge
[22:10:40] [Server thread/DEBUG] [FML]: Bar Step: ModIdMapping - Minecraft Forge took 0.036s
[22:10:40] [Server thread/TRACE] [FML]: Sending event FMLModIdMappingEvent to mod battletowers
[22:10:40] [Server thread/TRACE] [FML]: Sent event FMLModIdMappingEvent to mod battletowers
[22:10:40] [Server thread/DEBUG] [FML]: Bar Step: ModIdMapping - Battle Towers took 0.001s
[22:10:40] [Server thread/TRACE] [FML]: Sending event FMLModIdMappingEvent to mod dungeonsmod
[22:10:40] [Server thread/TRACE] [FML]: Sent event FMLModIdMappingEvent to mod dungeonsmod
[22:10:40] [Server thread/DEBUG] [FML]: Bar Step: ModIdMapping - Dungeons Mod took 0.000s
[22:10:40] [Server thread/TRACE] [FML]: Sending event FMLModIdMappingEvent to mod sexmod
[22:10:40] [Server thread/TRACE] [FML]: Sent event FMLModIdMappingEvent to mod sexmod
[22:10:40] [Server thread/DEBUG] [FML]: Bar Step: ModIdMapping - Fapcraft took 0.000s
[22:10:40] [Server thread/TRACE] [FML]: Sending event FMLModIdMappingEvent to mod geckolib3
[22:10:40] [Server thread/TRACE] [FML]: Sent event FMLModIdMappingEvent to mod geckolib3
[22:10:40] [Server thread/DEBUG] [FML]: Bar Step: ModIdMapping - geckolib3 took 0.000s
[22:10:40] [Server thread/TRACE] [FML]: Sending event FMLModIdMappingEvent to mod jei
[22:10:40] [Server thread/TRACE] [FML]: Sent event FMLModIdMappingEvent to mod jei
[22:10:40] [Server thread/DEBUG] [FML]: Bar Step: ModIdMapping - Just Enough Items took 0.000s
[22:10:40] [Server thread/TRACE] [FML]: Sending event FMLModIdMappingEvent to mod travelersbackpack
[22:10:40] [Server thread/TRACE] [FML]: Sent event FMLModIdMappingEvent to mod travelersbackpack
[22:10:40] [Server thread/DEBUG] [FML]: Bar Step: ModIdMapping - Traveler's Backpack took 0.000s
[22:10:40] [Server thread/DEBUG] [FML]: Bar Finished: ModIdMapping took 0.041s
[22:10:40] [Server thread/DEBUG] [FML]: All registries frozen
[22:10:40] [Server thread/INFO] [FML]: Forge Mod Loader has successfully loaded 10 mods
[22:10:40] [Server thread/TRACE] [FML]: Sending event FMLServerAboutToStartEvent to mod minecraft
[22:10:40] [Server thread/TRACE] [FML]: Sent event FMLServerAboutToStartEvent to mod minecraft
[22:10:40] [Server thread/DEBUG] [FML]: Bar Step: ServerAboutToStart - Minecraft took 0.000s
[22:10:40] [Server thread/TRACE] [FML]: Sending event FMLServerAboutToStartEvent to mod mcp
[22:10:40] [Server thread/TRACE] [FML]: Sent event FMLServerAboutToStartEvent to mod mcp
[22:10:40] [Server thread/DEBUG] [FML]: Bar Step: ServerAboutToStart - Minecraft Coder Pack took 0.000s
[22:10:40] [Server thread/TRACE] [FML]: Sending event FMLServerAboutToStartEvent to mod FML
[22:10:40] [Server thread/TRACE] [FML]: Sent event FMLServerAboutToStartEvent to mod FML
[22:10:40] [Server thread/DEBUG] [FML]: Bar Step: ServerAboutToStart - Forge Mod Loader took 0.000s
[22:10:40] [Server thread/TRACE] [FML]: Sending event FMLServerAboutToStartEvent to mod forge
[22:10:40] [Server thread/TRACE] [FML]: Sent event FMLServerAboutToStartEvent to mod forge
[22:10:40] [Server thread/DEBUG] [FML]: Bar Step: ServerAboutToStart - Minecraft Forge took 0.000s
[22:10:40] [Server thread/TRACE] [FML]: Sending event FMLServerAboutToStartEvent to mod battletowers
[22:10:40] [Server thread/TRACE] [FML]: Sent event FMLServerAboutToStartEvent to mod battletowers
[22:10:40] [Server thread/DEBUG] [FML]: Bar Step: ServerAboutToStart - Battle Towers took 0.000s
[22:10:40] [Server thread/TRACE] [FML]: Sending event FMLServerAboutToStartEvent to mod dungeonsmod
[22:10:40] [Server thread/TRACE] [FML]: Sent event FMLServerAboutToStartEvent to mod dungeonsmod
[22:10:40] [Server thread/DEBUG] [FML]: Bar Step: ServerAboutToStart - Dungeons Mod took 0.000s
[22:10:40] [Server thread/TRACE] [FML]: Sending event FMLServerAboutToStartEvent to mod sexmod
[22:10:40] [Server thread/TRACE] [FML]: Sent event FMLServerAboutToStartEvent to mod sexmod
[22:10:40] [Server thread/DEBUG] [FML]: Bar Step: ServerAboutToStart - Fapcraft took 0.000s
[22:10:40] [Server thread/TRACE] [FML]: Sending event FMLServerAboutToStartEvent to mod geckolib3
[22:10:40] [Server thread/TRACE] [FML]: Sent event FMLServerAboutToStartEvent to mod geckolib3
[22:10:40] [Server thread/DEBUG] [FML]: Bar Step: ServerAboutToStart - geckolib3 took 0.000s
[22:10:40] [Server thread/TRACE] [FML]: Sending event FMLServerAboutToStartEvent to mod jei
[22:10:40] [Server thread/TRACE] [FML]: Sent event FMLServerAboutToStartEvent to mod jei
[22:10:40] [Server thread/DEBUG] [FML]: Bar Step: ServerAboutToStart - Just Enough Items took 0.000s
[22:10:40] [Server thread/TRACE] [FML]: Sending event FMLServerAboutToStartEvent to mod travelersbackpack
[22:10:40] [Server thread/TRACE] [FML]: Sent event FMLServerAboutToStartEvent to mod travelersbackpack
[22:10:40] [Server thread/DEBUG] [FML]: Bar Step: ServerAboutToStart - Traveler's Backpack took 0.000s
[22:10:40] [Server thread/DEBUG] [FML]: Bar Finished: ServerAboutToStart took 0.002s
[22:10:40] [Server thread/INFO] [net.minecraft.server.dedicated.DedicatedServer]: Preparing level "world"
[22:10:40] [Server thread/INFO] [FML]: Injecting existing registry data into this server instance
[22:10:40] [Server thread/TRACE] [FML]: Registry Name : minecraft:blocks
[22:10:40] [Server thread/TRACE] [FML]:   Registry: 0 minecraft:air Block{minecraft:air}
[22:10:40] [Server thread/TRACE] [FML]:   Registry: 1 minecraft:stone Block{minecraft:stone}
[22:10:40] [Server thread/TRACE] [FML]:   Registry: 2 minecraft:grass Block{minecraft:grass}
[22:10:40] [Server thread/TRACE] [FML]:   Registry: 3 minecraft:dirt Block{minecraft:dirt}
[22:10:40] [Server thread/TRACE] [FML]:   Registry: 4 minecraft:cobblestone Block{minecraft:cobblestone}
[22:10:40] [Server thread/TRACE] [FML]:   Registry: 5 minecraft:planks Block{minecraft:planks}
[22:10:40] [Server thread/TRACE] [FML]:   Registry: 6 minecraft:sapling Block{minecraft:sapling}
[22:10:40] [Server thread/TRACE] [FML]:   Registry: 7 minecraft:bedrock Block{minecraft:bedrock}
[22:10:40] [Server thread/TRACE] [FML]:   Registry: 8 minecraft:flowing_water Block{minecraft:flowing_water}
[22:10:40] [Server thread/TRACE] [FML]:   Registry: 9 minecraft:water Block{minecraft:water}
[22:10:40] [Server thread/TRACE] [FML]:   Registry: 10 minecraft:flowing_lava Block{minecraft:flowing_lava}
[22:10:40] [Server thread/TRACE] [FML]:   Registry: 11 minecraft:lava Block{minecraft:lava}
[22:10:40] [Server thread/TRACE] [FML]:   Registry: 12 minecraft:sand Block{minecraft:sand}
[22:10:40] [Server thread/TRACE] [FML]:   Registry: 13 minecraft:gravel Block{minecraft:gravel}
[22:10:40] [Server thread/TRACE] [FML]:   Registry: 14 minecraft:gold_ore Block{minecraft:gold_ore}
[22:10:40] [Server thread/TRACE] [FML]:   Registry: 15 minecraft:iron_ore Block{minecraft:iron_ore}
[22:10:40] [Server thread/TRACE] [FML]:   Registry: 16 minecraft:coal_ore Block{minecraft:coal_ore}
[22:10:40] [Server thread/TRACE] [FML]:   Registry: 17 minecraft:log Block{minecraft:log}
[22:10:40] [Server thread/TRACE] [FML]:   Registry: 18 minecraft:leaves Block{minecraft:leaves}
[22:10:40] [Server thread/TRACE] [FML]:   Registry: 19 minecraft:sponge Block{minecraft:sponge}
[22:10:40] [Server thread/TRACE] [FML]:   Registry: 20 minecraft:glass Block{minecraft:glass}
[22:10:40] [Server thread/TRACE] [FML]:   Registry: 21 minecraft:lapis_ore Block{minecraft:lapis_ore}
[22:10:40] [Server thread/TRACE] [FML]:   Registry: 22 minecraft:lapis_block Block{minecraft:lapis_block}
[22:10:40] [Server thread/TRACE] [FML]:   Registry: 23 minecraft:dispenser Block{minecraft:dispenser}
[22:10:40] [Server thread/TRACE] [FML]:   Registry: 24 minecraft:sandstone Block{minecraft:sandstone}
[22:10:40] [Server thread/TRACE] [FML]:   Registry: 25 minecraft:noteblock Block{minecraft:noteblock}
[22:10:40] [Server thread/TRACE] [FML]:   Registry: 26 minecraft:bed Block{minecraft:bed}
[22:10:40] [Server thread/TRACE] [FML]:   Registry: 27 minecraft:golden_rail Block{minecraft:golden_rail}
[22:10:40] [Server thread/TRACE] [FML]:   Registry: 28 minecraft:detector_rail Block{minecraft:detector_rail}
[22:10:40] [Server thread/TRACE] [FML]:   Registry: 29 minecraft:sticky_piston Block{minecraft:sticky_piston}
[22:10:40] [Server thread/TRACE] [FML]:   Registry: 30 minecraft:web Block{minecraft:web}
[22:10:40] [Server thread/TRACE] [FML]:   Registry: 31 minecraft:tallgrass Block{minecraft:tallgrass}
[22:10:40] [Server thread/TRACE] [FML]:   Registry: 32 minecraft:deadbush Block{minecraft:deadbush}
[22:10:40] [Server thread/TRACE] [FML]:   Registry: 33 minecraft:piston Block{minecraft:piston}
[22:10:40] [Server thread/TRACE] [FML]:   Registry: 34 minecraft:piston_head Block{minecraft:piston_head}
[22:10:40] [Server thread/TRACE] [FML]:   Registry: 35 minecraft:wool Block{minecraft:wool}
[22:10:40] [Server thread/TRACE] [FML]:   Registry: 36 minecraft:piston_extension Block{minecraft:piston_extension}
[22:10:40] [Server thread/TRACE] [FML]:   Registry: 37 minecraft:yellow_flower Block{minecraft:yellow_flower}
[22:10:40] [Server thread/TRACE] [FML]:   Registry: 38 minecraft:red_flower Block{minecraft:red_flower}
[22:10:40] [Server thread/TRACE] [FML]:   Registry: 39 minecraft:brown_mushroom Block{minecraft:brown_mushroom}
[22:10:40] [Server thread/TRACE] [FML]:   Registry: 40 minecraft:red_mushroom Block{minecraft:red_mushroom}
[22:10:40] [Server thread/TRACE] [FML]:   Registry: 41 minecraft:gold_block Block{minecraft:gold_block}
[22:10:40] [Server thread/TRACE] [FML]:   Registry: 42 minecraft:iron_block Block{minecraft:iron_block}
[22:10:40] [Server thread/TRACE] [FML]:   Registry: 43 minecraft:double_stone_slab Block{minecraft:double_stone_slab}
[22:10:40] [Server thread/TRACE] [FML]:   Registry: 44 minecraft:stone_slab Block{minecraft:stone_slab}
[22:10:40] [Server thread/TRACE] [FML]:   Registry: 45 minecraft:brick_block Block{minecraft:brick_block}
[22:10:40] [Server thread/TRACE] [FML]:   Registry: 46 minecraft:tnt Block{minecraft:tnt}
[22:10:40] [Server thread/TRACE] [FML]:   Registry: 47 minecraft:bookshelf Block{minecraft:bookshelf}
[22:10:40] [Server thread/TRACE] [FML]:   Registry: 48 minecraft:mossy_cobblestone Block{minecraft:mossy_cobblestone}
[22:10:40] [Server thread/TRACE] [FML]:   Registry: 49 minecraft:obsidian Block{minecraft:obsidian}
[22:10:40] [Server thread/TRACE] [FML]:   Registry: 50 minecraft:torch Block{minecraft:torch}
[22:10:40] [Server thread/TRACE] [FML]:   Registry: 51 minecraft:fire Block{minecraft:fire}
[22:10:40] [Server thread/TRACE] [FML]:   Registry: 52 minecraft:mob_spawner Block{minecraft:mob_spawner}
[22:10:40] [Server thread/TRACE] [FML]:   Registry: 53 minecraft:oak_stairs Block{minecraft:oak_stairs}
[22:10:40] [Server thread/TRACE] [FML]:   Registry: 54 minecraft:chest Block{minecraft:chest}
[22:10:40] [Server thread/TRACE] [FML]:   Registry: 55 minecraft:redstone_wire Block{minecraft:redstone_wire}
[22:10:40] [Server thread/TRACE] [FML]:   Registry: 56 minecraft:diamond_ore Block{minecraft:diamond_ore}
[22:10:40] [Server thread/TRACE] [FML]:   Registry: 57 minecraft:diamond_block Block{minecraft:diamond_block}
[22:10:40] [Server thread/TRACE] [FML]:   Registry: 58 minecraft:crafting_table Block{minecraft:crafting_table}
[22:10:40] [Server thread/TRACE] [FML]:   Registry: 59 minecraft:wheat Block{minecraft:wheat}
[22:10:40] [Server thread/TRACE] [FML]:   Registry: 60 minecraft:farmland Block{minecraft:farmland}
[22:10:40] [Server thread/TRACE] [FML]:   Registry: 61 minecraft:furnace Block{minecraft:furnace}
[22:10:40] [Server thread/TRACE] [FML]:   Registry: 62 minecraft:lit_furnace Block{minecraft:lit_furnace}
[22:10:40] [Server thread/TRACE] [FML]:   Registry: 63 minecraft:standing_sign Block{minecraft:standing_sign}
[22:10:40] [Server thread/TRACE] [FML]:   Registry: 64 minecraft:wooden_door Block{minecraft:wooden_door}
[22:10:40] [Server thread/TRACE] [FML]:   Registry: 65 minecraft:ladder Block{minecraft:ladder}
[22:10:40] [Server thread/TRACE] [FML]:   Registry: 66 minecraft:rail Block{minecraft:rail}
[22:10:40] [Server thread/TRACE] [FML]:   Registry: 67 minecraft:stone_stairs Block{minecraft:stone_stairs}
[22:10:40] [Server thread/TRACE] [FML]:   Registry: 68 minecraft:wall_sign Block{minecraft:wall_sign}
[22:10:40] [Server thread/TRACE] [FML]:   Registry: 69 minecraft:lever Block{minecraft:lever}
[22:10:40] [Server thread/TRACE] [FML]:   Registry: 70 minecraft:stone_pressure_plate Block{minecraft:stone_pressure_plate}
[22:10:40] [Server thread/TRACE] [FML]:   Registry: 71 minecraft:iron_door Block{minecraft:iron_door}
[22:10:40] [Server thread/TRACE] [FML]:   Registry: 72 minecraft:wooden_pressure_plate Block{minecraft:wooden_pressure_plate}
[22:10:40] [Server thread/TRACE] [FML]:   Registry: 73 minecraft:redstone_ore Block{minecraft:redstone_ore}
[22:10:40] [Server thread/TRACE] [FML]:   Registry: 74 minecraft:lit_redstone_ore Block{minecraft:lit_redstone_ore}
[22:10:40] [Server thread/TRACE] [FML]:   Registry: 75 minecraft:unlit_redstone_torch Block{minecraft:unlit_redstone_torch}
[22:10:40] [Server thread/TRACE] [FML]:   Registry: 76 minecraft:redstone_torch Block{minecraft:redstone_torch}
[22:10:40] [Server thread/TRACE] [FML]:   Registry: 77 minecraft:stone_button Block{minecraft:stone_button}
[22:10:40] [Server thread/TRACE] [FML]:   Registry: 78 minecraft:snow_layer Block{minecraft:snow_layer}
[22:10:40] [Server thread/TRACE] [FML]:   Registry: 79 minecraft:ice Block{minecraft:ice}
[22:10:40] [Server thread/TRACE] [FML]:   Registry: 80 minecraft:snow Block{minecraft:snow}
[22:10:40] [Server thread/TRACE] [FML]:   Registry: 81 minecraft:cactus Block{minecraft:cactus}
[22:10:40] [Server thread/TRACE] [FML]:   Registry: 82 minecraft:clay Block{minecraft:clay}
[22:10:40] [Server thread/TRACE] [FML]:   Registry: 83 minecraft:reeds Block{minecraft:reeds}
[22:10:40] [Server thread/TRACE] [FML]:   Registry: 84 minecraft:jukebox Block{minecraft:jukebox}
[22:10:40] [Server thread/TRACE] [FML]:   Registry: 85 minecraft:fence Block{minecraft:fence}
[22:10:40] [Server thread/TRACE] [FML]:   Registry: 86 minecraft:pumpkin Block{minecraft:pumpkin}
[22:10:40] [Server thread/TRACE] [FML]:   Registry: 87 minecraft:netherrack Block{minecraft:netherrack}
[22:10:40] [Server thread/TRACE] [FML]:   Registry: 88 minecraft:soul_sand Block{minecraft:soul_sand}
[22:10:40] [Server thread/TRACE] [FML]:   Registry: 89 minecraft:glowstone Block{minecraft:glowstone}
[22:10:40] [Server thread/TRACE] [FML]:   Registry: 90 minecraft:portal Block{minecraft:portal}
[22:10:40] [Server thread/TRACE] [FML]:   Registry: 91 minecraft:lit_pumpkin Block{minecraft:lit_pumpkin}
[22:10:40] [Server thread/TRACE] [FML]:   Registry: 92 minecraft:cake Block{minecraft:cake}
[22:10:40] [Server thread/TRACE] [FML]:   Registry: 93 minecraft:unpowered_repeater Block{minecraft:unpowered_repeater}
[22:10:40] [Server thread/TRACE] [FML]:   Registry: 94 minecraft:powered_repeater Block{minecraft:powered_repeater}
[22:10:40] [Server thread/TRACE] [FML]:   Registry: 95 minecraft:stained_glass Block{minecraft:stained_glass}
[22:10:40] [Server thread/TRACE] [FML]:   Registry: 96 minecraft:trapdoor Block{minecraft:trapdoor}
[22:10:40] [Server thread/TRACE] [FML]:   Registry: 97 minecraft:monster_egg Block{minecraft:monster_egg}
[22:10:40] [Server thread/TRACE] [FML]:   Registry: 98 minecraft:stonebrick Block{minecraft:stonebrick}
[22:10:40] [Server thread/TRACE] [FML]:   Registry: 99 minecraft:brown_mushroom_block Block{minecraft:brown_mushroom_block}
[22:10:40] [Server thread/TRACE] [FML]:   Registry: 100 minecraft:red_mushroom_block Block{minecraft:red_mushroom_block}
[22:10:40] [Server thread/TRACE] [FML]:   Registry: 101 minecraft:iron_bars Block{minecraft:iron_bars}
[22:10:40] [Server thread/TRACE] [FML]:   Registry: 102 minecraft:glass_pane Block{minecraft:glass_pane}
[22:10:40] [Server thread/TRACE] [FML]:   Registry: 103 minecraft:melon_block Block{minecraft:melon_block}
[22:10:40] [Server thread/TRACE] [FML]:   Registry: 104 minecraft:pumpkin_stem Block{minecraft:pumpkin_stem}
[22:10:40] [Server thread/TRACE] [FML]:   Registry: 105 minecraft:melon_stem Block{minecraft:melon_stem}
[22:10:40] [Server thread/TRACE] [FML]:   Registry: 106 minecraft:vine Block{minecraft:vine}
[22:10:40] [Server thread/TRACE] [FML]:   Registry: 107 minecraft:fence_gate Block{minecraft:fence_gate}
[22:10:40] [Server thread/TRACE] [FML]:   Registry: 108 minecraft:brick_stairs Block{minecraft:brick_stairs}
[22:10:40] [Server thread/TRACE] [FML]:   Registry: 109 minecraft:stone_brick_stairs Block{minecraft:stone_brick_stairs}
[22:10:40] [Server thread/TRACE] [FML]:   Registry: 110 minecraft:mycelium Block{minecraft:mycelium}
[22:10:40] [Server thread/TRACE] [FML]:   Registry: 111 minecraft:waterlily Block{minecraft:waterlily}
[22:10:40] [Server thread/TRACE] [FML]:   Registry: 112 minecraft:nether_brick Block{minecraft:nether_brick}
[22:10:40] [Server thread/TRACE] [FML]:   Registry: 113 minecraft:nether_brick_fence Block{minecraft:nether_brick_fence}
[22:10:40] [Server thread/TRACE] [FML]:   Registry: 114 minecraft:nether_brick_stairs Block{minecraft:nether_brick_stairs}
[22:10:40] [Server thread/TRACE] [FML]:   Registry: 115 minecraft:nether_wart Block{minecraft:nether_wart}
[22:10:40] [Server thread/TRACE] [FML]:   Registry: 116 minecraft:enchanting_table Block{minecraft:enchanting_table}
[22:10:40] [Server thread/TRACE] [FML]:   Registry: 117 minecraft:brewing_stand Block{minecraft:brewing_stand}
[22:10:40] [Server thread/TRACE] [FML]:   Registry: 118 minecraft:cauldron Block{minecraft:cauldron}
[22:10:40] [Server thread/TRACE] [FML]:   Registry: 119 minecraft:end_portal Block{minecraft:end_portal}
[22:10:40] [Server thread/TRACE] [FML]:   Registry: 120 minecraft:end_portal_frame Block{minecraft:end_portal_frame}
[22:10:40] [Server thread/TRACE] [FML]:   Registry: 121 minecraft:end_stone Block{minecraft:end_stone}
[22:10:40] [Server thread/TRACE] [FML]:   Registry: 122 minecraft:dragon_egg Block{minecraft:dragon_egg}
[22:10:40] [Server thread/TRACE] [FML]:   Registry: 123 minecraft:redstone_lamp Block{minecraft:redstone_lamp}
[22:10:40] [Server thread/TRACE] [FML]:   Registry: 124 minecraft:lit_redstone_lamp Block{minecraft:lit_redstone_lamp}
[22:10:40] [Server thread/TRACE] [FML]:   Registry: 125 minecraft:double_wooden_slab Block{minecraft:double_wooden_slab}
[22:10:40] [Server thread/TRACE] [FML]:   Registry: 126 minecraft:wooden_slab Block{minecraft:wooden_slab}
[22:10:40] [Server thread/TRACE] [FML]:   Registry: 127 minecraft:cocoa Block{minecraft:cocoa}
[22:10:40] [Server thread/TRACE] [FML]:   Registry: 128 minecraft:sandstone_stairs Block{minecraft:sandstone_stairs}
[22:10:40] [Server thread/TRACE] [FML]:   Registry: 129 minecraft:emerald_ore Block{minecraft:emerald_ore}
[22:10:40] [Server thread/TRACE] [FML]:   Registry: 130 minecraft:ender_chest Block{minecraft:ender_chest}
[22:10:40] [Server thread/TRACE] [FML]:   Registry: 131 minecraft:tripwire_hook Block{minecraft:tripwire_hook}
[22:10:40] [Server thread/TRACE] [FML]:   Registry: 132 minecraft:tripwire Block{minecraft:tripwire}
[22:10:40] [Server thread/TRACE] [FML]:   Registry: 133 minecraft:emerald_block Block{minecraft:emerald_block}
[22:10:40] [Server thread/TRACE] [FML]:   Registry: 134 minecraft:spruce_stairs Block{minecraft:spruce_stairs}
[22:10:40] [Server thread/TRACE] [FML]:   Registry: 135 minecraft:birch_stairs Block{minecraft:birch_stairs}
[22:10:40] [Server thread/TRACE] [FML]:   Registry: 136 minecraft:jungle_stairs Block{minecraft:jungle_stairs}
[22:10:40] [Server thread/TRACE] [FML]:   Registry: 137 minecraft:command_block Block{minecraft:command_block}
[22:10:40] [Server thread/TRACE] [FML]:   Registry: 138 minecraft:beacon Block{minecraft:beacon}
[22:10:40] [Server thread/TRACE] [FML]:   Registry: 139 minecraft:cobblestone_wall Block{minecraft:cobblestone_wall}
[22:10:40] [Server thread/TRACE] [FML]:   Registry: 140 minecraft:flower_pot Block{minecraft:flower_pot}
[22:10:40] [Server thread/TRACE] [FML]:   Registry: 141 minecraft:carrots Block{minecraft:carrots}
[22:10:40] [Server thread/TRACE] [FML]:   Registry: 142 minecraft:potatoes Block{minecraft:potatoes}
[22:10:40] [Server thread/TRACE] [FML]:   Registry: 143 minecraft:wooden_button Block{minecraft:wooden_button}
[22:10:40] [Server thread/TRACE] [FML]:   Registry: 144 minecraft:skull Block{minecraft:skull}
[22:10:40] [Server thread/TRACE] [FML]:   Registry: 145 minecraft:anvil Block{minecraft:anvil}
[22:10:40] [Server thread/TRACE] [FML]:   Registry: 146 minecraft:trapped_chest Block{minecraft:trapped_chest}
[22:10:40] [Server thread/TRACE] [FML]:   Registry: 147 minecraft:light_weighted_pressure_plate Block{minecraft:light_weighted_pressure_plate}
[22:10:40] [Server thread/TRACE] [FML]:   Registry: 148 minecraft:heavy_weighted_pressure_plate Block{minecraft:heavy_weighted_pressure_plate}
[22:10:40] [Server thread/TRACE] [FML]:   Registry: 149 minecraft:unpowered_comparator Block{minecraft:unpowered_comparator}
[22:10:40] [Server thread/TRACE] [FML]:   Registry: 150 minecraft:powered_comparator Block{minecraft:powered_comparator}
[22:10:40] [Server thread/TRACE] [FML]:   Registry: 151 minecraft:daylight_detector Block{minecraft:daylight_detector}
[22:10:40] [Server thread/TRACE] [FML]:   Registry: 152 minecraft:redstone_block Block{minecraft:redstone_block}
[22:10:40] [Server thread/TRACE] [FML]:   Registry: 153 minecraft:quartz_ore Block{minecraft:quartz_ore}
[22:10:40] [Server thread/TRACE] [FML]:   Registry: 154 minecraft:hopper Block{minecraft:hopper}
[22:10:40] [Server thread/TRACE] [FML]:   Registry: 155 minecraft:quartz_block Block{minecraft:quartz_block}
[22:10:40] [Server thread/TRACE] [FML]:   Registry: 156 minecraft:quartz_stairs Block{minecraft:quartz_stairs}
[22:10:40] [Server thread/TRACE] [FML]:   Registry: 157 minecraft:activator_rail Block{minecraft:activator_rail}
[22:10:40] [Server thread/TRACE] [FML]:   Registry: 158 minecraft:dropper Block{minecraft:dropper}
[22:10:40] [Server thread/TRACE] [FML]:   Registry: 159 minecraft:stained_hardened_clay Block{minecraft:stained_hardened_clay}
[22:10:40] [Server thread/TRACE] [FML]:   Registry: 160 minecraft:stained_glass_pane Block{minecraft:stained_glass_pane}
[22:10:40] [Server thread/TRACE] [FML]:   Registry: 161 minecraft:leaves2 Block{minecraft:leaves2}
[22:10:40] [Server thread/TRACE] [FML]:   Registry: 162 minecraft:log2 Block{minecraft:log2}
[22:10:40] [Server thread/TRACE] [FML]:   Registry: 163 minecraft:acacia_stairs Block{minecraft:acacia_stairs}
[22:10:40] [Server thread/TRACE] [FML]:   Registry: 164 minecraft:dark_oak_stairs Block{minecraft:dark_oak_stairs}
[22:10:40] [Server thread/TRACE] [FML]:   Registry: 165 minecraft:slime Block{minecraft:slime}
[22:10:40] [Server thread/TRACE] [FML]:   Registry: 166 minecraft:barrier Block{minecraft:barrier}
[22:10:40] [Server thread/TRACE] [FML]:   Registry: 167 minecraft:iron_trapdoor Block{minecraft:iron_trapdoor}
[22:10:40] [Server thread/TRACE] [FML]:   Registry: 168 minecraft:prismarine Block{minecraft:prismarine}
[22:10:40] [Server thread/TRACE] [FML]:   Registry: 169 minecraft:sea_lantern Block{minecraft:sea_lantern}
[22:10:40] [Server thread/TRACE] [FML]:   Registry: 170 minecraft:hay_block Block{minecraft:hay_block}
[22:10:40] [Server thread/TRACE] [FML]:   Registry: 171 minecraft:carpet Block{minecraft:carpet}
[22:10:40] [Server thread/TRACE] [FML]:   Registry: 172 minecraft:hardened_clay Block{minecraft:hardened_clay}
[22:10:40] [Server thread/TRACE] [FML]:   Registry: 173 minecraft:coal_block Block{minecraft:coal_block}
[22:10:40] [Server thread/TRACE] [FML]:   Registry: 174 minecraft:packed_ice Block{minecraft:packed_ice}
[22:10:40] [Server thread/TRACE] [FML]:   Registry: 175 minecraft:double_plant Block{minecraft:double_plant}
[22:10:40] [Server thread/TRACE] [FML]:   Registry: 176 minecraft:standing_banner Block{minecraft:standing_banner}
[22:10:40] [Server thread/TRACE] [FML]:   Registry: 177 minecraft:wall_banner Block{minecraft:wall_banner}
[22:10:40] [Server thread/TRACE] [FML]:   Registry: 178 minecraft:daylight_detector_inverted Block{minecraft:daylight_detector_inverted}
[22:10:40] [Server thread/TRACE] [FML]:   Registry: 179 minecraft:red_sandstone Block{minecraft:red_sandstone}
[22:10:40] [Server thread/TRACE] [FML]:   Registry: 180 minecraft:red_sandstone_stairs Block{minecraft:red_sandstone_stairs}
[22:10:40] [Server thread/TRACE] [FML]:   Registry: 181 minecraft:double_stone_slab2 Block{minecraft:double_stone_slab2}
[22:10:40] [Server thread/TRACE] [FML]:   Registry: 182 minecraft:stone_slab2 Block{minecraft:stone_slab2}
[22:10:40] [Server thread/TRACE] [FML]:   Registry: 183 minecraft:spruce_fence_gate Block{minecraft:spruce_fence_gate}
[22:10:40] [Server thread/TRACE] [FML]:   Registry: 184 minecraft:birch_fence_gate Block{minecraft:birch_fence_gate}
[22:10:40] [Server thread/TRACE] [FML]:   Registry: 185 minecraft:jungle_fence_gate Block{minecraft:jungle_fence_gate}
[22:10:40] [Server thread/TRACE] [FML]:   Registry: 186 minecraft:dark_oak_fence_gate Block{minecraft:dark_oak_fence_gate}
[22:10:40] [Server thread/TRACE] [FML]:   Registry: 187 minecraft:acacia_fence_gate Block{minecraft:acacia_fence_gate}
[22:10:40] [Server thread/TRACE] [FML]:   Registry: 188 minecraft:spruce_fence Block{minecraft:spruce_fence}
[22:10:40] [Server thread/TRACE] [FML]:   Registry: 189 minecraft:birch_fence Block{minecraft:birch_fence}
[22:10:40] [Server thread/TRACE] [FML]:   Registry: 190 minecraft:jungle_fence Block{minecraft:jungle_fence}
[22:10:40] [Server thread/TRACE] [FML]:   Registry: 191 minecraft:dark_oak_fence Block{minecraft:dark_oak_fence}
[22:10:40] [Server thread/TRACE] [FML]:   Registry: 192 minecraft:acacia_fence Block{minecraft:acacia_fence}
[22:10:40] [Server thread/TRACE] [FML]:   Registry: 193 minecraft:spruce_door Block{minecraft:spruce_door}
[22:10:40] [Server thread/TRACE] [FML]:   Registry: 194 minecraft:birch_door Block{minecraft:birch_door}
[22:10:40] [Server thread/TRACE] [FML]:   Registry: 195 minecraft:jungle_door Block{minecraft:jungle_door}
[22:10:40] [Server thread/TRACE] [FML]:   Registry: 196 minecraft:acacia_door Block{minecraft:acacia_door}
[22:10:40] [Server thread/TRACE] [FML]:   Registry: 197 minecraft:dark_oak_door Block{minecraft:dark_oak_door}
[22:10:40] [Server thread/TRACE] [FML]:   Registry: 198 minecraft:end_rod Block{minecraft:end_rod}
[22:10:40] [Server thread/TRACE] [FML]:   Registry: 199 minecraft:chorus_plant Block{minecraft:chorus_plant}
[22:10:40] [Server thread/TRACE] [FML]:   Registry: 200 minecraft:chorus_flower Block{minecraft:chorus_flower}
[22:10:40] [Server thread/TRACE] [FML]:   Registry: 201 minecraft:purpur_block Block{minecraft:purpur_block}
[22:10:40] [Server thread/TRACE] [FML]:   Registry: 202 minecraft:purpur_pillar Block{minecraft:purpur_pillar}
[22:10:40] [Server thread/TRACE] [FML]:   Registry: 203 minecraft:purpur_stairs Block{minecraft:purpur_stairs}
[22:10:40] [Server thread/TRACE] [FML]:   Registry: 204 minecraft:purpur_double_slab Block{minecraft:purpur_double_slab}
[22:10:40] [Server thread/TRACE] [FML]:   Registry: 205 minecraft:purpur_slab Block{minecraft:purpur_slab}
[22:10:40] [Server thread/TRACE] [FML]:   Registry: 206 minecraft:end_bricks Block{minecraft:end_bricks}
[22:10:40] [Server thread/TRACE] [FML]:   Registry: 207 minecraft:beetroots Block{minecraft:beetroots}
[22:10:40] [Server thread/TRACE] [FML]:   Registry: 208 minecraft:grass_path Block{minecraft:grass_path}
[22:10:40] [Server thread/TRACE] [FML]:   Registry: 209 minecraft:end_gateway Block{minecraft:end_gateway}
[22:10:40] [Server thread/TRACE] [FML]:   Registry: 210 minecraft:repeating_command_block Block{minecraft:repeating_command_block}
[22:10:40] [Server thread/TRACE] [FML]:   Registry: 211 minecraft:chain_command_block Block{minecraft:chain_command_block}
[22:10:40] [Server thread/TRACE] [FML]:   Registry: 212 minecraft:frosted_ice Block{minecraft:frosted_ice}
[22:10:40] [Server thread/TRACE] [FML]:   Registry: 213 minecraft:magma Block{minecraft:magma}
[22:10:40] [Server thread/TRACE] [FML]:   Registry: 214 minecraft:nether_wart_block Block{minecraft:nether_wart_block}
[22:10:40] [Server thread/TRACE] [FML]:   Registry: 215 minecraft:red_nether_brick Block{minecraft:red_nether_brick}
[22:10:40] [Server thread/TRACE] [FML]:   Registry: 216 minecraft:bone_block Block{minecraft:bone_block}
[22:10:40] [Server thread/TRACE] [FML]:   Registry: 217 minecraft:structure_void Block{minecraft:structure_void}
[22:10:40] [Server thread/TRACE] [FML]:   Registry: 218 minecraft:observer Block{minecraft:observer}
[22:10:40] [Server thread/TRACE] [FML]:   Registry: 219 minecraft:white_shulker_box Block{minecraft:white_shulker_box}
[22:10:40] [Server thread/TRACE] [FML]:   Registry: 220 minecraft:orange_shulker_box Block{minecraft:orange_shulker_box}
[22:10:40] [Server thread/TRACE] [FML]:   Registry: 221 minecraft:magenta_shulker_box Block{minecraft:magenta_shulker_box}
[22:10:40] [Server thread/TRACE] [FML]:   Registry: 222 minecraft:light_blue_shulker_box Block{minecraft:light_blue_shulker_box}
[22:10:40] [Server thread/TRACE] [FML]:   Registry: 223 minecraft:yellow_shulker_box Block{minecraft:yellow_shulker_box}
[22:10:40] [Server thread/TRACE] [FML]:   Registry: 224 minecraft:lime_shulker_box Block{minecraft:lime_shulker_box}
[22:10:40] [Server thread/TRACE] [FML]:   Registry: 225 minecraft:pink_shulker_box Block{minecraft:pink_shulker_box}
[22:10:40] [Server thread/TRACE] [FML]:   Registry: 226 minecraft:gray_shulker_box Block{minecraft:gray_shulker_box}
[22:10:40] [Server thread/TRACE] [FML]:   Registry: 227 minecraft:silver_shulker_box Block{minecraft:silver_shulker_box}
[22:10:40] [Server thread/TRACE] [FML]:   Registry: 228 minecraft:cyan_shulker_box Block{minecraft:cyan_shulker_box}
[22:10:40] [Server thread/TRACE] [FML]:   Registry: 229 minecraft:purple_shulker_box Block{minecraft:purple_shulker_box}
[22:10:40] [Server thread/TRACE] [FML]:   Registry: 230 minecraft:blue_shulker_box Block{minecraft:blue_shulker_box}
[22:10:40] [Server thread/TRACE] [FML]:   Registry: 231 minecraft:brown_shulker_box Block{minecraft:brown_shulker_box}
[22:10:40] [Server thread/TRACE] [FML]:   Registry: 232 minecraft:green_shulker_box Block{minecraft:green_shulker_box}
[22:10:40] [Server thread/TRACE] [FML]:   Registry: 233 minecraft:red_shulker_box Block{minecraft:red_shulker_box}
[22:10:40] [Server thread/TRACE] [FML]:   Registry: 234 minecraft:black_shulker_box Block{minecraft:black_shulker_box}
[22:10:40] [Server thread/TRACE] [FML]:   Registry: 235 minecraft:white_glazed_terracotta Block{minecraft:white_glazed_terracotta}
[22:10:40] [Server thread/TRACE] [FML]:   Registry: 236 minecraft:orange_glazed_terracotta Block{minecraft:orange_glazed_terracotta}
[22:10:40] [Server thread/TRACE] [FML]:   Registry: 237 minecraft:magenta_glazed_terracotta Block{minecraft:magenta_glazed_terracotta}
[22:10:40] [Server thread/TRACE] [FML]:   Registry: 238 minecraft:light_blue_glazed_terracotta Block{minecraft:light_blue_glazed_terracotta}
[22:10:40] [Server thread/TRACE] [FML]:   Registry: 239 minecraft:yellow_glazed_terracotta Block{minecraft:yellow_glazed_terracotta}
[22:10:40] [Server thread/TRACE] [FML]:   Registry: 240 minecraft:lime_glazed_terracotta Block{minecraft:lime_glazed_terracotta}
[22:10:40] [Server thread/TRACE] [FML]:   Registry: 241 minecraft:pink_glazed_terracotta Block{minecraft:pink_glazed_terracotta}
[22:10:40] [Server thread/TRACE] [FML]:   Registry: 242 minecraft:gray_glazed_terracotta Block{minecraft:gray_glazed_terracotta}
[22:10:40] [Server thread/TRACE] [FML]:   Registry: 243 minecraft:silver_glazed_terracotta Block{minecraft:silver_glazed_terracotta}
[22:10:40] [Server thread/TRACE] [FML]:   Registry: 244 minecraft:cyan_glazed_terracotta Block{minecraft:cyan_glazed_terracotta}
[22:10:40] [Server thread/TRACE] [FML]:   Registry: 245 minecraft:purple_glazed_terracotta Block{minecraft:purple_glazed_terracotta}
[22:10:40] [Server thread/TRACE] [FML]:   Registry: 246 minecraft:blue_glazed_terracotta Block{minecraft:blue_glazed_terracotta}
[22:10:40] [Server thread/TRACE] [FML]:   Registry: 247 minecraft:brown_glazed_terracotta Block{minecraft:brown_glazed_terracotta}
[22:10:40] [Server thread/TRACE] [FML]:   Registry: 248 minecraft:green_glazed_terracotta Block{minecraft:green_glazed_terracotta}
[22:10:40] [Server thread/TRACE] [FML]:   Registry: 249 minecraft:red_glazed_terracotta Block{minecraft:red_glazed_terracotta}
[22:10:40] [Server thread/TRACE] [FML]:   Registry: 250 minecraft:black_glazed_terracotta Block{minecraft:black_glazed_terracotta}
[22:10:40] [Server thread/TRACE] [FML]:   Registry: 251 minecraft:concrete Block{minecraft:concrete}
[22:10:40] [Server thread/TRACE] [FML]:   Registry: 252 minecraft:concrete_powder Block{minecraft:concrete_powder}
[22:10:40] [Server thread/TRACE] [FML]:   Registry: 253 travelersbackpack:travelers_backpack Block{travelersbackpack:travelers_backpack}
[22:10:40] [Server thread/TRACE] [FML]:   Registry: 254 travelersbackpack:sleeping_bag_top Block{travelersbackpack:sleeping_bag_top}
[22:10:40] [Server thread/TRACE] [FML]:   Registry: 255 minecraft:structure_block Block{minecraft:structure_block}
[22:10:40] [Server thread/TRACE] [FML]:   Registry: 256 travelersbackpack:sleeping_bag_bottom Block{travelersbackpack:sleeping_bag_bottom}
[22:10:40] [Server thread/TRACE] [FML]:   Registry: 257 sexmod:fire Block{sexmod:fire}
[22:10:40] [Server thread/TRACE] [FML]: Registry Name : minecraft:items
[22:10:40] [Server thread/TRACE] [FML]:   Registry: 0 minecraft:air net.minecraft.item.ItemAir@759a678a
[22:10:40] [Server thread/TRACE] [FML]:   Registry: 1 minecraft:stone net.minecraft.item.ItemMultiTexture@66020d69
[22:10:40] [Server thread/TRACE] [FML]:   Registry: 2 minecraft:grass net.minecraft.item.ItemColored@6b832551
[22:10:40] [Server thread/TRACE] [FML]:   Registry: 3 minecraft:dirt net.minecraft.item.ItemMultiTexture@63124022
[22:10:40] [Server thread/TRACE] [FML]:   Registry: 4 minecraft:cobblestone net.minecraft.item.ItemBlock@591f6f83
[22:10:40] [Server thread/TRACE] [FML]:   Registry: 5 minecraft:planks net.minecraft.item.ItemMultiTexture@55421b8d
[22:10:40] [Server thread/TRACE] [FML]:   Registry: 6 minecraft:sapling net.minecraft.item.ItemMultiTexture@6615237
[22:10:40] [Server thread/TRACE] [FML]:   Registry: 7 minecraft:bedrock net.minecraft.item.ItemBlock@eaf8427
[22:10:40] [Server thread/TRACE] [FML]:   Registry: 12 minecraft:sand net.minecraft.item.ItemMultiTexture@6d6039df
[22:10:40] [Server thread/TRACE] [FML]:   Registry: 13 minecraft:gravel net.minecraft.item.ItemBlock@611c3eae
[22:10:40] [Server thread/TRACE] [FML]:   Registry: 14 minecraft:gold_ore net.minecraft.item.ItemBlock@13e00016
[22:10:40] [Server thread/TRACE] [FML]:   Registry: 15 minecraft:iron_ore net.minecraft.item.ItemBlock@7b3cbe6e
[22:10:40] [Server thread/TRACE] [FML]:   Registry: 16 minecraft:coal_ore net.minecraft.item.ItemBlock@177ede17
[22:10:40] [Server thread/TRACE] [FML]:   Registry: 17 minecraft:log net.minecraft.item.ItemMultiTexture@4e4395c
[22:10:40] [Server thread/TRACE] [FML]:   Registry: 18 minecraft:leaves net.minecraft.item.ItemLeaves@41f785e3
[22:10:40] [Server thread/TRACE] [FML]:   Registry: 19 minecraft:sponge net.minecraft.item.ItemMultiTexture@1600a8a2
[22:10:40] [Server thread/TRACE] [FML]:   Registry: 20 minecraft:glass net.minecraft.item.ItemBlock@6b25ef1c
[22:10:40] [Server thread/TRACE] [FML]:   Registry: 21 minecraft:lapis_ore net.minecraft.item.ItemBlock@56b1e527
[22:10:40] [Server thread/TRACE] [FML]:   Registry: 22 minecraft:lapis_block net.minecraft.item.ItemBlock@68c34db2
[22:10:40] [Server thread/TRACE] [FML]:   Registry: 23 minecraft:dispenser net.minecraft.item.ItemBlock@7b95bdb0
[22:10:40] [Server thread/TRACE] [FML]:   Registry: 24 minecraft:sandstone net.minecraft.item.ItemMultiTexture@664db2ca
[22:10:40] [Server thread/TRACE] [FML]:   Registry: 25 minecraft:noteblock net.minecraft.item.ItemBlock@1491cd6c
[22:10:40] [Server thread/TRACE] [FML]:   Registry: 27 minecraft:golden_rail net.minecraft.item.ItemBlock@423f8a73
[22:10:40] [Server thread/TRACE] [FML]:   Registry: 28 minecraft:detector_rail net.minecraft.item.ItemBlock@1aedf08d
[22:10:40] [Server thread/TRACE] [FML]:   Registry: 29 minecraft:sticky_piston net.minecraft.item.ItemPiston@b5d9f1e
[22:10:40] [Server thread/TRACE] [FML]:   Registry: 30 minecraft:web net.minecraft.item.ItemBlock@350ff014
[22:10:40] [Server thread/TRACE] [FML]:   Registry: 31 minecraft:tallgrass net.minecraft.item.ItemColored@401317a0
[22:10:40] [Server thread/TRACE] [FML]:   Registry: 32 minecraft:deadbush net.minecraft.item.ItemBlock@3f866f50
[22:10:40] [Server thread/TRACE] [FML]:   Registry: 33 minecraft:piston net.minecraft.item.ItemPiston@5844a2d1
[22:10:40] [Server thread/TRACE] [FML]:   Registry: 35 minecraft:wool net.minecraft.item.ItemCloth@4607d78b
[22:10:40] [Server thread/TRACE] [FML]:   Registry: 37 minecraft:yellow_flower net.minecraft.item.ItemMultiTexture@22048bd6
[22:10:40] [Server thread/TRACE] [FML]:   Registry: 38 minecraft:red_flower net.minecraft.item.ItemMultiTexture@2e2f20b8
[22:10:40] [Server thread/TRACE] [FML]:   Registry: 39 minecraft:brown_mushroom net.minecraft.item.ItemBlock@504497fa
[22:10:40] [Server thread/TRACE] [FML]:   Registry: 40 minecraft:red_mushroom net.minecraft.item.ItemBlock@5618fc1f
[22:10:40] [Server thread/TRACE] [FML]:   Registry: 41 minecraft:gold_block net.minecraft.item.ItemBlock@60b1ff3b
[22:10:40] [Server thread/TRACE] [FML]:   Registry: 42 minecraft:iron_block net.minecraft.item.ItemBlock@374c3975
[22:10:40] [Server thread/TRACE] [FML]:   Registry: 44 minecraft:stone_slab net.minecraft.item.ItemSlab@3d0d120b
[22:10:40] [Server thread/TRACE] [FML]:   Registry: 45 minecraft:brick_block net.minecraft.item.ItemBlock@6b5c134e
[22:10:40] [Server thread/TRACE] [FML]:   Registry: 46 minecraft:tnt net.minecraft.item.ItemBlock@34d9df9f
[22:10:40] [Server thread/TRACE] [FML]:   Registry: 47 minecraft:bookshelf net.minecraft.item.ItemBlock@35c8be21
[22:10:40] [Server thread/TRACE] [FML]:   Registry: 48 minecraft:mossy_cobblestone net.minecraft.item.ItemBlock@60807fd9
[22:10:40] [Server thread/TRACE] [FML]:   Registry: 49 minecraft:obsidian net.minecraft.item.ItemBlock@6bcdd6e4
[22:10:40] [Server thread/TRACE] [FML]:   Registry: 50 minecraft:torch net.minecraft.item.ItemBlock@1192c925
[22:10:40] [Server thread/TRACE] [FML]:   Registry: 52 minecraft:mob_spawner net.minecraft.item.ItemBlock@6bb4cc0e
[22:10:40] [Server thread/TRACE] [FML]:   Registry: 53 minecraft:oak_stairs net.minecraft.item.ItemBlock@5cc1bf20
[22:10:40] [Server thread/TRACE] [FML]:   Registry: 54 minecraft:chest net.minecraft.item.ItemBlock@2e3f324e
[22:10:40] [Server thread/TRACE] [FML]:   Registry: 56 minecraft:diamond_ore net.minecraft.item.ItemBlock@46cf8c07
[22:10:40] [Server thread/TRACE] [FML]:   Registry: 57 minecraft:diamond_block net.minecraft.item.ItemBlock@b56ec6c
[22:10:40] [Server thread/TRACE] [FML]:   Registry: 58 minecraft:crafting_table net.minecraft.item.ItemBlock@5abf6a99
[22:10:40] [Server thread/TRACE] [FML]:   Registry: 60 minecraft:farmland net.minecraft.item.ItemBlock@dc59ec2
[22:10:40] [Server thread/TRACE] [FML]:   Registry: 61 minecraft:furnace net.minecraft.item.ItemBlock@375084c9
[22:10:40] [Server thread/TRACE] [FML]:   Registry: 65 minecraft:ladder net.minecraft.item.ItemBlock@bd93bc3
[22:10:40] [Server thread/TRACE] [FML]:   Registry: 66 minecraft:rail net.minecraft.item.ItemBlock@2a136383
[22:10:40] [Server thread/TRACE] [FML]:   Registry: 67 minecraft:stone_stairs net.minecraft.item.ItemBlock@b01cb8d
[22:10:40] [Server thread/TRACE] [FML]:   Registry: 69 minecraft:lever net.minecraft.item.ItemBlock@38c460e8
[22:10:40] [Server thread/TRACE] [FML]:   Registry: 70 minecraft:stone_pressure_plate net.minecraft.item.ItemBlock@7a814310
[22:10:40] [Server thread/TRACE] [FML]:   Registry: 72 minecraft:wooden_pressure_plate net.minecraft.item.ItemBlock@4bbf38b8
[22:10:40] [Server thread/TRACE] [FML]:   Registry: 73 minecraft:redstone_ore net.minecraft.item.ItemBlock@4e67cfe1
[22:10:40] [Server thread/TRACE] [FML]:   Registry: 76 minecraft:redstone_torch net.minecraft.item.ItemBlock@55bf35e5
[22:10:40] [Server thread/TRACE] [FML]:   Registry: 77 minecraft:stone_button net.minecraft.item.ItemBlock@25567581
[22:10:40] [Server thread/TRACE] [FML]:   Registry: 78 minecraft:snow_layer net.minecraft.item.ItemSnow@67763ebe
[22:10:40] [Server thread/TRACE] [FML]:   Registry: 79 minecraft:ice net.minecraft.item.ItemBlock@4b4a2fa8
[22:10:40] [Server thread/TRACE] [FML]:   Registry: 80 minecraft:snow net.minecraft.item.ItemBlock@5da6b13d
[22:10:40] [Server thread/TRACE] [FML]:   Registry: 81 minecraft:cactus net.minecraft.item.ItemBlock@3dc39459
[22:10:40] [Server thread/TRACE] [FML]:   Registry: 82 minecraft:clay net.minecraft.item.ItemBlock@6b16de91
[22:10:40] [Server thread/TRACE] [FML]:   Registry: 84 minecraft:jukebox net.minecraft.item.ItemBlock@71bb8b34
[22:10:40] [Server thread/TRACE] [FML]:   Registry: 85 minecraft:fence net.minecraft.item.ItemBlock@197ce367
[22:10:40] [Server thread/TRACE] [FML]:   Registry: 86 minecraft:pumpkin net.minecraft.item.ItemBlock@16d41725
[22:10:40] [Server thread/TRACE] [FML]:   Registry: 87 minecraft:netherrack net.minecraft.item.ItemBlock@3b6c2be6
[22:10:40] [Server thread/TRACE] [FML]:   Registry: 88 minecraft:soul_sand net.minecraft.item.ItemBlock@25533bba
[22:10:40] [Server thread/TRACE] [FML]:   Registry: 89 minecraft:glowstone net.minecraft.item.ItemBlock@26d0ece6
[22:10:40] [Server thread/TRACE] [FML]:   Registry: 91 minecraft:lit_pumpkin net.minecraft.item.ItemBlock@100bba26
[22:10:40] [Server thread/TRACE] [FML]:   Registry: 95 minecraft:stained_glass net.minecraft.item.ItemCloth@2bdab835
[22:10:40] [Server thread/TRACE] [FML]:   Registry: 96 minecraft:trapdoor net.minecraft.item.ItemBlock@4ae280da
[22:10:40] [Server thread/TRACE] [FML]:   Registry: 97 minecraft:monster_egg net.minecraft.item.ItemMultiTexture@57c69937
[22:10:40] [Server thread/TRACE] [FML]:   Registry: 98 minecraft:stonebrick net.minecraft.item.ItemMultiTexture@446b64b3
[22:10:40] [Server thread/TRACE] [FML]:   Registry: 99 minecraft:brown_mushroom_block net.minecraft.item.ItemBlock@35ac9ebd
[22:10:40] [Server thread/TRACE] [FML]:   Registry: 100 minecraft:red_mushroom_block net.minecraft.item.ItemBlock@56c0a61e
[22:10:40] [Server thread/TRACE] [FML]:   Registry: 101 minecraft:iron_bars net.minecraft.item.ItemBlock@421ead7e
[22:10:40] [Server thread/TRACE] [FML]:   Registry: 102 minecraft:glass_pane net.minecraft.item.ItemBlock@5dcf0772
[22:10:40] [Server thread/TRACE] [FML]:   Registry: 103 minecraft:melon_block net.minecraft.item.ItemBlock@c472300
[22:10:40] [Server thread/TRACE] [FML]:   Registry: 106 minecraft:vine net.minecraft.item.ItemColored@5f6494c0
[22:10:40] [Server thread/TRACE] [FML]:   Registry: 107 minecraft:fence_gate net.minecraft.item.ItemBlock@6826b70f
[22:10:40] [Server thread/TRACE] [FML]:   Registry: 108 minecraft:brick_stairs net.minecraft.item.ItemBlock@38c761e9
[22:10:40] [Server thread/TRACE] [FML]:   Registry: 109 minecraft:stone_brick_stairs net.minecraft.item.ItemBlock@1cee2e10
[22:10:40] [Server thread/TRACE] [FML]:   Registry: 110 minecraft:mycelium net.minecraft.item.ItemBlock@7f4e5a39
[22:10:40] [Server thread/TRACE] [FML]:   Registry: 111 minecraft:waterlily net.minecraft.item.ItemLilyPad@30159886
[22:10:40] [Server thread/TRACE] [FML]:   Registry: 112 minecraft:nether_brick net.minecraft.item.ItemBlock@5d66ae3a
[22:10:40] [Server thread/TRACE] [FML]:   Registry: 113 minecraft:nether_brick_fence net.minecraft.item.ItemBlock@50f4b83d
[22:10:40] [Server thread/TRACE] [FML]:   Registry: 114 minecraft:nether_brick_stairs net.minecraft.item.ItemBlock@10131289
[22:10:40] [Server thread/TRACE] [FML]:   Registry: 116 minecraft:enchanting_table net.minecraft.item.ItemBlock@c5e69a5
[22:10:40] [Server thread/TRACE] [FML]:   Registry: 120 minecraft:end_portal_frame net.minecraft.item.ItemBlock@64a1116a
[22:10:40] [Server thread/TRACE] [FML]:   Registry: 121 minecraft:end_stone net.minecraft.item.ItemBlock@11e17893
[22:10:40] [Server thread/TRACE] [FML]:   Registry: 122 minecraft:dragon_egg net.minecraft.item.ItemBlock@6682e6a5
[22:10:40] [Server thread/TRACE] [FML]:   Registry: 123 minecraft:redstone_lamp net.minecraft.item.ItemBlock@ac4915e
[22:10:40] [Server thread/TRACE] [FML]:   Registry: 126 minecraft:wooden_slab net.minecraft.item.ItemSlab@10fb4575
[22:10:40] [Server thread/TRACE] [FML]:   Registry: 128 minecraft:sandstone_stairs net.minecraft.item.ItemBlock@7cc2c551
[22:10:40] [Server thread/TRACE] [FML]:   Registry: 129 minecraft:emerald_ore net.minecraft.item.ItemBlock@d84b3a2
[22:10:40] [Server thread/TRACE] [FML]:   Registry: 130 minecraft:ender_chest net.minecraft.item.ItemBlock@23648d2d
[22:10:40] [Server thread/TRACE] [FML]:   Registry: 131 minecraft:tripwire_hook net.minecraft.item.ItemBlock@69feb4d9
[22:10:40] [Server thread/TRACE] [FML]:   Registry: 133 minecraft:emerald_block net.minecraft.item.ItemBlock@37c1cfa
[22:10:40] [Server thread/TRACE] [FML]:   Registry: 134 minecraft:spruce_stairs net.minecraft.item.ItemBlock@2bcda694
[22:10:40] [Server thread/TRACE] [FML]:   Registry: 135 minecraft:birch_stairs net.minecraft.item.ItemBlock@2cc75b25
[22:10:40] [Server thread/TRACE] [FML]:   Registry: 136 minecraft:jungle_stairs net.minecraft.item.ItemBlock@30036a18
[22:10:40] [Server thread/TRACE] [FML]:   Registry: 137 minecraft:command_block net.minecraft.item.ItemBlock@537b3b2e
[22:10:40] [Server thread/TRACE] [FML]:   Registry: 138 minecraft:beacon net.minecraft.item.ItemBlock@1544ded3
[22:10:40] [Server thread/TRACE] [FML]:   Registry: 139 minecraft:cobblestone_wall net.minecraft.item.ItemMultiTexture@28b458e6
[22:10:40] [Server thread/TRACE] [FML]:   Registry: 143 minecraft:wooden_button net.minecraft.item.ItemBlock@221ca495
[22:10:40] [Server thread/TRACE] [FML]:   Registry: 145 minecraft:anvil net.minecraft.item.ItemAnvilBlock@3a38e4dc
[22:10:40] [Server thread/TRACE] [FML]:   Registry: 146 minecraft:trapped_chest net.minecraft.item.ItemBlock@41fc0084
[22:10:40] [Server thread/TRACE] [FML]:   Registry: 147 minecraft:light_weighted_pressure_plate net.minecraft.item.ItemBlock@401788d5
[22:10:40] [Server thread/TRACE] [FML]:   Registry: 148 minecraft:heavy_weighted_pressure_plate net.minecraft.item.ItemBlock@3ec9f8d
[22:10:40] [Server thread/TRACE] [FML]:   Registry: 151 minecraft:daylight_detector net.minecraft.item.ItemBlock@7e0f9528
[22:10:40] [Server thread/TRACE] [FML]:   Registry: 152 minecraft:redstone_block net.minecraft.item.ItemBlock@5f56424d
[22:10:40] [Server thread/TRACE] [FML]:   Registry: 153 minecraft:quartz_ore net.minecraft.item.ItemBlock@237b2852
[22:10:40] [Server thread/TRACE] [FML]:   Registry: 154 minecraft:hopper net.minecraft.item.ItemBlock@448cdb47
[22:10:40] [Server thread/TRACE] [FML]:   Registry: 155 minecraft:quartz_block net.minecraft.item.ItemMultiTexture@4628a02b
[22:10:40] [Server thread/TRACE] [FML]:   Registry: 156 minecraft:quartz_stairs net.minecraft.item.ItemBlock@2b01c689
[22:10:40] [Server thread/TRACE] [FML]:   Registry: 157 minecraft:activator_rail net.minecraft.item.ItemBlock@51424203
[22:10:40] [Server thread/TRACE] [FML]:   Registry: 158 minecraft:dropper net.minecraft.item.ItemBlock@7336fd8f
[22:10:40] [Server thread/TRACE] [FML]:   Registry: 159 minecraft:stained_hardened_clay net.minecraft.item.ItemCloth@701c223a
[22:10:40] [Server thread/TRACE] [FML]:   Registry: 160 minecraft:stained_glass_pane net.minecraft.item.ItemCloth@7b8aebd0
[22:10:40] [Server thread/TRACE] [FML]:   Registry: 161 minecraft:leaves2 net.minecraft.item.ItemLeaves@6c9a3661
[22:10:40] [Server thread/TRACE] [FML]:   Registry: 162 minecraft:log2 net.minecraft.item.ItemMultiTexture@7b5ac347
[22:10:40] [Server thread/TRACE] [FML]:   Registry: 163 minecraft:acacia_stairs net.minecraft.item.ItemBlock@7e94e331
[22:10:40] [Server thread/TRACE] [FML]:   Registry: 164 minecraft:dark_oak_stairs net.minecraft.item.ItemBlock@539fc5d1
[22:10:40] [Server thread/TRACE] [FML]:   Registry: 165 minecraft:slime net.minecraft.item.ItemBlock@4cae66a8
[22:10:40] [Server thread/TRACE] [FML]:   Registry: 166 minecraft:barrier net.minecraft.item.ItemBlock@550c973e
[22:10:40] [Server thread/TRACE] [FML]:   Registry: 167 minecraft:iron_trapdoor net.minecraft.item.ItemBlock@161d95c6
[22:10:40] [Server thread/TRACE] [FML]:   Registry: 168 minecraft:prismarine net.minecraft.item.ItemMultiTexture@3181d4de
[22:10:40] [Server thread/TRACE] [FML]:   Registry: 169 minecraft:sea_lantern net.minecraft.item.ItemBlock@4f64d9cb
[22:10:40] [Server thread/TRACE] [FML]:   Registry: 170 minecraft:hay_block net.minecraft.item.ItemBlock@5203c80f
[22:10:40] [Server thread/TRACE] [FML]:   Registry: 171 minecraft:carpet net.minecraft.item.ItemCloth@439f2d87
[22:10:40] [Server thread/TRACE] [FML]:   Registry: 172 minecraft:hardened_clay net.minecraft.item.ItemBlock@721bf7ad
[22:10:40] [Server thread/TRACE] [FML]:   Registry: 173 minecraft:coal_block net.minecraft.item.ItemBlock@852ef8d
[22:10:40] [Server thread/TRACE] [FML]:   Registry: 174 minecraft:packed_ice net.minecraft.item.ItemBlock@44dd0d38
[22:10:40] [Server thread/TRACE] [FML]:   Registry: 175 minecraft:double_plant net.minecraft.item.ItemMultiTexture@147e0734
[22:10:40] [Server thread/TRACE] [FML]:   Registry: 179 minecraft:red_sandstone net.minecraft.item.ItemMultiTexture@270d5060
[22:10:40] [Server thread/TRACE] [FML]:   Registry: 180 minecraft:red_sandstone_stairs net.minecraft.item.ItemBlock@1815577b
[22:10:40] [Server thread/TRACE] [FML]:   Registry: 182 minecraft:stone_slab2 net.minecraft.item.ItemSlab@71567f33
[22:10:40] [Server thread/TRACE] [FML]:   Registry: 183 minecraft:spruce_fence_gate net.minecraft.item.ItemBlock@4df7d9ee
[22:10:40] [Server thread/TRACE] [FML]:   Registry: 184 minecraft:birch_fence_gate net.minecraft.item.ItemBlock@781dac73
[22:10:40] [Server thread/TRACE] [FML]:   Registry: 185 minecraft:jungle_fence_gate net.minecraft.item.ItemBlock@3a4e524
[22:10:40] [Server thread/TRACE] [FML]:   Registry: 186 minecraft:dark_oak_fence_gate net.minecraft.item.ItemBlock@5e67a490
[22:10:40] [Server thread/TRACE] [FML]:   Registry: 187 minecraft:acacia_fence_gate net.minecraft.item.ItemBlock@2dac2e1b
[22:10:40] [Server thread/TRACE] [FML]:   Registry: 188 minecraft:spruce_fence net.minecraft.item.ItemBlock@383cdd4d
[22:10:40] [Server thread/TRACE] [FML]:   Registry: 189 minecraft:birch_fence net.minecraft.item.ItemBlock@65036e8d
[22:10:40] [Server thread/TRACE] [FML]:   Registry: 190 minecraft:jungle_fence net.minecraft.item.ItemBlock@48ccbb32
[22:10:40] [Server thread/TRACE] [FML]:   Registry: 191 minecraft:dark_oak_fence net.minecraft.item.ItemBlock@36551e97
[22:10:40] [Server thread/TRACE] [FML]:   Registry: 192 minecraft:acacia_fence net.minecraft.item.ItemBlock@685d7ba5
[22:10:40] [Server thread/TRACE] [FML]:   Registry: 198 minecraft:end_rod net.minecraft.item.ItemBlock@615b5480
[22:10:40] [Server thread/TRACE] [FML]:   Registry: 199 minecraft:chorus_plant net.minecraft.item.ItemBlock@24691c5
[22:10:40] [Server thread/TRACE] [FML]:   Registry: 200 minecraft:chorus_flower net.minecraft.item.ItemBlock@7b91d9f
[22:10:40] [Server thread/TRACE] [FML]:   Registry: 201 minecraft:purpur_block net.minecraft.item.ItemBlock@6537ac
[22:10:40] [Server thread/TRACE] [FML]:   Registry: 202 minecraft:purpur_pillar net.minecraft.item.ItemBlock@3b218c74
[22:10:40] [Server thread/TRACE] [FML]:   Registry: 203 minecraft:purpur_stairs net.minecraft.item.ItemBlock@ddffa6c
[22:10:40] [Server thread/TRACE] [FML]:   Registry: 205 minecraft:purpur_slab net.minecraft.item.ItemSlab@42c54bad
[22:10:40] [Server thread/TRACE] [FML]:   Registry: 206 minecraft:end_bricks net.minecraft.item.ItemBlock@19eea77c
[22:10:40] [Server thread/TRACE] [FML]:   Registry: 208 minecraft:grass_path net.minecraft.item.ItemBlock@60b616c8
[22:10:40] [Server thread/TRACE] [FML]:   Registry: 210 minecraft:repeating_command_block net.minecraft.item.ItemBlock@71369e1a
[22:10:40] [Server thread/TRACE] [FML]:   Registry: 211 minecraft:chain_command_block net.minecraft.item.ItemBlock@3cf55e0c
[22:10:40] [Server thread/TRACE] [FML]:   Registry: 213 minecraft:magma net.minecraft.item.ItemBlock@ee96866
[22:10:40] [Server thread/TRACE] [FML]:   Registry: 214 minecraft:nether_wart_block net.minecraft.item.ItemBlock@4c04216f
[22:10:40] [Server thread/TRACE] [FML]:   Registry: 215 minecraft:red_nether_brick net.minecraft.item.ItemBlock@987a0bb
[22:10:40] [Server thread/TRACE] [FML]:   Registry: 216 minecraft:bone_block net.minecraft.item.ItemBlock@1f949ab9
[22:10:40] [Server thread/TRACE] [FML]:   Registry: 217 minecraft:structure_void net.minecraft.item.ItemBlock@5a7b6b75
[22:10:40] [Server thread/TRACE] [FML]:   Registry: 218 minecraft:observer net.minecraft.item.ItemBlock@3719360c
[22:10:40] [Server thread/TRACE] [FML]:   Registry: 219 minecraft:white_shulker_box net.minecraft.item.ItemShulkerBox@3855d9b2
[22:10:40] [Server thread/TRACE] [FML]:   Registry: 220 minecraft:orange_shulker_box net.minecraft.item.ItemShulkerBox@39f42d0e
[22:10:40] [Server thread/TRACE] [FML]:   Registry: 221 minecraft:magenta_shulker_box net.minecraft.item.ItemShulkerBox@47a3d56a
[22:10:40] [Server thread/TRACE] [FML]:   Registry: 222 minecraft:light_blue_shulker_box net.minecraft.item.ItemShulkerBox@3a209918
[22:10:40] [Server thread/TRACE] [FML]:   Registry: 223 minecraft:yellow_shulker_box net.minecraft.item.ItemShulkerBox@2cae5fa7
[22:10:40] [Server thread/TRACE] [FML]:   Registry: 224 minecraft:lime_shulker_box net.minecraft.item.ItemShulkerBox@34aa8b61
[22:10:40] [Server thread/TRACE] [FML]:   Registry: 225 minecraft:pink_shulker_box net.minecraft.item.ItemShulkerBox@6d7b001b
[22:10:40] [Server thread/TRACE] [FML]:   Registry: 226 minecraft:gray_shulker_box net.minecraft.item.ItemShulkerBox@532dacf5
[22:10:40] [Server thread/TRACE] [FML]:   Registry: 227 minecraft:silver_shulker_box net.minecraft.item.ItemShulkerBox@da09250
[22:10:40] [Server thread/TRACE] [FML]:   Registry: 228 minecraft:cyan_shulker_box net.minecraft.item.ItemShulkerBox@6d31f106
[22:10:40] [Server thread/TRACE] [FML]:   Registry: 229 minecraft:purple_shulker_box net.minecraft.item.ItemShulkerBox@587f4f63
[22:10:40] [Server thread/TRACE] [FML]:   Registry: 230 minecraft:blue_shulker_box net.minecraft.item.ItemShulkerBox@660b1a9d
[22:10:40] [Server thread/TRACE] [FML]:   Registry: 231 minecraft:brown_shulker_box net.minecraft.item.ItemShulkerBox@6fb0261e
[22:10:40] [Server thread/TRACE] [FML]:   Registry: 232 minecraft:green_shulker_box net.minecraft.item.ItemShulkerBox@d6b532f
[22:10:40] [Server thread/TRACE] [FML]:   Registry: 233 minecraft:red_shulker_box net.minecraft.item.ItemShulkerBox@2f4d01b6
[22:10:40] [Server thread/TRACE] [FML]:   Registry: 234 minecraft:black_shulker_box net.minecraft.item.ItemShulkerBox@112c2930
[22:10:40] [Server thread/TRACE] [FML]:   Registry: 235 minecraft:white_glazed_terracotta net.minecraft.item.ItemBlock@7f426ddd
[22:10:40] [Server thread/TRACE] [FML]:   Registry: 236 minecraft:orange_glazed_terracotta net.minecraft.item.ItemBlock@28e7bb31
[22:10:40] [Server thread/TRACE] [FML]:   Registry: 237 minecraft:magenta_glazed_terracotta net.minecraft.item.ItemBlock@6fe04f2a
[22:10:40] [Server thread/TRACE] [FML]:   Registry: 238 minecraft:light_blue_glazed_terracotta net.minecraft.item.ItemBlock@1f758e4f
[22:10:40] [Server thread/TRACE] [FML]:   Registry: 239 minecraft:yellow_glazed_terracotta net.minecraft.item.ItemBlock@733534f9
[22:10:40] [Server thread/TRACE] [FML]:   Registry: 240 minecraft:lime_glazed_terracotta net.minecraft.item.ItemBlock@661e279d
[22:10:40] [Server thread/TRACE] [FML]:   Registry: 241 minecraft:pink_glazed_terracotta net.minecraft.item.ItemBlock@beabd6b
[22:10:40] [Server thread/TRACE] [FML]:   Registry: 242 minecraft:gray_glazed_terracotta net.minecraft.item.ItemBlock@38de5daf
[22:10:40] [Server thread/TRACE] [FML]:   Registry: 243 minecraft:silver_glazed_terracotta net.minecraft.item.ItemBlock@621624b1
[22:10:40] [Server thread/TRACE] [FML]:   Registry: 244 minecraft:cyan_glazed_terracotta net.minecraft.item.ItemBlock@7523d5a1
[22:10:40] [Server thread/TRACE] [FML]:   Registry: 245 minecraft:purple_glazed_terracotta net.minecraft.item.ItemBlock@2bfc2f8b
[22:10:40] [Server thread/TRACE] [FML]:   Registry: 246 minecraft:blue_glazed_terracotta net.minecraft.item.ItemBlock@61853c7e
[22:10:40] [Server thread/TRACE] [FML]:   Registry: 247 minecraft:brown_glazed_terracotta net.minecraft.item.ItemBlock@32e5af53
[22:10:40] [Server thread/TRACE] [FML]:   Registry: 248 minecraft:green_glazed_terracotta net.minecraft.item.ItemBlock@5980fa73
[22:10:40] [Server thread/TRACE] [FML]:   Registry: 249 minecraft:red_glazed_terracotta net.minecraft.item.ItemBlock@13ca16bf
[22:10:40] [Server thread/TRACE] [FML]:   Registry: 250 minecraft:black_glazed_terracotta net.minecraft.item.ItemBlock@5be4be74
[22:10:40] [Server thread/TRACE] [FML]:   Registry: 251 minecraft:concrete net.minecraft.item.ItemCloth@44641d6c
[22:10:40] [Server thread/TRACE] [FML]:   Registry: 252 minecraft:concrete_powder net.minecraft.item.ItemCloth@1ae924f1
[22:10:40] [Server thread/TRACE] [FML]:   Registry: 255 minecraft:structure_block net.minecraft.item.ItemBlock@59d5a6fd
[22:10:40] [Server thread/TRACE] [FML]:   Registry: 256 minecraft:iron_shovel net.minecraft.item.ItemSpade@166b11e
[22:10:40] [Server thread/TRACE] [FML]:   Registry: 257 minecraft:iron_pickaxe net.minecraft.item.ItemPickaxe@5323999f
[22:10:40] [Server thread/TRACE] [FML]:   Registry: 258 minecraft:iron_axe net.minecraft.item.ItemAxe@3bc20984
[22:10:40] [Server thread/TRACE] [FML]:   Registry: 259 minecraft:flint_and_steel net.minecraft.item.ItemFlintAndSteel@f017dd0
[22:10:40] [Server thread/TRACE] [FML]:   Registry: 260 minecraft:apple net.minecraft.item.ItemFood@6fb22ae3
[22:10:40] [Server thread/TRACE] [FML]:   Registry: 261 minecraft:bow net.minecraft.item.ItemBow@6df11e91
[22:10:40] [Server thread/TRACE] [FML]:   Registry: 262 minecraft:arrow net.minecraft.item.ItemArrow@53cddaf8
[22:10:40] [Server thread/TRACE] [FML]:   Registry: 263 minecraft:coal net.minecraft.item.ItemCoal@4044589a
[22:10:40] [Server thread/TRACE] [FML]:   Registry: 264 minecraft:diamond net.minecraft.item.Item@7de35070
[22:10:40] [Server thread/TRACE] [FML]:   Registry: 265 minecraft:iron_ingot net.minecraft.item.Item@216f01
[22:10:40] [Server thread/TRACE] [FML]:   Registry: 266 minecraft:gold_ingot net.minecraft.item.Item@7c901203
[22:10:40] [Server thread/TRACE] [FML]:   Registry: 267 minecraft:iron_sword net.minecraft.item.ItemSword@722787b5
[22:10:40] [Server thread/TRACE] [FML]:   Registry: 268 minecraft:wooden_sword net.minecraft.item.ItemSword@edb83f8
[22:10:40] [Server thread/TRACE] [FML]:   Registry: 269 minecraft:wooden_shovel net.minecraft.item.ItemSpade@8b41ad
[22:10:40] [Server thread/TRACE] [FML]:   Registry: 270 minecraft:wooden_pickaxe net.minecraft.item.ItemPickaxe@541d4d9f
[22:10:40] [Server thread/TRACE] [FML]:   Registry: 271 minecraft:wooden_axe net.minecraft.item.ItemAxe@1a497286
[22:10:40] [Server thread/TRACE] [FML]:   Registry: 272 minecraft:stone_sword net.minecraft.item.ItemSword@48dff674
[22:10:40] [Server thread/TRACE] [FML]:   Registry: 273 minecraft:stone_shovel net.minecraft.item.ItemSpade@120350eb
[22:10:40] [Server thread/TRACE] [FML]:   Registry: 274 minecraft:stone_pickaxe net.minecraft.item.ItemPickaxe@2ccc9681
[22:10:40] [Server thread/TRACE] [FML]:   Registry: 275 minecraft:stone_axe net.minecraft.item.ItemAxe@7d401cdc
[22:10:40] [Server thread/TRACE] [FML]:   Registry: 276 minecraft:diamond_sword net.minecraft.item.ItemSword@4a9b3956
[22:10:40] [Server thread/TRACE] [FML]:   Registry: 277 minecraft:diamond_shovel net.minecraft.item.ItemSpade@4217bce6
[22:10:40] [Server thread/TRACE] [FML]:   Registry: 278 minecraft:diamond_pickaxe net.minecraft.item.ItemPickaxe@aa752bb
[22:10:40] [Server thread/TRACE] [FML]:   Registry: 279 minecraft:diamond_axe net.minecraft.item.ItemAxe@77fc19cf
[22:10:40] [Server thread/TRACE] [FML]:   Registry: 280 minecraft:stick net.minecraft.item.Item@643ecfef
[22:10:40] [Server thread/TRACE] [FML]:   Registry: 281 minecraft:bowl net.minecraft.item.Item@1b31af02
[22:10:40] [Server thread/TRACE] [FML]:   Registry: 282 minecraft:mushroom_stew net.minecraft.item.ItemSoup@2e45a357
[22:10:40] [Server thread/TRACE] [FML]:   Registry: 283 minecraft:golden_sword net.minecraft.item.ItemSword@389a5022
[22:10:40] [Server thread/TRACE] [FML]:   Registry: 284 minecraft:golden_shovel net.minecraft.item.ItemSpade@bb8ead8
[22:10:40] [Server thread/TRACE] [FML]:   Registry: 285 minecraft:golden_pickaxe net.minecraft.item.ItemPickaxe@5b44318
[22:10:40] [Server thread/TRACE] [FML]:   Registry: 286 minecraft:golden_axe net.minecraft.item.ItemAxe@6e807e2
[22:10:40] [Server thread/TRACE] [FML]:   Registry: 287 minecraft:string net.minecraft.item.ItemBlockSpecial@730bea0
[22:10:40] [Server thread/TRACE] [FML]:   Registry: 288 minecraft:feather net.minecraft.item.Item@41a16eb3
[22:10:40] [Server thread/TRACE] [FML]:   Registry: 289 minecraft:gunpowder net.minecraft.item.Item@677cb96e
[22:10:40] [Server thread/TRACE] [FML]:   Registry: 290 minecraft:wooden_hoe net.minecraft.item.ItemHoe@53cb0bcb
[22:10:40] [Server thread/TRACE] [FML]:   Registry: 291 minecraft:stone_hoe net.minecraft.item.ItemHoe@51fe7f15
[22:10:40] [Server thread/TRACE] [FML]:   Registry: 292 minecraft:iron_hoe net.minecraft.item.ItemHoe@5873f3f0
[22:10:40] [Server thread/TRACE] [FML]:   Registry: 293 minecraft:diamond_hoe net.minecraft.item.ItemHoe@684372d0
[22:10:40] [Server thread/TRACE] [FML]:   Registry: 294 minecraft:golden_hoe net.minecraft.item.ItemHoe@63dda940
[22:10:40] [Server thread/TRACE] [FML]:   Registry: 295 minecraft:wheat_seeds net.minecraft.item.ItemSeeds@7574d4ad
[22:10:40] [Server thread/TRACE] [FML]:   Registry: 296 minecraft:wheat net.minecraft.item.Item@7bede4ea
[22:10:40] [Server thread/TRACE] [FML]:   Registry: 297 minecraft:bread net.minecraft.item.ItemFood@713999c2
[22:10:40] [Server thread/TRACE] [FML]:   Registry: 298 minecraft:leather_helmet net.minecraft.item.ItemArmor@1d2d8846
[22:10:40] [Server thread/TRACE] [FML]:   Registry: 299 minecraft:leather_chestplate net.minecraft.item.ItemArmor@34cd65ac
[22:10:40] [Server thread/TRACE] [FML]:   Registry: 300 minecraft:leather_leggings net.minecraft.item.ItemArmor@61911947
[22:10:40] [Server thread/TRACE] [FML]:   Registry: 301 minecraft:leather_boots net.minecraft.item.ItemArmor@5c53c235
[22:10:40] [Server thread/TRACE] [FML]:   Registry: 302 minecraft:chainmail_helmet net.minecraft.item.ItemArmor@2dcd0e41
[22:10:40] [Server thread/TRACE] [FML]:   Registry: 303 minecraft:chainmail_chestplate net.minecraft.item.ItemArmor@7272ee51
[22:10:40] [Server thread/TRACE] [FML]:   Registry: 304 minecraft:chainmail_leggings net.minecraft.item.ItemArmor@1b409a79
[22:10:40] [Server thread/TRACE] [FML]:   Registry: 305 minecraft:chainmail_boots net.minecraft.item.ItemArmor@5940b14e
[22:10:40] [Server thread/TRACE] [FML]:   Registry: 306 minecraft:iron_helmet net.minecraft.item.ItemArmor@1cba0321
[22:10:40] [Server thread/TRACE] [FML]:   Registry: 307 minecraft:iron_chestplate net.minecraft.item.ItemArmor@795f6681
[22:10:40] [Server thread/TRACE] [FML]:   Registry: 308 minecraft:iron_leggings net.minecraft.item.ItemArmor@66d3b881
[22:10:40] [Server thread/TRACE] [FML]:   Registry: 309 minecraft:iron_boots net.minecraft.item.ItemArmor@3a45afd4
[22:10:40] [Server thread/TRACE] [FML]:   Registry: 310 minecraft:diamond_helmet net.minecraft.item.ItemArmor@762a10b6
[22:10:40] [Server thread/TRACE] [FML]:   Registry: 311 minecraft:diamond_chestplate net.minecraft.item.ItemArmor@74431b9c
[22:10:40] [Server thread/TRACE] [FML]:   Registry: 312 minecraft:diamond_leggings net.minecraft.item.ItemArmor@f2fb225
[22:10:40] [Server thread/TRACE] [FML]:   Registry: 313 minecraft:diamond_boots net.minecraft.item.ItemArmor@1883871b
[22:10:40] [Server thread/TRACE] [FML]:   Registry: 314 minecraft:golden_helmet net.minecraft.item.ItemArmor@3e0a9b1d
[22:10:40] [Server thread/TRACE] [FML]:   Registry: 315 minecraft:golden_chestplate net.minecraft.item.ItemArmor@52f9e8bb
[22:10:40] [Server thread/TRACE] [FML]:   Registry: 316 minecraft:golden_leggings net.minecraft.item.ItemArmor@2035d65b
[22:10:40] [Server thread/TRACE] [FML]:   Registry: 317 minecraft:golden_boots net.minecraft.item.ItemArmor@240a2619
[22:10:40] [Server thread/TRACE] [FML]:   Registry: 318 minecraft:flint net.minecraft.item.Item@4e3283f6
[22:10:40] [Server thread/TRACE] [FML]:   Registry: 319 minecraft:porkchop net.minecraft.item.ItemFood@539316bb
[22:10:40] [Server thread/TRACE] [FML]:   Registry: 320 minecraft:cooked_porkchop net.minecraft.item.ItemFood@5d1a859c
[22:10:40] [Server thread/TRACE] [FML]:   Registry: 321 minecraft:painting net.minecraft.item.ItemHangingEntity@21516c88
[22:10:40] [Server thread/TRACE] [FML]:   Registry: 322 minecraft:golden_apple net.minecraft.item.ItemAppleGold@4fc6e776
[22:10:40] [Server thread/TRACE] [FML]:   Registry: 323 minecraft:sign net.minecraft.item.ItemSign@e01a26b
[22:10:40] [Server thread/TRACE] [FML]:   Registry: 324 minecraft:wooden_door net.minecraft.item.ItemDoor@314b7945
[22:10:40] [Server thread/TRACE] [FML]:   Registry: 325 minecraft:bucket net.minecraft.item.ItemBucket@27df5806
[22:10:40] [Server thread/TRACE] [FML]:   Registry: 326 minecraft:water_bucket net.minecraft.item.ItemBucket@69bc9584
[22:10:40] [Server thread/TRACE] [FML]:   Registry: 327 minecraft:lava_bucket net.minecraft.item.ItemBucket@3214bad
[22:10:40] [Server thread/TRACE] [FML]:   Registry: 328 minecraft:minecart net.minecraft.item.ItemMinecart@3d40498a
[22:10:40] [Server thread/TRACE] [FML]:   Registry: 329 minecraft:saddle net.minecraft.item.ItemSaddle@3e74fd84
[22:10:40] [Server thread/TRACE] [FML]:   Registry: 330 minecraft:iron_door net.minecraft.item.ItemDoor@147efd9
[22:10:40] [Server thread/TRACE] [FML]:   Registry: 331 minecraft:redstone net.minecraft.item.ItemRedstone@1de5cc88
[22:10:40] [Server thread/TRACE] [FML]:   Registry: 332 minecraft:snowball net.minecraft.item.ItemSnowball@baa9ce4
[22:10:40] [Server thread/TRACE] [FML]:   Registry: 333 minecraft:boat net.minecraft.item.ItemBoat@2755617b
[22:10:40] [Server thread/TRACE] [FML]:   Registry: 334 minecraft:leather net.minecraft.item.Item@65859b44
[22:10:40] [Server thread/TRACE] [FML]:   Registry: 335 minecraft:milk_bucket net.minecraft.item.ItemBucketMilk@45b7c97f
[22:10:40] [Server thread/TRACE] [FML]:   Registry: 336 minecraft:brick net.minecraft.item.Item@c212536
[22:10:40] [Server thread/TRACE] [FML]:   Registry: 337 minecraft:clay_ball net.minecraft.item.Item@7b377a53
[22:10:40] [Server thread/TRACE] [FML]:   Registry: 338 minecraft:reeds net.minecraft.item.ItemBlockSpecial@1b0e031b
[22:10:40] [Server thread/TRACE] [FML]:   Registry: 339 minecraft:paper net.minecraft.item.Item@6009cd34
[22:10:40] [Server thread/TRACE] [FML]:   Registry: 340 minecraft:book net.minecraft.item.ItemBook@4e5c8ef3
[22:10:40] [Server thread/TRACE] [FML]:   Registry: 341 minecraft:slime_ball net.minecraft.item.Item@60928a61
[22:10:40] [Server thread/TRACE] [FML]:   Registry: 342 minecraft:chest_minecart net.minecraft.item.ItemMinecart@27358a19
[22:10:40] [Server thread/TRACE] [FML]:   Registry: 343 minecraft:furnace_minecart net.minecraft.item.ItemMinecart@8077c97
[22:10:40] [Server thread/TRACE] [FML]:   Registry: 344 minecraft:egg net.minecraft.item.ItemEgg@305b43ca
[22:10:40] [Server thread/TRACE] [FML]:   Registry: 345 minecraft:compass net.minecraft.item.ItemCompass@50a7c72b
[22:10:40] [Server thread/TRACE] [FML]:   Registry: 346 minecraft:fishing_rod net.minecraft.item.ItemFishingRod@d108406
[22:10:40] [Server thread/TRACE] [FML]:   Registry: 347 minecraft:clock net.minecraft.item.ItemClock@6a5dd083
[22:10:40] [Server thread/TRACE] [FML]:   Registry: 348 minecraft:glowstone_dust net.minecraft.item.Item@77663cd7
[22:10:40] [Server thread/TRACE] [FML]:   Registry: 349 minecraft:fish net.minecraft.item.ItemFishFood@582dcd35
[22:10:40] [Server thread/TRACE] [FML]:   Registry: 350 minecraft:cooked_fish net.minecraft.item.ItemFishFood@1e6bd263
[22:10:40] [Server thread/TRACE] [FML]:   Registry: 351 minecraft:dye net.minecraft.item.ItemDye@58164e9a
[22:10:40] [Server thread/TRACE] [FML]:   Registry: 352 minecraft:bone net.minecraft.item.Item@11bfffb3
[22:10:40] [Server thread/TRACE] [FML]:   Registry: 353 minecraft:sugar net.minecraft.item.Item@6a7a1a0d
[22:10:40] [Server thread/TRACE] [FML]:   Registry: 354 minecraft:cake net.minecraft.item.ItemBlockSpecial@1c6e3ff9
[22:10:40] [Server thread/TRACE] [FML]:   Registry: 355 minecraft:bed net.minecraft.item.ItemBed@22da200e
[22:10:40] [Server thread/TRACE] [FML]:   Registry: 356 minecraft:repeater net.minecraft.item.ItemBlockSpecial@4f26425b
[22:10:40] [Server thread/TRACE] [FML]:   Registry: 357 minecraft:cookie net.minecraft.item.ItemFood@f03ee8f
[22:10:40] [Server thread/TRACE] [FML]:   Registry: 358 minecraft:filled_map net.minecraft.item.ItemMap@18c7f6b5
[22:10:40] [Server thread/TRACE] [FML]:   Registry: 359 minecraft:shears net.minecraft.item.ItemShears@609b041c
[22:10:40] [Server thread/TRACE] [FML]:   Registry: 360 minecraft:melon net.minecraft.item.ItemFood@474e34e4
[22:10:40] [Server thread/TRACE] [FML]:   Registry: 361 minecraft:pumpkin_seeds net.minecraft.item.ItemSeeds@7e2c6702
[22:10:40] [Server thread/TRACE] [FML]:   Registry: 362 minecraft:melon_seeds net.minecraft.item.ItemSeeds@5fb7ab9c
[22:10:40] [Server thread/TRACE] [FML]:   Registry: 363 minecraft:beef net.minecraft.item.ItemFood@6734ff92
[22:10:40] [Server thread/TRACE] [FML]:   Registry: 364 minecraft:cooked_beef net.minecraft.item.ItemFood@51eb0e84
[22:10:40] [Server thread/TRACE] [FML]:   Registry: 365 minecraft:chicken net.minecraft.item.ItemFood@38f617f4
[22:10:40] [Server thread/TRACE] [FML]:   Registry: 366 minecraft:cooked_chicken net.minecraft.item.ItemFood@4899799b
[22:10:40] [Server thread/TRACE] [FML]:   Registry: 367 minecraft:rotten_flesh net.minecraft.item.ItemFood@3dea226b
[22:10:40] [Server thread/TRACE] [FML]:   Registry: 368 minecraft:ender_pearl net.minecraft.item.ItemEnderPearl@1412682c
[22:10:40] [Server thread/TRACE] [FML]:   Registry: 369 minecraft:blaze_rod net.minecraft.item.Item@53bb71e5
[22:10:40] [Server thread/TRACE] [FML]:   Registry: 370 minecraft:ghast_tear net.minecraft.item.Item@54a056e4
[22:10:40] [Server thread/TRACE] [FML]:   Registry: 371 minecraft:gold_nugget net.minecraft.item.Item@15994b0b
[22:10:40] [Server thread/TRACE] [FML]:   Registry: 372 minecraft:nether_wart net.minecraft.item.ItemSeeds@12cd129c
[22:10:40] [Server thread/TRACE] [FML]:   Registry: 373 minecraft:potion net.minecraft.item.ItemPotion@4cb00fa5
[22:10:40] [Server thread/TRACE] [FML]:   Registry: 374 minecraft:glass_bottle net.minecraft.item.ItemGlassBottle@78065fcd
[22:10:40] [Server thread/TRACE] [FML]:   Registry: 375 minecraft:spider_eye net.minecraft.item.ItemFood@3407aa4f
[22:10:40] [Server thread/TRACE] [FML]:   Registry: 376 minecraft:fermented_spider_eye net.minecraft.item.Item@51ed2f68
[22:10:40] [Server thread/TRACE] [FML]:   Registry: 377 minecraft:blaze_powder net.minecraft.item.Item@538b3c88
[22:10:40] [Server thread/TRACE] [FML]:   Registry: 378 minecraft:magma_cream net.minecraft.item.Item@19b9f903
[22:10:40] [Server thread/TRACE] [FML]:   Registry: 379 minecraft:brewing_stand net.minecraft.item.ItemBlockSpecial@10e56da9
[22:10:40] [Server thread/TRACE] [FML]:   Registry: 380 minecraft:cauldron net.minecraft.item.ItemBlockSpecial@28cb86b2
[22:10:40] [Server thread/TRACE] [FML]:   Registry: 381 minecraft:ender_eye net.minecraft.item.ItemEnderEye@3b3056a6
[22:10:40] [Server thread/TRACE] [FML]:   Registry: 382 minecraft:speckled_melon net.minecraft.item.Item@6d4a05f7
[22:10:40] [Server thread/TRACE] [FML]:   Registry: 383 minecraft:spawn_egg net.minecraft.item.ItemMonsterPlacer@72fb989b
[22:10:40] [Server thread/TRACE] [FML]:   Registry: 384 minecraft:experience_bottle net.minecraft.item.ItemExpBottle@586843bc
[22:10:40] [Server thread/TRACE] [FML]:   Registry: 385 minecraft:fire_charge net.minecraft.item.ItemFireball@5599b5bb
[22:10:40] [Server thread/TRACE] [FML]:   Registry: 386 minecraft:writable_book net.minecraft.item.ItemWritableBook@647fb583
[22:10:40] [Server thread/TRACE] [FML]:   Registry: 387 minecraft:written_book net.minecraft.item.ItemWrittenBook@7ead1d80
[22:10:40] [Server thread/TRACE] [FML]:   Registry: 388 minecraft:emerald net.minecraft.item.Item@1d1bf7bf
[22:10:40] [Server thread/TRACE] [FML]:   Registry: 389 minecraft:item_frame net.minecraft.item.ItemHangingEntity@1182413a
[22:10:40] [Server thread/TRACE] [FML]:   Registry: 390 minecraft:flower_pot net.minecraft.item.ItemBlockSpecial@4d43a1b7
[22:10:40] [Server thread/TRACE] [FML]:   Registry: 391 minecraft:carrot net.minecraft.item.ItemSeedFood@1a785fd5
[22:10:40] [Server thread/TRACE] [FML]:   Registry: 392 minecraft:potato net.minecraft.item.ItemSeedFood@4a660b34
[22:10:40] [Server thread/TRACE] [FML]:   Registry: 393 minecraft:baked_potato net.minecraft.item.ItemFood@362a561e
[22:10:40] [Server thread/TRACE] [FML]:   Registry: 394 minecraft:poisonous_potato net.minecraft.item.ItemFood@2df3545d
[22:10:40] [Server thread/TRACE] [FML]:   Registry: 395 minecraft:map net.minecraft.item.ItemEmptyMap@6b9697ae
[22:10:40] [Server thread/TRACE] [FML]:   Registry: 396 minecraft:golden_carrot net.minecraft.item.ItemFood@5cf0673d
[22:10:40] [Server thread/TRACE] [FML]:   Registry: 397 minecraft:skull net.minecraft.item.ItemSkull@5546e754
[22:10:40] [Server thread/TRACE] [FML]:   Registry: 398 minecraft:carrot_on_a_stick net.minecraft.item.ItemCarrotOnAStick@6a6da47a
[22:10:40] [Server thread/TRACE] [FML]:   Registry: 399 minecraft:nether_star net.minecraft.item.ItemSimpleFoiled@43e3a390
[22:10:40] [Server thread/TRACE] [FML]:   Registry: 400 minecraft:pumpkin_pie net.minecraft.item.ItemFood@44aa91e2
[22:10:40] [Server thread/TRACE] [FML]:   Registry: 401 minecraft:fireworks net.minecraft.item.ItemFirework@2b9e69fb
[22:10:40] [Server thread/TRACE] [FML]:   Registry: 402 minecraft:firework_charge net.minecraft.item.ItemFireworkCharge@49ced9c7
[22:10:40] [Server thread/TRACE] [FML]:   Registry: 403 minecraft:enchanted_book net.minecraft.item.ItemEnchantedBook@653a5967
[22:10:40] [Server thread/TRACE] [FML]:   Registry: 404 minecraft:comparator net.minecraft.item.ItemBlockSpecial@5a85b4e6
[22:10:40] [Server thread/TRACE] [FML]:   Registry: 405 minecraft:netherbrick net.minecraft.item.Item@766b6d02
[22:10:40] [Server thread/TRACE] [FML]:   Registry: 406 minecraft:quartz net.minecraft.item.Item@6b09ce57
[22:10:40] [Server thread/TRACE] [FML]:   Registry: 407 minecraft:tnt_minecart net.minecraft.item.ItemMinecart@5c4f4330
[22:10:40] [Server thread/TRACE] [FML]:   Registry: 408 minecraft:hopper_minecart net.minecraft.item.ItemMinecart@2b9aeedb
[22:10:40] [Server thread/TRACE] [FML]:   Registry: 409 minecraft:prismarine_shard net.minecraft.item.Item@63485d7
[22:10:40] [Server thread/TRACE] [FML]:   Registry: 410 minecraft:prismarine_crystals net.minecraft.item.Item@23ea8830
[22:10:40] [Server thread/TRACE] [FML]:   Registry: 411 minecraft:rabbit net.minecraft.item.ItemFood@59a09be
[22:10:40] [Server thread/TRACE] [FML]:   Registry: 412 minecraft:cooked_rabbit net.minecraft.item.ItemFood@790ac3e0
[22:10:40] [Server thread/TRACE] [FML]:   Registry: 413 minecraft:rabbit_stew net.minecraft.item.ItemSoup@5bb2fb2b
[22:10:40] [Server thread/TRACE] [FML]:   Registry: 414 minecraft:rabbit_foot net.minecraft.item.Item@2cee5365
[22:10:40] [Server thread/TRACE] [FML]:   Registry: 415 minecraft:rabbit_hide net.minecraft.item.Item@796c68bf
[22:10:40] [Server thread/TRACE] [FML]:   Registry: 416 minecraft:armor_stand net.minecraft.item.ItemArmorStand@2c2e3460
[22:10:40] [Server thread/TRACE] [FML]:   Registry: 417 minecraft:iron_horse_armor net.minecraft.item.Item@3b96f8b0
[22:10:40] [Server thread/TRACE] [FML]:   Registry: 418 minecraft:golden_horse_armor net.minecraft.item.Item@2b170932
[22:10:40] [Server thread/TRACE] [FML]:   Registry: 419 minecraft:diamond_horse_armor net.minecraft.item.Item@1fc0d9b4
[22:10:40] [Server thread/TRACE] [FML]:   Registry: 420 minecraft:lead net.minecraft.item.ItemLead@4416e18d
[22:10:40] [Server thread/TRACE] [FML]:   Registry: 421 minecraft:name_tag net.minecraft.item.ItemNameTag@781c2497
[22:10:40] [Server thread/TRACE] [FML]:   Registry: 422 minecraft:command_block_minecart net.minecraft.item.ItemMinecart@b75b890
[22:10:40] [Server thread/TRACE] [FML]:   Registry: 423 minecraft:mutton net.minecraft.item.ItemFood@70c491b8
[22:10:40] [Server thread/TRACE] [FML]:   Registry: 424 minecraft:cooked_mutton net.minecraft.item.ItemFood@439d545c
[22:10:40] [Server thread/TRACE] [FML]:   Registry: 425 minecraft:banner net.minecraft.item.ItemBanner@28367da7
[22:10:40] [Server thread/TRACE] [FML]:   Registry: 426 minecraft:end_crystal net.minecraft.item.ItemEndCrystal@1b3a9ef4
[22:10:40] [Server thread/TRACE] [FML]:   Registry: 427 minecraft:spruce_door net.minecraft.item.ItemDoor@7a1371
[22:10:40] [Server thread/TRACE] [FML]:   Registry: 428 minecraft:birch_door net.minecraft.item.ItemDoor@6c6928c
[22:10:40] [Server thread/TRACE] [FML]:   Registry: 429 minecraft:jungle_door net.minecraft.item.ItemDoor@3c28181b
[22:10:40] [Server thread/TRACE] [FML]:   Registry: 430 minecraft:acacia_door net.minecraft.item.ItemDoor@73aaec54
[22:10:40] [Server thread/TRACE] [FML]:   Registry: 431 minecraft:dark_oak_door net.minecraft.item.ItemDoor@239b98cb
[22:10:40] [Server thread/TRACE] [FML]:   Registry: 432 minecraft:chorus_fruit net.minecraft.item.ItemChorusFruit@49038f97
[22:10:40] [Server thread/TRACE] [FML]:   Registry: 433 minecraft:chorus_fruit_popped net.minecraft.item.Item@36211bbc
[22:10:40] [Server thread/TRACE] [FML]:   Registry: 434 minecraft:beetroot net.minecraft.item.ItemFood@7ef41ca2
[22:10:40] [Server thread/TRACE] [FML]:   Registry: 435 minecraft:beetroot_seeds net.minecraft.item.ItemSeeds@6b3f4bd8
[22:10:40] [Server thread/TRACE] [FML]:   Registry: 436 minecraft:beetroot_soup net.minecraft.item.ItemSoup@3e151e1f
[22:10:40] [Server thread/TRACE] [FML]:   Registry: 437 minecraft:dragon_breath net.minecraft.item.Item@d70e9a
[22:10:40] [Server thread/TRACE] [FML]:   Registry: 438 minecraft:splash_potion net.minecraft.item.ItemSplashPotion@77ea806f
[22:10:40] [Server thread/TRACE] [FML]:   Registry: 439 minecraft:spectral_arrow net.minecraft.item.ItemSpectralArrow@33751d49
[22:10:40] [Server thread/TRACE] [FML]:   Registry: 440 minecraft:tipped_arrow net.minecraft.item.ItemTippedArrow@26ca12a2
[22:10:40] [Server thread/TRACE] [FML]:   Registry: 441 minecraft:lingering_potion net.minecraft.item.ItemLingeringPotion@7606bd03
[22:10:40] [Server thread/TRACE] [FML]:   Registry: 442 minecraft:shield net.minecraft.item.ItemShield@ff0e6d4
[22:10:40] [Server thread/TRACE] [FML]:   Registry: 443 minecraft:elytra net.minecraft.item.ItemElytra@5b322873
[22:10:40] [Server thread/TRACE] [FML]:   Registry: 444 minecraft:spruce_boat net.minecraft.item.ItemBoat@35e2b89f
[22:10:40] [Server thread/TRACE] [FML]:   Registry: 445 minecraft:birch_boat net.minecraft.item.ItemBoat@7ad889be
[22:10:40] [Server thread/TRACE] [FML]:   Registry: 446 minecraft:jungle_boat net.minecraft.item.ItemBoat@4c063cb9
[22:10:40] [Server thread/TRACE] [FML]:   Registry: 447 minecraft:acacia_boat net.minecraft.item.ItemBoat@63de4fa
[22:10:40] [Server thread/TRACE] [FML]:   Registry: 448 minecraft:dark_oak_boat net.minecraft.item.ItemBoat@26bb92e2
[22:10:40] [Server thread/TRACE] [FML]:   Registry: 449 minecraft:totem_of_undying net.minecraft.item.Item@18907af2
[22:10:40] [Server thread/TRACE] [FML]:   Registry: 450 minecraft:shulker_shell net.minecraft.item.Item@658e7ead
[22:10:40] [Server thread/TRACE] [FML]:   Registry: 452 minecraft:iron_nugget net.minecraft.item.Item@cfd5cd2
[22:10:40] [Server thread/TRACE] [FML]:   Registry: 453 minecraft:knowledge_book net.minecraft.item.ItemKnowledgeBook@1de7f898
[22:10:40] [Server thread/TRACE] [FML]:   Registry: 2256 minecraft:record_13 net.minecraft.item.ItemRecord@496cedbb
[22:10:40] [Server thread/TRACE] [FML]:   Registry: 2257 minecraft:record_cat net.minecraft.item.ItemRecord@6b6def36
[22:10:40] [Server thread/TRACE] [FML]:   Registry: 2258 minecraft:record_blocks net.minecraft.item.ItemRecord@3957d88b
[22:10:40] [Server thread/TRACE] [FML]:   Registry: 2259 minecraft:record_chirp net.minecraft.item.ItemRecord@1152900
[22:10:40] [Server thread/TRACE] [FML]:   Registry: 2260 minecraft:record_far net.minecraft.item.ItemRecord@2fba0dac
[22:10:40] [Server thread/TRACE] [FML]:   Registry: 2261 minecraft:record_mall net.minecraft.item.ItemRecord@2b2a4332
[22:10:40] [Server thread/TRACE] [FML]:   Registry: 2262 minecraft:record_mellohi net.minecraft.item.ItemRecord@2cbe455c
[22:10:40] [Server thread/TRACE] [FML]:   Registry: 2263 minecraft:record_stal net.minecraft.item.ItemRecord@4cb24e2
[22:10:40] [Server thread/TRACE] [FML]:   Registry: 2264 minecraft:record_strad net.minecraft.item.ItemRecord@7be38eba
[22:10:40] [Server thread/TRACE] [FML]:   Registry: 2265 minecraft:record_ward net.minecraft.item.ItemRecord@2296127
[22:10:40] [Server thread/TRACE] [FML]:   Registry: 2266 minecraft:record_11 net.minecraft.item.ItemRecord@5ce3409b
[22:10:40] [Server thread/TRACE] [FML]:   Registry: 2267 minecraft:record_wait net.minecraft.item.ItemRecord@1d283d1
[22:10:40] [Server thread/TRACE] [FML]:   Registry: 4096 dungeonsmod:home_gem com.dainxt.dungeonsmod.items.ItemHomeGem@61c043ed
[22:10:40] [Server thread/TRACE] [FML]:   Registry: 4097 dungeonsmod:back_pergamine com.dainxt.dungeonsmod.items.ItemBackPergamine@2dd3ebe9
[22:10:40] [Server thread/TRACE] [FML]:   Registry: 4098 dungeonsmod:sun_overdrive com.dainxt.dungeonsmod.items.ItemSunOverdrive@64a7c19e
[22:10:40] [Server thread/TRACE] [FML]:   Registry: 4099 travelersbackpack:travelers_backpack com.tiviacz.travelersbackpack.items.ItemTravelersBackpack@233ee76d
[22:10:40] [Server thread/TRACE] [FML]:   Registry: 4100 travelersbackpack:backpack_tank com.tiviacz.travelersbackpack.items.ItemBase@656ef5b3
[22:10:40] [Server thread/TRACE] [FML]:   Registry: 4101 travelersbackpack:sleeping_bag_bottom com.tiviacz.travelersbackpack.items.ItemSleepingBag@2161bd21
[22:10:40] [Server thread/TRACE] [FML]:   Registry: 4102 travelersbackpack:hose_nozzle com.tiviacz.travelersbackpack.items.ItemBase@7ca15612
[22:10:40] [Server thread/TRACE] [FML]:   Registry: 4103 travelersbackpack:hose com.tiviacz.travelersbackpack.items.ItemHose@28f0d364
[22:10:40] [Server thread/TRACE] [FML]:   Registry: 4104 sexmod:allies_lamp com.trolmastercard.sexmod.ap@3aa178a4
[22:10:40] [Server thread/TRACE] [FML]:   Registry: 4105 sexmod:dragon_staff com.trolmastercard.sexmod.hy@16855264
[22:10:40] [Server thread/TRACE] [FML]:   Registry: 4106 sexmod:tribe_egg com.trolmastercard.sexmod.b9@60e28760
[22:10:40] [Server thread/TRACE] [FML]:   Registry: 4107 sexmod:galath_coin com.trolmastercard.sexmod.cc@4e2713eb
[22:10:40] [Server thread/TRACE] [FML]:   Registry: 4108 sexmod:npc_editor_wand com.trolmastercard.sexmod.hj@7ff236d3
[22:10:40] [Server thread/TRACE] [FML]:   Registry: 4109 sexmod:kobold_egg_item com.trolmastercard.sexmod.c7@43d85d3b
[22:10:40] [Server thread/TRACE] [FML]:   Registry: 4110 sexmod:luna_rod com.trolmastercard.sexmod.gp@37750ba7
[22:10:40] [Server thread/TRACE] [FML]: Registry Name : minecraft:potions
[22:10:40] [Server thread/TRACE] [FML]:   Registry: 0 sexmod:horny potion com.trolmastercard.sexmod.co@782938e6
[22:10:40] [Server thread/TRACE] [FML]:   Registry: 1 minecraft:speed net.minecraft.potion.Potion@642c6461
[22:10:40] [Server thread/TRACE] [FML]:   Registry: 2 minecraft:slowness net.minecraft.potion.Potion@3ace6346
[22:10:40] [Server thread/TRACE] [FML]:   Registry: 3 minecraft:haste net.minecraft.potion.Potion@4e48462d
[22:10:40] [Server thread/TRACE] [FML]:   Registry: 4 minecraft:mining_fatigue net.minecraft.potion.Potion@17216605
[22:10:40] [Server thread/TRACE] [FML]:   Registry: 5 minecraft:strength net.minecraft.potion.PotionAttackDamage@55c1ced9
[22:10:40] [Server thread/TRACE] [FML]:   Registry: 6 minecraft:instant_health net.minecraft.potion.PotionHealth@6c5ca0b6
[22:10:40] [Server thread/TRACE] [FML]:   Registry: 7 minecraft:instant_damage net.minecraft.potion.PotionHealth@37b01ce2
[22:10:40] [Server thread/TRACE] [FML]:   Registry: 8 minecraft:jump_boost net.minecraft.potion.Potion@1a88c4f5
[22:10:40] [Server thread/TRACE] [FML]:   Registry: 9 minecraft:nausea net.minecraft.potion.Potion@1894fa9f
[22:10:40] [Server thread/TRACE] [FML]:   Registry: 10 minecraft:regeneration net.minecraft.potion.Potion@1144a02b
[22:10:40] [Server thread/TRACE] [FML]:   Registry: 11 minecraft:resistance net.minecraft.potion.Potion@26a4f9ed
[22:10:40] [Server thread/TRACE] [FML]:   Registry: 12 minecraft:fire_resistance net.minecraft.potion.Potion@7a572ea0
[22:10:40] [Server thread/TRACE] [FML]:   Registry: 13 minecraft:water_breathing net.minecraft.potion.Potion@45287377
[22:10:40] [Server thread/TRACE] [FML]:   Registry: 14 minecraft:invisibility net.minecraft.potion.Potion@7159d601
[22:10:40] [Server thread/TRACE] [FML]:   Registry: 15 minecraft:blindness net.minecraft.potion.Potion@70b33256
[22:10:40] [Server thread/TRACE] [FML]:   Registry: 16 minecraft:night_vision net.minecraft.potion.Potion@33d230ce
[22:10:40] [Server thread/TRACE] [FML]:   Registry: 17 minecraft:hunger net.minecraft.potion.Potion@35e74e08
[22:10:40] [Server thread/TRACE] [FML]:   Registry: 18 minecraft:weakness net.minecraft.potion.PotionAttackDamage@a316f6b
[22:10:40] [Server thread/TRACE] [FML]:   Registry: 19 minecraft:poison net.minecraft.potion.Potion@63f9ddf9
[22:10:40] [Server thread/TRACE] [FML]:   Registry: 20 minecraft:wither net.minecraft.potion.Potion@410fc508
[22:10:40] [Server thread/TRACE] [FML]:   Registry: 21 minecraft:health_boost net.minecraft.potion.PotionHealthBoost@62e73ab6
[22:10:40] [Server thread/TRACE] [FML]:   Registry: 22 minecraft:absorption net.minecraft.potion.PotionAbsorption@7caf1e5
[22:10:40] [Server thread/TRACE] [FML]:   Registry: 23 minecraft:saturation net.minecraft.potion.PotionHealth@5c234920
[22:10:40] [Server thread/TRACE] [FML]:   Registry: 24 minecraft:glowing net.minecraft.potion.Potion@7ddeb27f
[22:10:40] [Server thread/TRACE] [FML]:   Registry: 25 minecraft:levitation net.minecraft.potion.Potion@38087342
[22:10:40] [Server thread/TRACE] [FML]:   Registry: 26 minecraft:luck net.minecraft.potion.Potion@681de87f
[22:10:40] [Server thread/TRACE] [FML]:   Registry: 27 minecraft:unluck net.minecraft.potion.Potion@2eb1c615
[22:10:40] [Server thread/TRACE] [FML]: Registry Name : minecraft:biomes
[22:10:40] [Server thread/TRACE] [FML]:   Registry: 0 minecraft:ocean net.minecraft.world.biome.BiomeOcean@70f85235
[22:10:40] [Server thread/TRACE] [FML]:   Registry: 1 minecraft:plains net.minecraft.world.biome.BiomePlains@a84338a
[22:10:40] [Server thread/TRACE] [FML]:   Registry: 2 minecraft:desert net.minecraft.world.biome.BiomeDesert@722b2728
[22:10:40] [Server thread/TRACE] [FML]:   Registry: 3 minecraft:extreme_hills net.minecraft.world.biome.BiomeHills@31d4b3e8
[22:10:40] [Server thread/TRACE] [FML]:   Registry: 4 minecraft:forest net.minecraft.world.biome.BiomeForest@75cacb3e
[22:10:40] [Server thread/TRACE] [FML]:   Registry: 5 minecraft:taiga net.minecraft.world.biome.BiomeTaiga@213835b6
[22:10:40] [Server thread/TRACE] [FML]:   Registry: 6 minecraft:swampland net.minecraft.world.biome.BiomeSwamp@37e55819
[22:10:40] [Server thread/TRACE] [FML]:   Registry: 7 minecraft:river net.minecraft.world.biome.BiomeRiver@6248cfab
[22:10:40] [Server thread/TRACE] [FML]:   Registry: 8 minecraft:hell net.minecraft.world.biome.BiomeHell@296676c4
[22:10:40] [Server thread/TRACE] [FML]:   Registry: 9 minecraft:sky net.minecraft.world.biome.BiomeEnd@6fced25c
[22:10:40] [Server thread/TRACE] [FML]:   Registry: 10 minecraft:frozen_ocean net.minecraft.world.biome.BiomeOcean@3cf4dec7
[22:10:40] [Server thread/TRACE] [FML]:   Registry: 11 minecraft:frozen_river net.minecraft.world.biome.BiomeRiver@1b94c789
[22:10:40] [Server thread/TRACE] [FML]:   Registry: 12 minecraft:ice_flats net.minecraft.world.biome.BiomeSnow@17d76ebb
[22:10:40] [Server thread/TRACE] [FML]:   Registry: 13 minecraft:ice_mountains net.minecraft.world.biome.BiomeSnow@40b31a16
[22:10:40] [Server thread/TRACE] [FML]:   Registry: 14 minecraft:mushroom_island net.minecraft.world.biome.BiomeMushroomIsland@1de73d37
[22:10:40] [Server thread/TRACE] [FML]:   Registry: 15 minecraft:mushroom_island_shore net.minecraft.world.biome.BiomeMushroomIsland@31693a86
[22:10:40] [Server thread/TRACE] [FML]:   Registry: 16 minecraft:beaches net.minecraft.world.biome.BiomeBeach@1f9a7684
[22:10:40] [Server thread/TRACE] [FML]:   Registry: 17 minecraft:desert_hills net.minecraft.world.biome.BiomeDesert@3b30eec5
[22:10:40] [Server thread/TRACE] [FML]:   Registry: 18 minecraft:forest_hills net.minecraft.world.biome.BiomeForest@43755e2f
[22:10:40] [Server thread/TRACE] [FML]:   Registry: 19 minecraft:taiga_hills net.minecraft.world.biome.BiomeTaiga@3d71e10b
[22:10:40] [Server thread/TRACE] [FML]:   Registry: 20 minecraft:smaller_extreme_hills net.minecraft.world.biome.BiomeHills@71139e77
[22:10:40] [Server thread/TRACE] [FML]:   Registry: 21 minecraft:jungle net.minecraft.world.biome.BiomeJungle@16cf7fd0
[22:10:40] [Server thread/TRACE] [FML]:   Registry: 22 minecraft:jungle_hills net.minecraft.world.biome.BiomeJungle@7bc2bb58
[22:10:40] [Server thread/TRACE] [FML]:   Registry: 23 minecraft:jungle_edge net.minecraft.world.biome.BiomeJungle@7e2c6fd6
[22:10:40] [Server thread/TRACE] [FML]:   Registry: 24 minecraft:deep_ocean net.minecraft.world.biome.BiomeOcean@7ff6804a
[22:10:40] [Server thread/TRACE] [FML]:   Registry: 25 minecraft:stone_beach net.minecraft.world.biome.BiomeStoneBeach@7c5c20ed
[22:10:40] [Server thread/TRACE] [FML]:   Registry: 26 minecraft:cold_beach net.minecraft.world.biome.BiomeBeach@6113a26f
[22:10:40] [Server thread/TRACE] [FML]:   Registry: 27 minecraft:birch_forest net.minecraft.world.biome.BiomeForest@2aac8ad7
[22:10:40] [Server thread/TRACE] [FML]:   Registry: 28 minecraft:birch_forest_hills net.minecraft.world.biome.BiomeForest@6a4a2090
[22:10:40] [Server thread/TRACE] [FML]:   Registry: 29 minecraft:roofed_forest net.minecraft.world.biome.BiomeForest@778c2e7c
[22:10:40] [Server thread/TRACE] [FML]:   Registry: 30 minecraft:taiga_cold net.minecraft.world.biome.BiomeTaiga@b70fa38
[22:10:40] [Server thread/TRACE] [FML]:   Registry: 31 minecraft:taiga_cold_hills net.minecraft.world.biome.BiomeTaiga@45c423b3
[22:10:40] [Server thread/TRACE] [FML]:   Registry: 32 minecraft:redwood_taiga net.minecraft.world.biome.BiomeTaiga@7e31d53b
[22:10:40] [Server thread/TRACE] [FML]:   Registry: 33 minecraft:redwood_taiga_hills net.minecraft.world.biome.BiomeTaiga@68d8eb4f
[22:10:40] [Server thread/TRACE] [FML]:   Registry: 34 minecraft:extreme_hills_with_trees net.minecraft.world.biome.BiomeHills@64757d56
[22:10:40] [Server thread/TRACE] [FML]:   Registry: 35 minecraft:savanna net.minecraft.world.biome.BiomeSavanna@702096ef
[22:10:40] [Server thread/TRACE] [FML]:   Registry: 36 minecraft:savanna_rock net.minecraft.world.biome.BiomeSavanna@5f0d8937
[22:10:40] [Server thread/TRACE] [FML]:   Registry: 37 minecraft:mesa net.minecraft.world.biome.BiomeMesa@24a8e40d
[22:10:40] [Server thread/TRACE] [FML]:   Registry: 38 minecraft:mesa_rock net.minecraft.world.biome.BiomeMesa@175f859e
[22:10:40] [Server thread/TRACE] [FML]:   Registry: 39 minecraft:mesa_clear_rock net.minecraft.world.biome.BiomeMesa@69fe7090
[22:10:40] [Server thread/TRACE] [FML]:   Registry: 127 minecraft:void net.minecraft.world.biome.BiomeVoid@6df2af02
[22:10:40] [Server thread/TRACE] [FML]:   Registry: 129 minecraft:mutated_plains net.minecraft.world.biome.BiomePlains@779228dc
[22:10:40] [Server thread/TRACE] [FML]:   Registry: 130 minecraft:mutated_desert net.minecraft.world.biome.BiomeDesert@1f7336b2
[22:10:40] [Server thread/TRACE] [FML]:   Registry: 131 minecraft:mutated_extreme_hills net.minecraft.world.biome.BiomeHills@4c030fe1
[22:10:40] [Server thread/TRACE] [FML]:   Registry: 132 minecraft:mutated_forest net.minecraft.world.biome.BiomeForest@347123dc
[22:10:40] [Server thread/TRACE] [FML]:   Registry: 133 minecraft:mutated_taiga net.minecraft.world.biome.BiomeTaiga@52433946
[22:10:40] [Server thread/TRACE] [FML]:   Registry: 134 minecraft:mutated_swampland net.minecraft.world.biome.BiomeSwamp@5403431a
[22:10:40] [Server thread/TRACE] [FML]:   Registry: 140 minecraft:mutated_ice_flats net.minecraft.world.biome.BiomeSnow@ab327c
[22:10:40] [Server thread/TRACE] [FML]:   Registry: 149 minecraft:mutated_jungle net.minecraft.world.biome.BiomeJungle@3d798e76
[22:10:40] [Server thread/TRACE] [FML]:   Registry: 151 minecraft:mutated_jungle_edge net.minecraft.world.biome.BiomeJungle@763b0996
[22:10:40] [Server thread/TRACE] [FML]:   Registry: 155 minecraft:mutated_birch_forest net.minecraft.world.biome.BiomeForestMutated@618f627b
[22:10:40] [Server thread/TRACE] [FML]:   Registry: 156 minecraft:mutated_birch_forest_hills net.minecraft.world.biome.BiomeForestMutated@10745a02
[22:10:40] [Server thread/TRACE] [FML]:   Registry: 157 minecraft:mutated_roofed_forest net.minecraft.world.biome.BiomeForest@3e2d8623
[22:10:40] [Server thread/TRACE] [FML]:   Registry: 158 minecraft:mutated_taiga_cold net.minecraft.world.biome.BiomeTaiga@72715e61
[22:10:40] [Server thread/TRACE] [FML]:   Registry: 160 minecraft:mutated_redwood_taiga net.minecraft.world.biome.BiomeTaiga@68f776ee
[22:10:40] [Server thread/TRACE] [FML]:   Registry: 161 minecraft:mutated_redwood_taiga_hills net.minecraft.world.biome.BiomeTaiga@5a6195b8
[22:10:40] [Server thread/TRACE] [FML]:   Registry: 162 minecraft:mutated_extreme_hills_with_trees net.minecraft.world.biome.BiomeHills@8af1c49
[22:10:40] [Server thread/TRACE] [FML]:   Registry: 163 minecraft:mutated_savanna net.minecraft.world.biome.BiomeSavannaMutated@23469199
[22:10:40] [Server thread/TRACE] [FML]:   Registry: 164 minecraft:mutated_savanna_rock net.minecraft.world.biome.BiomeSavannaMutated@75dc1c1c
[22:10:40] [Server thread/TRACE] [FML]:   Registry: 165 minecraft:mutated_mesa net.minecraft.world.biome.BiomeMesa@5611bba
[22:10:40] [Server thread/TRACE] [FML]:   Registry: 166 minecraft:mutated_mesa_rock net.minecraft.world.biome.BiomeMesa@5ba184fc
[22:10:40] [Server thread/TRACE] [FML]:   Registry: 167 minecraft:mutated_mesa_clear_rock net.minecraft.world.biome.BiomeMesa@4cfc0c48
[22:10:40] [Server thread/TRACE] [FML]: Registry Name : minecraft:soundevents
[22:10:40] [Server thread/TRACE] [FML]:   Registry: 0 minecraft:ambient.cave net.minecraft.util.SoundEvent@31da3d60
[22:10:40] [Server thread/TRACE] [FML]:   Registry: 1 minecraft:block.anvil.break net.minecraft.util.SoundEvent@5f18f9d2
[22:10:40] [Server thread/TRACE] [FML]:   Registry: 2 minecraft:block.anvil.destroy net.minecraft.util.SoundEvent@598260a6
[22:10:40] [Server thread/TRACE] [FML]:   Registry: 3 minecraft:block.anvil.fall net.minecraft.util.SoundEvent@58b67519
[22:10:40] [Server thread/TRACE] [FML]:   Registry: 4 minecraft:block.anvil.hit net.minecraft.util.SoundEvent@281ce6bb
[22:10:40] [Server thread/TRACE] [FML]:   Registry: 5 minecraft:block.anvil.land net.minecraft.util.SoundEvent@30d25c03
[22:10:40] [Server thread/TRACE] [FML]:   Registry: 6 minecraft:block.anvil.place net.minecraft.util.SoundEvent@7a1f8def
[22:10:40] [Server thread/TRACE] [FML]:   Registry: 7 minecraft:block.anvil.step net.minecraft.util.SoundEvent@116a2108
[22:10:40] [Server thread/TRACE] [FML]:   Registry: 8 minecraft:block.anvil.use net.minecraft.util.SoundEvent@5e8c34a0
[22:10:40] [Server thread/TRACE] [FML]:   Registry: 9 minecraft:block.brewing_stand.brew net.minecraft.util.SoundEvent@7c1c5936
[22:10:40] [Server thread/TRACE] [FML]:   Registry: 10 minecraft:block.chest.close net.minecraft.util.SoundEvent@7aead3af
[22:10:40] [Server thread/TRACE] [FML]:   Registry: 11 minecraft:block.chest.locked net.minecraft.util.SoundEvent@3ac8cf9b
[22:10:40] [Server thread/TRACE] [FML]:   Registry: 12 minecraft:block.chest.open net.minecraft.util.SoundEvent@55ec556
[22:10:40] [Server thread/TRACE] [FML]:   Registry: 13 minecraft:block.chorus_flower.death net.minecraft.util.SoundEvent@1b15f922
[22:10:40] [Server thread/TRACE] [FML]:   Registry: 14 minecraft:block.chorus_flower.grow net.minecraft.util.SoundEvent@37ce3644
[22:10:40] [Server thread/TRACE] [FML]:   Registry: 15 minecraft:block.cloth.break net.minecraft.util.SoundEvent@4b869331
[22:10:40] [Server thread/TRACE] [FML]:   Registry: 16 minecraft:block.cloth.fall net.minecraft.util.SoundEvent@38018b62
[22:10:40] [Server thread/TRACE] [FML]:   Registry: 17 minecraft:block.cloth.hit net.minecraft.util.SoundEvent@ce9b9a9
[22:10:40] [Server thread/TRACE] [FML]:   Registry: 18 minecraft:block.cloth.place net.minecraft.util.SoundEvent@4ad3d266
[22:10:40] [Server thread/TRACE] [FML]:   Registry: 19 minecraft:block.cloth.step net.minecraft.util.SoundEvent@3533df16
[22:10:40] [Server thread/TRACE] [FML]:   Registry: 20 minecraft:block.comparator.click net.minecraft.util.SoundEvent@15d0849
[22:10:40] [Server thread/TRACE] [FML]:   Registry: 21 minecraft:block.dispenser.dispense net.minecraft.util.SoundEvent@4038cd3a
[22:10:40] [Server thread/TRACE] [FML]:   Registry: 22 minecraft:block.dispenser.fail net.minecraft.util.SoundEvent@14ac77b9
[22:10:40] [Server thread/TRACE] [FML]:   Registry: 23 minecraft:block.dispenser.launch net.minecraft.util.SoundEvent@3f4cd155
[22:10:40] [Server thread/TRACE] [FML]:   Registry: 24 minecraft:block.enchantment_table.use net.minecraft.util.SoundEvent@563a89b5
[22:10:40] [Server thread/TRACE] [FML]:   Registry: 25 minecraft:block.end_gateway.spawn net.minecraft.util.SoundEvent@506dcf55
[22:10:40] [Server thread/TRACE] [FML]:   Registry: 26 minecraft:block.end_portal.spawn net.minecraft.util.SoundEvent@270b6b5e
[22:10:40] [Server thread/TRACE] [FML]:   Registry: 27 minecraft:block.end_portal_frame.fill net.minecraft.util.SoundEvent@7e94d093
[22:10:40] [Server thread/TRACE] [FML]:   Registry: 28 minecraft:block.enderchest.close net.minecraft.util.SoundEvent@7c6189d5
[22:10:40] [Server thread/TRACE] [FML]:   Registry: 29 minecraft:block.enderchest.open net.minecraft.util.SoundEvent@4248e66b
[22:10:40] [Server thread/TRACE] [FML]:   Registry: 30 minecraft:block.fence_gate.close net.minecraft.util.SoundEvent@3e6534e7
[22:10:40] [Server thread/TRACE] [FML]:   Registry: 31 minecraft:block.fence_gate.open net.minecraft.util.SoundEvent@66ad7bf0
[22:10:40] [Server thread/TRACE] [FML]:   Registry: 32 minecraft:block.fire.ambient net.minecraft.util.SoundEvent@167279d1
[22:10:40] [Server thread/TRACE] [FML]:   Registry: 33 minecraft:block.fire.extinguish net.minecraft.util.SoundEvent@138caeca
[22:10:40] [Server thread/TRACE] [FML]:   Registry: 34 minecraft:block.furnace.fire_crackle net.minecraft.util.SoundEvent@4d96250
[22:10:40] [Server thread/TRACE] [FML]:   Registry: 35 minecraft:block.glass.break net.minecraft.util.SoundEvent@9a6fbc0
[22:10:40] [Server thread/TRACE] [FML]:   Registry: 36 minecraft:block.glass.fall net.minecraft.util.SoundEvent@c1fa7d4
[22:10:40] [Server thread/TRACE] [FML]:   Registry: 37 minecraft:block.glass.hit net.minecraft.util.SoundEvent@7a93b263
[22:10:40] [Server thread/TRACE] [FML]:   Registry: 38 minecraft:block.glass.place net.minecraft.util.SoundEvent@35178483
[22:10:40] [Server thread/TRACE] [FML]:   Registry: 39 minecraft:block.glass.step net.minecraft.util.SoundEvent@bd1111a
[22:10:40] [Server thread/TRACE] [FML]:   Registry: 40 minecraft:block.grass.break net.minecraft.util.SoundEvent@7a8136b3
[22:10:40] [Server thread/TRACE] [FML]:   Registry: 41 minecraft:block.grass.fall net.minecraft.util.SoundEvent@1de6932a
[22:10:40] [Server thread/TRACE] [FML]:   Registry: 42 minecraft:block.grass.hit net.minecraft.util.SoundEvent@14dc3f89
[22:10:40] [Server thread/TRACE] [FML]:   Registry: 43 minecraft:block.grass.place net.minecraft.util.SoundEvent@1706a5c9
[22:10:40] [Server thread/TRACE] [FML]:   Registry: 44 minecraft:block.grass.step net.minecraft.util.SoundEvent@64412d34
[22:10:40] [Server thread/TRACE] [FML]:   Registry: 45 minecraft:block.gravel.break net.minecraft.util.SoundEvent@4d178d55
[22:10:40] [Server thread/TRACE] [FML]:   Registry: 46 minecraft:block.gravel.fall net.minecraft.util.SoundEvent@38c2c309
[22:10:40] [Server thread/TRACE] [FML]:   Registry: 47 minecraft:block.gravel.hit net.minecraft.util.SoundEvent@1a480135
[22:10:40] [Server thread/TRACE] [FML]:   Registry: 48 minecraft:block.gravel.place net.minecraft.util.SoundEvent@778db7c5
[22:10:40] [Server thread/TRACE] [FML]:   Registry: 49 minecraft:block.gravel.step net.minecraft.util.SoundEvent@681e144
[22:10:40] [Server thread/TRACE] [FML]:   Registry: 50 minecraft:block.iron_door.close net.minecraft.util.SoundEvent@2875b016
[22:10:40] [Server thread/TRACE] [FML]:   Registry: 51 minecraft:block.iron_door.open net.minecraft.util.SoundEvent@72ee5d84
[22:10:40] [Server thread/TRACE] [FML]:   Registry: 52 minecraft:block.iron_trapdoor.close net.minecraft.util.SoundEvent@68c7ef83
[22:10:40] [Server thread/TRACE] [FML]:   Registry: 53 minecraft:block.iron_trapdoor.open net.minecraft.util.SoundEvent@6145b81e
[22:10:40] [Server thread/TRACE] [FML]:   Registry: 54 minecraft:block.ladder.break net.minecraft.util.SoundEvent@64355120
[22:10:40] [Server thread/TRACE] [FML]:   Registry: 55 minecraft:block.ladder.fall net.minecraft.util.SoundEvent@64b7225f
[22:10:40] [Server thread/TRACE] [FML]:   Registry: 56 minecraft:block.ladder.hit net.minecraft.util.SoundEvent@33db72bd
[22:10:40] [Server thread/TRACE] [FML]:   Registry: 57 minecraft:block.ladder.place net.minecraft.util.SoundEvent@7f92b990
[22:10:40] [Server thread/TRACE] [FML]:   Registry: 58 minecraft:block.ladder.step net.minecraft.util.SoundEvent@31e04b13
[22:10:40] [Server thread/TRACE] [FML]:   Registry: 59 minecraft:block.lava.ambient net.minecraft.util.SoundEvent@6c1832aa
[22:10:40] [Server thread/TRACE] [FML]:   Registry: 60 minecraft:block.lava.extinguish net.minecraft.util.SoundEvent@4beeb0e
[22:10:40] [Server thread/TRACE] [FML]:   Registry: 61 minecraft:block.lava.pop net.minecraft.util.SoundEvent@6e8a9c30
[22:10:40] [Server thread/TRACE] [FML]:   Registry: 62 minecraft:block.lever.click net.minecraft.util.SoundEvent@5d01ea21
[22:10:40] [Server thread/TRACE] [FML]:   Registry: 63 minecraft:block.metal.break net.minecraft.util.SoundEvent@70211e49
[22:10:40] [Server thread/TRACE] [FML]:   Registry: 64 minecraft:block.metal.fall net.minecraft.util.SoundEvent@3b46dd8
[22:10:40] [Server thread/TRACE] [FML]:   Registry: 65 minecraft:block.metal.hit net.minecraft.util.SoundEvent@39651a82
[22:10:40] [Server thread/TRACE] [FML]:   Registry: 66 minecraft:block.metal.place net.minecraft.util.SoundEvent@6be7bf6d
[22:10:40] [Server thread/TRACE] [FML]:   Registry: 67 minecraft:block.metal.step net.minecraft.util.SoundEvent@134c370e
[22:10:40] [Server thread/TRACE] [FML]:   Registry: 68 minecraft:block.metal_pressureplate.click_off net.minecraft.util.SoundEvent@33364212
[22:10:40] [Server thread/TRACE] [FML]:   Registry: 69 minecraft:block.metal_pressureplate.click_on net.minecraft.util.SoundEvent@2216effc
[22:10:40] [Server thread/TRACE] [FML]:   Registry: 70 minecraft:block.note.basedrum net.minecraft.util.SoundEvent@745c2004
[22:10:40] [Server thread/TRACE] [FML]:   Registry: 71 minecraft:block.note.bass net.minecraft.util.SoundEvent@6da9dc6
[22:10:40] [Server thread/TRACE] [FML]:   Registry: 72 minecraft:block.note.bell net.minecraft.util.SoundEvent@7fd69dd
[22:10:40] [Server thread/TRACE] [FML]:   Registry: 73 minecraft:block.note.chime net.minecraft.util.SoundEvent@12010fd1
[22:10:40] [Server thread/TRACE] [FML]:   Registry: 74 minecraft:block.note.flute net.minecraft.util.SoundEvent@7c84195
[22:10:40] [Server thread/TRACE] [FML]:   Registry: 75 minecraft:block.note.guitar net.minecraft.util.SoundEvent@552ed807
[22:10:40] [Server thread/TRACE] [FML]:   Registry: 76 minecraft:block.note.harp net.minecraft.util.SoundEvent@3971f0fe
[22:10:40] [Server thread/TRACE] [FML]:   Registry: 77 minecraft:block.note.hat net.minecraft.util.SoundEvent@23940f86
[22:10:40] [Server thread/TRACE] [FML]:   Registry: 78 minecraft:block.note.pling net.minecraft.util.SoundEvent@66153688
[22:10:40] [Server thread/TRACE] [FML]:   Registry: 79 minecraft:block.note.snare net.minecraft.util.SoundEvent@455824ad
[22:10:40] [Server thread/TRACE] [FML]:   Registry: 80 minecraft:block.note.xylophone net.minecraft.util.SoundEvent@7318daf8
[22:10:40] [Server thread/TRACE] [FML]:   Registry: 81 minecraft:block.piston.contract net.minecraft.util.SoundEvent@70f31322
[22:10:40] [Server thread/TRACE] [FML]:   Registry: 82 minecraft:block.piston.extend net.minecraft.util.SoundEvent@3f1ddac2
[22:10:40] [Server thread/TRACE] [FML]:   Registry: 83 minecraft:block.portal.ambient net.minecraft.util.SoundEvent@3be4fcc0
[22:10:40] [Server thread/TRACE] [FML]:   Registry: 84 minecraft:block.portal.travel net.minecraft.util.SoundEvent@e1e2e5e
[22:10:40] [Server thread/TRACE] [FML]:   Registry: 85 minecraft:block.portal.trigger net.minecraft.util.SoundEvent@661c46bc
[22:10:40] [Server thread/TRACE] [FML]:   Registry: 86 minecraft:block.redstone_torch.burnout net.minecraft.util.SoundEvent@37864b77
[22:10:40] [Server thread/TRACE] [FML]:   Registry: 87 minecraft:block.sand.break net.minecraft.util.SoundEvent@2b98b3bb
[22:10:40] [Server thread/TRACE] [FML]:   Registry: 88 minecraft:block.sand.fall net.minecraft.util.SoundEvent@540b0448
[22:10:40] [Server thread/TRACE] [FML]:   Registry: 89 minecraft:block.sand.hit net.minecraft.util.SoundEvent@50a691d3
[22:10:40] [Server thread/TRACE] [FML]:   Registry: 90 minecraft:block.sand.place net.minecraft.util.SoundEvent@557eb543
[22:10:40] [Server thread/TRACE] [FML]:   Registry: 91 minecraft:block.sand.step net.minecraft.util.SoundEvent@3b95d13c
[22:10:40] [Server thread/TRACE] [FML]:   Registry: 92 minecraft:block.shulker_box.close net.minecraft.util.SoundEvent@3730ab42
[22:10:40] [Server thread/TRACE] [FML]:   Registry: 93 minecraft:block.shulker_box.open net.minecraft.util.SoundEvent@537c8c7e
[22:10:40] [Server thread/TRACE] [FML]:   Registry: 94 minecraft:block.slime.break net.minecraft.util.SoundEvent@7308ffff
[22:10:40] [Server thread/TRACE] [FML]:   Registry: 95 minecraft:block.slime.fall net.minecraft.util.SoundEvent@6601cc93
[22:10:40] [Server thread/TRACE] [FML]:   Registry: 96 minecraft:block.slime.hit net.minecraft.util.SoundEvent@54d901aa
[22:10:40] [Server thread/TRACE] [FML]:   Registry: 97 minecraft:block.slime.place net.minecraft.util.SoundEvent@63716833
[22:10:40] [Server thread/TRACE] [FML]:   Registry: 98 minecraft:block.slime.step net.minecraft.util.SoundEvent@573284a5
[22:10:40] [Server thread/TRACE] [FML]:   Registry: 99 minecraft:block.snow.break net.minecraft.util.SoundEvent@3fbfbf84
[22:10:40] [Server thread/TRACE] [FML]:   Registry: 100 minecraft:block.snow.fall net.minecraft.util.SoundEvent@23f72d88
[22:10:40] [Server thread/TRACE] [FML]:   Registry: 101 minecraft:block.snow.hit net.minecraft.util.SoundEvent@4bafe935
[22:10:40] [Server thread/TRACE] [FML]:   Registry: 102 minecraft:block.snow.place net.minecraft.util.SoundEvent@87b5b49
[22:10:40] [Server thread/TRACE] [FML]:   Registry: 103 minecraft:block.snow.step net.minecraft.util.SoundEvent@4a7a965d
[22:10:40] [Server thread/TRACE] [FML]:   Registry: 104 minecraft:block.stone.break net.minecraft.util.SoundEvent@507b79f7
[22:10:40] [Server thread/TRACE] [FML]:   Registry: 105 minecraft:block.stone.fall net.minecraft.util.SoundEvent@64a9d48c
[22:10:40] [Server thread/TRACE] [FML]:   Registry: 106 minecraft:block.stone.hit net.minecraft.util.SoundEvent@365a6a43
[22:10:40] [Server thread/TRACE] [FML]:   Registry: 107 minecraft:block.stone.place net.minecraft.util.SoundEvent@288cdaab
[22:10:40] [Server thread/TRACE] [FML]:   Registry: 108 minecraft:block.stone.step net.minecraft.util.SoundEvent@23b3aa8c
[22:10:40] [Server thread/TRACE] [FML]:   Registry: 109 minecraft:block.stone_button.click_off net.minecraft.util.SoundEvent@99407c2
[22:10:40] [Server thread/TRACE] [FML]:   Registry: 110 minecraft:block.stone_button.click_on net.minecraft.util.SoundEvent@6c796cc1
[22:10:40] [Server thread/TRACE] [FML]:   Registry: 111 minecraft:block.stone_pressureplate.click_off net.minecraft.util.SoundEvent@226eba67
[22:10:40] [Server thread/TRACE] [FML]:   Registry: 112 minecraft:block.stone_pressureplate.click_on net.minecraft.util.SoundEvent@1cb7936c
[22:10:40] [Server thread/TRACE] [FML]:   Registry: 113 minecraft:block.tripwire.attach net.minecraft.util.SoundEvent@35342d2f
[22:10:40] [Server thread/TRACE] [FML]:   Registry: 114 minecraft:block.tripwire.click_off net.minecraft.util.SoundEvent@128c502c
[22:10:40] [Server thread/TRACE] [FML]:   Registry: 115 minecraft:block.tripwire.click_on net.minecraft.util.SoundEvent@45667d98
[22:10:40] [Server thread/TRACE] [FML]:   Registry: 116 minecraft:block.tripwire.detach net.minecraft.util.SoundEvent@65eabaab
[22:10:40] [Server thread/TRACE] [FML]:   Registry: 117 minecraft:block.water.ambient net.minecraft.util.SoundEvent@7123be6c
[22:10:40] [Server thread/TRACE] [FML]:   Registry: 118 minecraft:block.waterlily.place net.minecraft.util.SoundEvent@1de9d54
[22:10:40] [Server thread/TRACE] [FML]:   Registry: 119 minecraft:block.wood.break net.minecraft.util.SoundEvent@77a2aa4a
[22:10:40] [Server thread/TRACE] [FML]:   Registry: 120 minecraft:block.wood.fall net.minecraft.util.SoundEvent@47ad69f7
[22:10:40] [Server thread/TRACE] [FML]:   Registry: 121 minecraft:block.wood.hit net.minecraft.util.SoundEvent@2b917fb0
[22:10:40] [Server thread/TRACE] [FML]:   Registry: 122 minecraft:block.wood.place net.minecraft.util.SoundEvent@5e5073ab
[22:10:40] [Server thread/TRACE] [FML]:   Registry: 123 minecraft:block.wood.step net.minecraft.util.SoundEvent@3c4262d1
[22:10:40] [Server thread/TRACE] [FML]:   Registry: 124 minecraft:block.wood_button.click_off net.minecraft.util.SoundEvent@100c567f
[22:10:40] [Server thread/TRACE] [FML]:   Registry: 125 minecraft:block.wood_button.click_on net.minecraft.util.SoundEvent@30c0d731
[22:10:40] [Server thread/TRACE] [FML]:   Registry: 126 minecraft:block.wood_pressureplate.click_off net.minecraft.util.SoundEvent@6d5037a9
[22:10:40] [Server thread/TRACE] [FML]:   Registry: 127 minecraft:block.wood_pressureplate.click_on net.minecraft.util.SoundEvent@422b8438
[22:10:40] [Server thread/TRACE] [FML]:   Registry: 128 minecraft:block.wooden_door.close net.minecraft.util.SoundEvent@30669dac
[22:10:40] [Server thread/TRACE] [FML]:   Registry: 129 minecraft:block.wooden_door.open net.minecraft.util.SoundEvent@629adce
[22:10:40] [Server thread/TRACE] [FML]:   Registry: 130 minecraft:block.wooden_trapdoor.close net.minecraft.util.SoundEvent@6a282fdd
[22:10:40] [Server thread/TRACE] [FML]:   Registry: 131 minecraft:block.wooden_trapdoor.open net.minecraft.util.SoundEvent@743c6ce4
[22:10:40] [Server thread/TRACE] [FML]:   Registry: 132 minecraft:enchant.thorns.hit net.minecraft.util.SoundEvent@70331432
[22:10:40] [Server thread/TRACE] [FML]:   Registry: 133 minecraft:entity.armorstand.break net.minecraft.util.SoundEvent@3bbf9027
[22:10:40] [Server thread/TRACE] [FML]:   Registry: 134 minecraft:entity.armorstand.fall net.minecraft.util.SoundEvent@10c2064a
[22:10:40] [Server thread/TRACE] [FML]:   Registry: 135 minecraft:entity.armorstand.hit net.minecraft.util.SoundEvent@70e13fa
[22:10:40] [Server thread/TRACE] [FML]:   Registry: 136 minecraft:entity.armorstand.place net.minecraft.util.SoundEvent@6ff415ad
[22:10:40] [Server thread/TRACE] [FML]:   Registry: 137 minecraft:entity.arrow.hit net.minecraft.util.SoundEvent@280d9edc
[22:10:40] [Server thread/TRACE] [FML]:   Registry: 138 minecraft:entity.arrow.hit_player net.minecraft.util.SoundEvent@28fd3dc1
[22:10:40] [Server thread/TRACE] [FML]:   Registry: 139 minecraft:entity.arrow.shoot net.minecraft.util.SoundEvent@5f9b6ae7
[22:10:40] [Server thread/TRACE] [FML]:   Registry: 140 minecraft:entity.bat.ambient net.minecraft.util.SoundEvent@108d55c4
[22:10:40] [Server thread/TRACE] [FML]:   Registry: 141 minecraft:entity.bat.death net.minecraft.util.SoundEvent@5432c277
[22:10:40] [Server thread/TRACE] [FML]:   Registry: 142 minecraft:entity.bat.hurt net.minecraft.util.SoundEvent@15e0fe05
[22:10:40] [Server thread/TRACE] [FML]:   Registry: 143 minecraft:entity.bat.loop net.minecraft.util.SoundEvent@1128620c
[22:10:40] [Server thread/TRACE] [FML]:   Registry: 144 minecraft:entity.bat.takeoff net.minecraft.util.SoundEvent@6bf13698
[22:10:40] [Server thread/TRACE] [FML]:   Registry: 145 minecraft:entity.blaze.ambient net.minecraft.util.SoundEvent@299270eb
[22:10:40] [Server thread/TRACE] [FML]:   Registry: 146 minecraft:entity.blaze.burn net.minecraft.util.SoundEvent@3b90a30a
[22:10:40] [Server thread/TRACE] [FML]:   Registry: 147 minecraft:entity.blaze.death net.minecraft.util.SoundEvent@69fa8e76
[22:10:40] [Server thread/TRACE] [FML]:   Registry: 148 minecraft:entity.blaze.hurt net.minecraft.util.SoundEvent@bdd2027
[22:10:40] [Server thread/TRACE] [FML]:   Registry: 149 minecraft:entity.blaze.shoot net.minecraft.util.SoundEvent@31f20c9f
[22:10:40] [Server thread/TRACE] [FML]:   Registry: 150 minecraft:entity.boat.paddle_land net.minecraft.util.SoundEvent@f446158
[22:10:40] [Server thread/TRACE] [FML]:   Registry: 151 minecraft:entity.boat.paddle_water net.minecraft.util.SoundEvent@32f0c7f8
[22:10:40] [Server thread/TRACE] [FML]:   Registry: 152 minecraft:entity.bobber.retrieve net.minecraft.util.SoundEvent@504e1599
[22:10:40] [Server thread/TRACE] [FML]:   Registry: 153 minecraft:entity.bobber.splash net.minecraft.util.SoundEvent@71f96dfb
[22:10:40] [Server thread/TRACE] [FML]:   Registry: 154 minecraft:entity.bobber.throw net.minecraft.util.SoundEvent@5d1b9c3d
[22:10:40] [Server thread/TRACE] [FML]:   Registry: 155 minecraft:entity.cat.ambient net.minecraft.util.SoundEvent@69e05f61
[22:10:40] [Server thread/TRACE] [FML]:   Registry: 156 minecraft:entity.cat.death net.minecraft.util.SoundEvent@49a26d19
[22:10:40] [Server thread/TRACE] [FML]:   Registry: 157 minecraft:entity.cat.hiss net.minecraft.util.SoundEvent@730e5763
[22:10:40] [Server thread/TRACE] [FML]:   Registry: 158 minecraft:entity.cat.hurt net.minecraft.util.SoundEvent@7275c74b
[22:10:40] [Server thread/TRACE] [FML]:   Registry: 159 minecraft:entity.cat.purr net.minecraft.util.SoundEvent@19058533
[22:10:40] [Server thread/TRACE] [FML]:   Registry: 160 minecraft:entity.cat.purreow net.minecraft.util.SoundEvent@4315e9af
[22:10:40] [Server thread/TRACE] [FML]:   Registry: 161 minecraft:entity.chicken.ambient net.minecraft.util.SoundEvent@42210be1
[22:10:40] [Server thread/TRACE] [FML]:   Registry: 162 minecraft:entity.chicken.death net.minecraft.util.SoundEvent@1eb2d371
[22:10:40] [Server thread/TRACE] [FML]:   Registry: 163 minecraft:entity.chicken.egg net.minecraft.util.SoundEvent@2babf189
[22:10:40] [Server thread/TRACE] [FML]:   Registry: 164 minecraft:entity.chicken.hurt net.minecraft.util.SoundEvent@479f2dc2
[22:10:40] [Server thread/TRACE] [FML]:   Registry: 165 minecraft:entity.chicken.step net.minecraft.util.SoundEvent@dab48d3
[22:10:40] [Server thread/TRACE] [FML]:   Registry: 166 minecraft:entity.cow.ambient net.minecraft.util.SoundEvent@58a2b4c
[22:10:40] [Server thread/TRACE] [FML]:   Registry: 167 minecraft:entity.cow.death net.minecraft.util.SoundEvent@7159a5cd
[22:10:40] [Server thread/TRACE] [FML]:   Registry: 168 minecraft:entity.cow.hurt net.minecraft.util.SoundEvent@4f966719
[22:10:40] [Server thread/TRACE] [FML]:   Registry: 169 minecraft:entity.cow.milk net.minecraft.util.SoundEvent@18ac53e8
[22:10:40] [Server thread/TRACE] [FML]:   Registry: 170 minecraft:entity.cow.step net.minecraft.util.SoundEvent@4ca8dbfa
[22:10:40] [Server thread/TRACE] [FML]:   Registry: 171 minecraft:entity.creeper.death net.minecraft.util.SoundEvent@7063686f
[22:10:40] [Server thread/TRACE] [FML]:   Registry: 172 minecraft:entity.creeper.hurt net.minecraft.util.SoundEvent@c3177d5
[22:10:40] [Server thread/TRACE] [FML]:   Registry: 173 minecraft:entity.creeper.primed net.minecraft.util.SoundEvent@76f856a8
[22:10:40] [Server thread/TRACE] [FML]:   Registry: 174 minecraft:entity.donkey.ambient net.minecraft.util.SoundEvent@7c853486
[22:10:40] [Server thread/TRACE] [FML]:   Registry: 175 minecraft:entity.donkey.angry net.minecraft.util.SoundEvent@174e1b69
[22:10:40] [Server thread/TRACE] [FML]:   Registry: 176 minecraft:entity.donkey.chest net.minecraft.util.SoundEvent@1046498a
[22:10:40] [Server thread/TRACE] [FML]:   Registry: 177 minecraft:entity.donkey.death net.minecraft.util.SoundEvent@243f003c
[22:10:40] [Server thread/TRACE] [FML]:   Registry: 178 minecraft:entity.donkey.hurt net.minecraft.util.SoundEvent@71cb3139
[22:10:40] [Server thread/TRACE] [FML]:   Registry: 179 minecraft:entity.egg.throw net.minecraft.util.SoundEvent@1639f93a
[22:10:40] [Server thread/TRACE] [FML]:   Registry: 180 minecraft:entity.elder_guardian.ambient net.minecraft.util.SoundEvent@3491e86e
[22:10:40] [Server thread/TRACE] [FML]:   Registry: 181 minecraft:entity.elder_guardian.ambient_land net.minecraft.util.SoundEvent@68f32020
[22:10:40] [Server thread/TRACE] [FML]:   Registry: 182 minecraft:entity.elder_guardian.curse net.minecraft.util.SoundEvent@409986fe
[22:10:40] [Server thread/TRACE] [FML]:   Registry: 183 minecraft:entity.elder_guardian.death net.minecraft.util.SoundEvent@19b047fe
[22:10:40] [Server thread/TRACE] [FML]:   Registry: 184 minecraft:entity.elder_guardian.death_land net.minecraft.util.SoundEvent@22590e3e
[22:10:40] [Server thread/TRACE] [FML]:   Registry: 185 minecraft:entity.elder_guardian.flop net.minecraft.util.SoundEvent@53dad875
[22:10:40] [Server thread/TRACE] [FML]:   Registry: 186 minecraft:entity.elder_guardian.hurt net.minecraft.util.SoundEvent@5f780a86
[22:10:40] [Server thread/TRACE] [FML]:   Registry: 187 minecraft:entity.elder_guardian.hurt_land net.minecraft.util.SoundEvent@446c3920
[22:10:40] [Server thread/TRACE] [FML]:   Registry: 188 minecraft:entity.enderdragon.ambient net.minecraft.util.SoundEvent@2eaef76d
[22:10:40] [Server thread/TRACE] [FML]:   Registry: 189 minecraft:entity.enderdragon.death net.minecraft.util.SoundEvent@2b329bbd
[22:10:40] [Server thread/TRACE] [FML]:   Registry: 190 minecraft:entity.enderdragon.flap net.minecraft.util.SoundEvent@34819867
[22:10:40] [Server thread/TRACE] [FML]:   Registry: 191 minecraft:entity.enderdragon.growl net.minecraft.util.SoundEvent@118102ee
[22:10:40] [Server thread/TRACE] [FML]:   Registry: 192 minecraft:entity.enderdragon.hurt net.minecraft.util.SoundEvent@48cd9a2c
[22:10:40] [Server thread/TRACE] [FML]:   Registry: 193 minecraft:entity.enderdragon.shoot net.minecraft.util.SoundEvent@771d1ffb
[22:10:40] [Server thread/TRACE] [FML]:   Registry: 194 minecraft:entity.enderdragon_fireball.explode net.minecraft.util.SoundEvent@4f67e3df
[22:10:40] [Server thread/TRACE] [FML]:   Registry: 195 minecraft:entity.endereye.death net.minecraft.util.SoundEvent@56681eaf
[22:10:40] [Server thread/TRACE] [FML]:   Registry: 196 minecraft:entity.endereye.launch net.minecraft.util.SoundEvent@72d0f2b4
[22:10:40] [Server thread/TRACE] [FML]:   Registry: 197 minecraft:entity.endermen.ambient net.minecraft.util.SoundEvent@6d2dc9d2
[22:10:40] [Server thread/TRACE] [FML]:   Registry: 198 minecraft:entity.endermen.death net.minecraft.util.SoundEvent@1da4b6b3
[22:10:40] [Server thread/TRACE] [FML]:   Registry: 199 minecraft:entity.endermen.hurt net.minecraft.util.SoundEvent@b2f4ece
[22:10:40] [Server thread/TRACE] [FML]:   Registry: 200 minecraft:entity.endermen.scream net.minecraft.util.SoundEvent@7e1f584d
[22:10:40] [Server thread/TRACE] [FML]:   Registry: 201 minecraft:entity.endermen.stare net.minecraft.util.SoundEvent@7dff6d05
[22:10:40] [Server thread/TRACE] [FML]:   Registry: 202 minecraft:entity.endermen.teleport net.minecraft.util.SoundEvent@45d64d27
[22:10:40] [Server thread/TRACE] [FML]:   Registry: 203 minecraft:entity.endermite.ambient net.minecraft.util.SoundEvent@34fe326d
[22:10:40] [Server thread/TRACE] [FML]:   Registry: 204 minecraft:entity.endermite.death net.minecraft.util.SoundEvent@30a7c98f
[22:10:40] [Server thread/TRACE] [FML]:   Registry: 205 minecraft:entity.endermite.hurt net.minecraft.util.SoundEvent@36361ddb
[22:10:40] [Server thread/TRACE] [FML]:   Registry: 206 minecraft:entity.endermite.step net.minecraft.util.SoundEvent@41fed14f
[22:10:40] [Server thread/TRACE] [FML]:   Registry: 207 minecraft:entity.enderpearl.throw net.minecraft.util.SoundEvent@4d6ee47
[22:10:40] [Server thread/TRACE] [FML]:   Registry: 208 minecraft:entity.evocation_fangs.attack net.minecraft.util.SoundEvent@a33b4e3
[22:10:40] [Server thread/TRACE] [FML]:   Registry: 209 minecraft:entity.evocation_illager.ambient net.minecraft.util.SoundEvent@c6da8bb
[22:10:40] [Server thread/TRACE] [FML]:   Registry: 210 minecraft:entity.evocation_illager.cast_spell net.minecraft.util.SoundEvent@3bae64d0
[22:10:40] [Server thread/TRACE] [FML]:   Registry: 211 minecraft:entity.evocation_illager.death net.minecraft.util.SoundEvent@8b91134
[22:10:40] [Server thread/TRACE] [FML]:   Registry: 212 minecraft:entity.evocation_illager.hurt net.minecraft.util.SoundEvent@1fba386c
[22:10:40] [Server thread/TRACE] [FML]:   Registry: 213 minecraft:entity.evocation_illager.prepare_attack net.minecraft.util.SoundEvent@7e736350
[22:10:40] [Server thread/TRACE] [FML]:   Registry: 214 minecraft:entity.evocation_illager.prepare_summon net.minecraft.util.SoundEvent@36b310aa
[22:10:40] [Server thread/TRACE] [FML]:   Registry: 215 minecraft:entity.evocation_illager.prepare_wololo net.minecraft.util.SoundEvent@76c387f9
[22:10:40] [Server thread/TRACE] [FML]:   Registry: 216 minecraft:entity.experience_bottle.throw net.minecraft.util.SoundEvent@3874b815
[22:10:40] [Server thread/TRACE] [FML]:   Registry: 217 minecraft:entity.experience_orb.pickup net.minecraft.util.SoundEvent@5d7835a8
[22:10:40] [Server thread/TRACE] [FML]:   Registry: 218 minecraft:entity.firework.blast net.minecraft.util.SoundEvent@736048ed
[22:10:40] [Server thread/TRACE] [FML]:   Registry: 219 minecraft:entity.firework.blast_far net.minecraft.util.SoundEvent@1976f537
[22:10:40] [Server thread/TRACE] [FML]:   Registry: 220 minecraft:entity.firework.large_blast net.minecraft.util.SoundEvent@45f421c
[22:10:40] [Server thread/TRACE] [FML]:   Registry: 221 minecraft:entity.firework.large_blast_far net.minecraft.util.SoundEvent@1816e24a
[22:10:40] [Server thread/TRACE] [FML]:   Registry: 222 minecraft:entity.firework.launch net.minecraft.util.SoundEvent@6940f685
[22:10:40] [Server thread/TRACE] [FML]:   Registry: 223 minecraft:entity.firework.shoot net.minecraft.util.SoundEvent@47b179d7
[22:10:40] [Server thread/TRACE] [FML]:   Registry: 224 minecraft:entity.firework.twinkle net.minecraft.util.SoundEvent@39008c9f
[22:10:40] [Server thread/TRACE] [FML]:   Registry: 225 minecraft:entity.firework.twinkle_far net.minecraft.util.SoundEvent@162b3d47
[22:10:40] [Server thread/TRACE] [FML]:   Registry: 226 minecraft:entity.generic.big_fall net.minecraft.util.SoundEvent@783115d9
[22:10:40] [Server thread/TRACE] [FML]:   Registry: 227 minecraft:entity.generic.burn net.minecraft.util.SoundEvent@3402b4c9
[22:10:40] [Server thread/TRACE] [FML]:   Registry: 228 minecraft:entity.generic.death net.minecraft.util.SoundEvent@95bb2a2
[22:10:40] [Server thread/TRACE] [FML]:   Registry: 229 minecraft:entity.generic.drink net.minecraft.util.SoundEvent@46d567cb
[22:10:40] [Server thread/TRACE] [FML]:   Registry: 230 minecraft:entity.generic.eat net.minecraft.util.SoundEvent@363a3d15
[22:10:40] [Server thread/TRACE] [FML]:   Registry: 231 minecraft:entity.generic.explode net.minecraft.util.SoundEvent@173f73e7
[22:10:40] [Server thread/TRACE] [FML]:   Registry: 232 minecraft:entity.generic.extinguish_fire net.minecraft.util.SoundEvent@43a51d00
[22:10:40] [Server thread/TRACE] [FML]:   Registry: 233 minecraft:entity.generic.hurt net.minecraft.util.SoundEvent@2e23c180
[22:10:40] [Server thread/TRACE] [FML]:   Registry: 234 minecraft:entity.generic.small_fall net.minecraft.util.SoundEvent@499683c4
[22:10:40] [Server thread/TRACE] [FML]:   Registry: 235 minecraft:entity.generic.splash net.minecraft.util.SoundEvent@25da615a
[22:10:40] [Server thread/TRACE] [FML]:   Registry: 236 minecraft:entity.generic.swim net.minecraft.util.SoundEvent@4efc25fc
[22:10:40] [Server thread/TRACE] [FML]:   Registry: 237 minecraft:entity.ghast.ambient net.minecraft.util.SoundEvent@7ee3d262
[22:10:40] [Server thread/TRACE] [FML]:   Registry: 238 minecraft:entity.ghast.death net.minecraft.util.SoundEvent@396e6d9
[22:10:40] [Server thread/TRACE] [FML]:   Registry: 239 minecraft:entity.ghast.hurt net.minecraft.util.SoundEvent@75308740
[22:10:40] [Server thread/TRACE] [FML]:   Registry: 240 minecraft:entity.ghast.scream net.minecraft.util.SoundEvent@5acc9fdf
[22:10:40] [Server thread/TRACE] [FML]:   Registry: 241 minecraft:entity.ghast.shoot net.minecraft.util.SoundEvent@3a5c2626
[22:10:40] [Server thread/TRACE] [FML]:   Registry: 242 minecraft:entity.ghast.warn net.minecraft.util.SoundEvent@e48bf9a
[22:10:40] [Server thread/TRACE] [FML]:   Registry: 243 minecraft:entity.guardian.ambient net.minecraft.util.SoundEvent@7fb33394
[22:10:40] [Server thread/TRACE] [FML]:   Registry: 244 minecraft:entity.guardian.ambient_land net.minecraft.util.SoundEvent@41bf79da
[22:10:40] [Server thread/TRACE] [FML]:   Registry: 245 minecraft:entity.guardian.attack net.minecraft.util.SoundEvent@1a891add
[22:10:40] [Server thread/TRACE] [FML]:   Registry: 246 minecraft:entity.guardian.death net.minecraft.util.SoundEvent@5176d279
[22:10:40] [Server thread/TRACE] [FML]:   Registry: 247 minecraft:entity.guardian.death_land net.minecraft.util.SoundEvent@373f7450
[22:10:40] [Server thread/TRACE] [FML]:   Registry: 248 minecraft:entity.guardian.flop net.minecraft.util.SoundEvent@d74bac4
[22:10:40] [Server thread/TRACE] [FML]:   Registry: 249 minecraft:entity.guardian.hurt net.minecraft.util.SoundEvent@5ff90645
[22:10:40] [Server thread/TRACE] [FML]:   Registry: 250 minecraft:entity.guardian.hurt_land net.minecraft.util.SoundEvent@387bf2d9
[22:10:40] [Server thread/TRACE] [FML]:   Registry: 251 minecraft:entity.horse.ambient net.minecraft.util.SoundEvent@74aa9c72
[22:10:40] [Server thread/TRACE] [FML]:   Registry: 252 minecraft:entity.horse.angry net.minecraft.util.SoundEvent@5c20aab9
[22:10:40] [Server thread/TRACE] [FML]:   Registry: 253 minecraft:entity.horse.armor net.minecraft.util.SoundEvent@4b7c4456
[22:10:40] [Server thread/TRACE] [FML]:   Registry: 254 minecraft:entity.horse.breathe net.minecraft.util.SoundEvent@2c768ada
[22:10:40] [Server thread/TRACE] [FML]:   Registry: 255 minecraft:entity.horse.death net.minecraft.util.SoundEvent@c1fca2a
[22:10:40] [Server thread/TRACE] [FML]:   Registry: 256 minecraft:entity.horse.eat net.minecraft.util.SoundEvent@5533dc72
[22:10:40] [Server thread/TRACE] [FML]:   Registry: 257 minecraft:entity.horse.gallop net.minecraft.util.SoundEvent@7c447c76
[22:10:40] [Server thread/TRACE] [FML]:   Registry: 258 minecraft:entity.horse.hurt net.minecraft.util.SoundEvent@64fc097e
[22:10:40] [Server thread/TRACE] [FML]:   Registry: 259 minecraft:entity.horse.jump net.minecraft.util.SoundEvent@1640c151
[22:10:40] [Server thread/TRACE] [FML]:   Registry: 260 minecraft:entity.horse.land net.minecraft.util.SoundEvent@5d5b5fa7
[22:10:40] [Server thread/TRACE] [FML]:   Registry: 261 minecraft:entity.horse.saddle net.minecraft.util.SoundEvent@2a32fb6
[22:10:40] [Server thread/TRACE] [FML]:   Registry: 262 minecraft:entity.horse.step net.minecraft.util.SoundEvent@6107165
[22:10:40] [Server thread/TRACE] [FML]:   Registry: 263 minecraft:entity.horse.step_wood net.minecraft.util.SoundEvent@164a62bf
[22:10:40] [Server thread/TRACE] [FML]:   Registry: 264 minecraft:entity.hostile.big_fall net.minecraft.util.SoundEvent@11ebb1b6
[22:10:40] [Server thread/TRACE] [FML]:   Registry: 265 minecraft:entity.hostile.death net.minecraft.util.SoundEvent@aaee2a2
[22:10:40] [Server thread/TRACE] [FML]:   Registry: 266 minecraft:entity.hostile.hurt net.minecraft.util.SoundEvent@f3021cb
[22:10:40] [Server thread/TRACE] [FML]:   Registry: 267 minecraft:entity.hostile.small_fall net.minecraft.util.SoundEvent@4aaae508
[22:10:40] [Server thread/TRACE] [FML]:   Registry: 268 minecraft:entity.hostile.splash net.minecraft.util.SoundEvent@6009bea
[22:10:40] [Server thread/TRACE] [FML]:   Registry: 269 minecraft:entity.hostile.swim net.minecraft.util.SoundEvent@7bc6d27a
[22:10:40] [Server thread/TRACE] [FML]:   Registry: 270 minecraft:entity.husk.ambient net.minecraft.util.SoundEvent@75769ab0
[22:10:40] [Server thread/TRACE] [FML]:   Registry: 271 minecraft:entity.husk.death net.minecraft.util.SoundEvent@6869a3b3
[22:10:40] [Server thread/TRACE] [FML]:   Registry: 272 minecraft:entity.husk.hurt net.minecraft.util.SoundEvent@6ab4ba9f
[22:10:40] [Server thread/TRACE] [FML]:   Registry: 273 minecraft:entity.husk.step net.minecraft.util.SoundEvent@27ace0b1
[22:10:40] [Server thread/TRACE] [FML]:   Registry: 274 minecraft:entity.illusion_illager.ambient net.minecraft.util.SoundEvent@664e5dee
[22:10:40] [Server thread/TRACE] [FML]:   Registry: 275 minecraft:entity.illusion_illager.cast_spell net.minecraft.util.SoundEvent@431f1eaf
[22:10:40] [Server thread/TRACE] [FML]:   Registry: 276 minecraft:entity.illusion_illager.death net.minecraft.util.SoundEvent@cb03411
[22:10:40] [Server thread/TRACE] [FML]:   Registry: 277 minecraft:entity.illusion_illager.hurt net.minecraft.util.SoundEvent@4c59e45e
[22:10:40] [Server thread/TRACE] [FML]:   Registry: 278 minecraft:entity.illusion_illager.mirror_move net.minecraft.util.SoundEvent@58ec7116
[22:10:40] [Server thread/TRACE] [FML]:   Registry: 279 minecraft:entity.illusion_illager.prepare_blindness net.minecraft.util.SoundEvent@63bde6c2
[22:10:40] [Server thread/TRACE] [FML]:   Registry: 280 minecraft:entity.illusion_illager.prepare_mirror net.minecraft.util.SoundEvent@6ea04618
[22:10:40] [Server thread/TRACE] [FML]:   Registry: 281 minecraft:entity.irongolem.attack net.minecraft.util.SoundEvent@6dd82486
[22:10:40] [Server thread/TRACE] [FML]:   Registry: 282 minecraft:entity.irongolem.death net.minecraft.util.SoundEvent@56078cea
[22:10:40] [Server thread/TRACE] [FML]:   Registry: 283 minecraft:entity.irongolem.hurt net.minecraft.util.SoundEvent@5a00eb1e
[22:10:40] [Server thread/TRACE] [FML]:   Registry: 284 minecraft:entity.irongolem.step net.minecraft.util.SoundEvent@36fcf6c0
[22:10:40] [Server thread/TRACE] [FML]:   Registry: 285 minecraft:entity.item.break net.minecraft.util.SoundEvent@1aac188d
[22:10:40] [Server thread/TRACE] [FML]:   Registry: 286 minecraft:entity.item.pickup net.minecraft.util.SoundEvent@7026b7ee
[22:10:40] [Server thread/TRACE] [FML]:   Registry: 287 minecraft:entity.itemframe.add_item net.minecraft.util.SoundEvent@2d23faef
[22:10:40] [Server thread/TRACE] [FML]:   Registry: 288 minecraft:entity.itemframe.break net.minecraft.util.SoundEvent@7cb8437d
[22:10:40] [Server thread/TRACE] [FML]:   Registry: 289 minecraft:entity.itemframe.place net.minecraft.util.SoundEvent@62a4417
[22:10:40] [Server thread/TRACE] [FML]:   Registry: 290 minecraft:entity.itemframe.remove_item net.minecraft.util.SoundEvent@43f61afb
[22:10:40] [Server thread/TRACE] [FML]:   Registry: 291 minecraft:entity.itemframe.rotate_item net.minecraft.util.SoundEvent@713064e8
[22:10:40] [Server thread/TRACE] [FML]:   Registry: 292 minecraft:entity.leashknot.break net.minecraft.util.SoundEvent@4fad6218
[22:10:40] [Server thread/TRACE] [FML]:   Registry: 293 minecraft:entity.leashknot.place net.minecraft.util.SoundEvent@1bf39d06
[22:10:40] [Server thread/TRACE] [FML]:   Registry: 294 minecraft:entity.lightning.impact net.minecraft.util.SoundEvent@68217d41
[22:10:40] [Server thread/TRACE] [FML]:   Registry: 295 minecraft:entity.lightning.thunder net.minecraft.util.SoundEvent@1ac45389
[22:10:40] [Server thread/TRACE] [FML]:   Registry: 296 minecraft:entity.lingeringpotion.throw net.minecraft.util.SoundEvent@3e5d4f6b
[22:10:40] [Server thread/TRACE] [FML]:   Registry: 297 minecraft:entity.llama.ambient net.minecraft.util.SoundEvent@39c1fe0b
[22:10:40] [Server thread/TRACE] [FML]:   Registry: 298 minecraft:entity.llama.angry net.minecraft.util.SoundEvent@5ae95707
[22:10:40] [Server thread/TRACE] [FML]:   Registry: 299 minecraft:entity.llama.chest net.minecraft.util.SoundEvent@62891fc8
[22:10:40] [Server thread/TRACE] [FML]:   Registry: 300 minecraft:entity.llama.death net.minecraft.util.SoundEvent@367b22e5
[22:10:40] [Server thread/TRACE] [FML]:   Registry: 301 minecraft:entity.llama.eat net.minecraft.util.SoundEvent@fca387
[22:10:40] [Server thread/TRACE] [FML]:   Registry: 302 minecraft:entity.llama.hurt net.minecraft.util.SoundEvent@10bd9df0
[22:10:40] [Server thread/TRACE] [FML]:   Registry: 303 minecraft:entity.llama.spit net.minecraft.util.SoundEvent@3ae0b770
[22:10:40] [Server thread/TRACE] [FML]:   Registry: 304 minecraft:entity.llama.step net.minecraft.util.SoundEvent@55e3d6c3
[22:10:40] [Server thread/TRACE] [FML]:   Registry: 305 minecraft:entity.llama.swag net.minecraft.util.SoundEvent@30e6a763
[22:10:40] [Server thread/TRACE] [FML]:   Registry: 306 minecraft:entity.magmacube.death net.minecraft.util.SoundEvent@4c48fe92
[22:10:40] [Server thread/TRACE] [FML]:   Registry: 307 minecraft:entity.magmacube.hurt net.minecraft.util.SoundEvent@732c9b5c
[22:10:40] [Server thread/TRACE] [FML]:   Registry: 308 minecraft:entity.magmacube.jump net.minecraft.util.SoundEvent@38320e34
[22:10:40] [Server thread/TRACE] [FML]:   Registry: 309 minecraft:entity.magmacube.squish net.minecraft.util.SoundEvent@3d6a6bee
[22:10:40] [Server thread/TRACE] [FML]:   Registry: 310 minecraft:entity.minecart.inside net.minecraft.util.SoundEvent@36ddaebf
[22:10:40] [Server thread/TRACE] [FML]:   Registry: 311 minecraft:entity.minecart.riding net.minecraft.util.SoundEvent@213c3543
[22:10:40] [Server thread/TRACE] [FML]:   Registry: 312 minecraft:entity.mooshroom.shear net.minecraft.util.SoundEvent@9d7ccfe
[22:10:40] [Server thread/TRACE] [FML]:   Registry: 313 minecraft:entity.mule.ambient net.minecraft.util.SoundEvent@670ce331
[22:10:40] [Server thread/TRACE] [FML]:   Registry: 314 minecraft:entity.mule.chest net.minecraft.util.SoundEvent@3cff0139
[22:10:40] [Server thread/TRACE] [FML]:   Registry: 315 minecraft:entity.mule.death net.minecraft.util.SoundEvent@7c29adc8
[22:10:40] [Server thread/TRACE] [FML]:   Registry: 316 minecraft:entity.mule.hurt net.minecraft.util.SoundEvent@4b2e3e8f
[22:10:40] [Server thread/TRACE] [FML]:   Registry: 317 minecraft:entity.painting.break net.minecraft.util.SoundEvent@4bbb49b0
[22:10:40] [Server thread/TRACE] [FML]:   Registry: 318 minecraft:entity.painting.place net.minecraft.util.SoundEvent@f096f37
[22:10:40] [Server thread/TRACE] [FML]:   Registry: 319 minecraft:entity.parrot.ambient net.minecraft.util.SoundEvent@3effd4f3
[22:10:40] [Server thread/TRACE] [FML]:   Registry: 320 minecraft:entity.parrot.death net.minecraft.util.SoundEvent@41f4fe5
[22:10:40] [Server thread/TRACE] [FML]:   Registry: 321 minecraft:entity.parrot.eat net.minecraft.util.SoundEvent@15f8701f
[22:10:40] [Server thread/TRACE] [FML]:   Registry: 322 minecraft:entity.parrot.fly net.minecraft.util.SoundEvent@514cd540
[22:10:40] [Server thread/TRACE] [FML]:   Registry: 323 minecraft:entity.parrot.hurt net.minecraft.util.SoundEvent@11d4dbd6
[22:10:40] [Server thread/TRACE] [FML]:   Registry: 324 minecraft:entity.parrot.imitate.blaze net.minecraft.util.SoundEvent@6f4ade6e
[22:10:40] [Server thread/TRACE] [FML]:   Registry: 325 minecraft:entity.parrot.imitate.creeper net.minecraft.util.SoundEvent@39e43310
[22:10:40] [Server thread/TRACE] [FML]:   Registry: 326 minecraft:entity.parrot.imitate.elder_guardian net.minecraft.util.SoundEvent@eb507b9
[22:10:40] [Server thread/TRACE] [FML]:   Registry: 327 minecraft:entity.parrot.imitate.enderdragon net.minecraft.util.SoundEvent@390877d2
[22:10:40] [Server thread/TRACE] [FML]:   Registry: 328 minecraft:entity.parrot.imitate.enderman net.minecraft.util.SoundEvent@86733
[22:10:40] [Server thread/TRACE] [FML]:   Registry: 329 minecraft:entity.parrot.imitate.endermite net.minecraft.util.SoundEvent@186cb891
[22:10:40] [Server thread/TRACE] [FML]:   Registry: 330 minecraft:entity.parrot.imitate.evocation_illager net.minecraft.util.SoundEvent@3ec2ecea
[22:10:40] [Server thread/TRACE] [FML]:   Registry: 331 minecraft:entity.parrot.imitate.ghast net.minecraft.util.SoundEvent@440eaa07
[22:10:40] [Server thread/TRACE] [FML]:   Registry: 332 minecraft:entity.parrot.imitate.husk net.minecraft.util.SoundEvent@7fc7c4a
[22:10:40] [Server thread/TRACE] [FML]:   Registry: 333 minecraft:entity.parrot.imitate.illusion_illager net.minecraft.util.SoundEvent@7aa9e414
[22:10:40] [Server thread/TRACE] [FML]:   Registry: 334 minecraft:entity.parrot.imitate.magmacube net.minecraft.util.SoundEvent@53a5e217
[22:10:40] [Server thread/TRACE] [FML]:   Registry: 335 minecraft:entity.parrot.imitate.polar_bear net.minecraft.util.SoundEvent@624a24f6
[22:10:40] [Server thread/TRACE] [FML]:   Registry: 336 minecraft:entity.parrot.imitate.shulker net.minecraft.util.SoundEvent@6b00ad9
[22:10:40] [Server thread/TRACE] [FML]:   Registry: 337 minecraft:entity.parrot.imitate.silverfish net.minecraft.util.SoundEvent@338cc75f
[22:10:40] [Server thread/TRACE] [FML]:   Registry: 338 minecraft:entity.parrot.imitate.skeleton net.minecraft.util.SoundEvent@4f453e63
[22:10:40] [Server thread/TRACE] [FML]:   Registry: 339 minecraft:entity.parrot.imitate.slime net.minecraft.util.SoundEvent@7c9bdee9
[22:10:40] [Server thread/TRACE] [FML]:   Registry: 340 minecraft:entity.parrot.imitate.spider net.minecraft.util.SoundEvent@7afbf561
[22:10:40] [Server thread/TRACE] [FML]:   Registry: 341 minecraft:entity.parrot.imitate.stray net.minecraft.util.SoundEvent@2f98635e
[22:10:40] [Server thread/TRACE] [FML]:   Registry: 342 minecraft:entity.parrot.imitate.vex net.minecraft.util.SoundEvent@49c8f6e8
[22:10:40] [Server thread/TRACE] [FML]:   Registry: 343 minecraft:entity.parrot.imitate.vindication_illager net.minecraft.util.SoundEvent@6b0615ae
[22:10:40] [Server thread/TRACE] [FML]:   Registry: 344 minecraft:entity.parrot.imitate.witch net.minecraft.util.SoundEvent@4e73b552
[22:10:40] [Server thread/TRACE] [FML]:   Registry: 345 minecraft:entity.parrot.imitate.wither net.minecraft.util.SoundEvent@221dad51
[22:10:40] [Server thread/TRACE] [FML]:   Registry: 346 minecraft:entity.parrot.imitate.wither_skeleton net.minecraft.util.SoundEvent@2cec704c
[22:10:40] [Server thread/TRACE] [FML]:   Registry: 347 minecraft:entity.parrot.imitate.wolf net.minecraft.util.SoundEvent@771cbb1a
[22:10:40] [Server thread/TRACE] [FML]:   Registry: 348 minecraft:entity.parrot.imitate.zombie net.minecraft.util.SoundEvent@2416498e
[22:10:40] [Server thread/TRACE] [FML]:   Registry: 349 minecraft:entity.parrot.imitate.zombie_pigman net.minecraft.util.SoundEvent@6b2e0f78
[22:10:40] [Server thread/TRACE] [FML]:   Registry: 350 minecraft:entity.parrot.imitate.zombie_villager net.minecraft.util.SoundEvent@240f6c41
[22:10:40] [Server thread/TRACE] [FML]:   Registry: 351 minecraft:entity.parrot.step net.minecraft.util.SoundEvent@3659d7b1
[22:10:40] [Server thread/TRACE] [FML]:   Registry: 352 minecraft:entity.pig.ambient net.minecraft.util.SoundEvent@2015b2cd
[22:10:40] [Server thread/TRACE] [FML]:   Registry: 353 minecraft:entity.pig.death net.minecraft.util.SoundEvent@3bdb2c78
[22:10:40] [Server thread/TRACE] [FML]:   Registry: 354 minecraft:entity.pig.hurt net.minecraft.util.SoundEvent@64693226
[22:10:40] [Server thread/TRACE] [FML]:   Registry: 355 minecraft:entity.pig.saddle net.minecraft.util.SoundEvent@1c758545
[22:10:40] [Server thread/TRACE] [FML]:   Registry: 356 minecraft:entity.pig.step net.minecraft.util.SoundEvent@117bcfdc
[22:10:40] [Server thread/TRACE] [FML]:   Registry: 357 minecraft:entity.player.attack.crit net.minecraft.util.SoundEvent@73a19967
[22:10:40] [Server thread/TRACE] [FML]:   Registry: 358 minecraft:entity.player.attack.knockback net.minecraft.util.SoundEvent@5e746d37
[22:10:40] [Server thread/TRACE] [FML]:   Registry: 359 minecraft:entity.player.attack.nodamage net.minecraft.util.SoundEvent@6e1b9411
[22:10:40] [Server thread/TRACE] [FML]:   Registry: 360 minecraft:entity.player.attack.strong net.minecraft.util.SoundEvent@21d1b321
[22:10:40] [Server thread/TRACE] [FML]:   Registry: 361 minecraft:entity.player.attack.sweep net.minecraft.util.SoundEvent@5ec46cdd
[22:10:40] [Server thread/TRACE] [FML]:   Registry: 362 minecraft:entity.player.attack.weak net.minecraft.util.SoundEvent@2324bfe7
[22:10:40] [Server thread/TRACE] [FML]:   Registry: 363 minecraft:entity.player.big_fall net.minecraft.util.SoundEvent@112d1c8e
[22:10:40] [Server thread/TRACE] [FML]:   Registry: 364 minecraft:entity.player.breath net.minecraft.util.SoundEvent@3d49fd31
[22:10:40] [Server thread/TRACE] [FML]:   Registry: 365 minecraft:entity.player.burp net.minecraft.util.SoundEvent@4016ccc1
[22:10:40] [Server thread/TRACE] [FML]:   Registry: 366 minecraft:entity.player.death net.minecraft.util.SoundEvent@46cb98a3
[22:10:40] [Server thread/TRACE] [FML]:   Registry: 367 minecraft:entity.player.hurt net.minecraft.util.SoundEvent@3ffb3598
[22:10:40] [Server thread/TRACE] [FML]:   Registry: 368 minecraft:entity.player.hurt_drown net.minecraft.util.SoundEvent@4da9f723
[22:10:40] [Server thread/TRACE] [FML]:   Registry: 369 minecraft:entity.player.hurt_on_fire net.minecraft.util.SoundEvent@3b2f4a93
[22:10:40] [Server thread/TRACE] [FML]:   Registry: 370 minecraft:entity.player.levelup net.minecraft.util.SoundEvent@213bd3d5
[22:10:40] [Server thread/TRACE] [FML]:   Registry: 371 minecraft:entity.player.small_fall net.minecraft.util.SoundEvent@470a659f
[22:10:40] [Server thread/TRACE] [FML]:   Registry: 372 minecraft:entity.player.splash net.minecraft.util.SoundEvent@451882b2
[22:10:40] [Server thread/TRACE] [FML]:   Registry: 373 minecraft:entity.player.swim net.minecraft.util.SoundEvent@4a23350
[22:10:40] [Server thread/TRACE] [FML]:   Registry: 374 minecraft:entity.polar_bear.ambient net.minecraft.util.SoundEvent@7b78ed6a
[22:10:40] [Server thread/TRACE] [FML]:   Registry: 375 minecraft:entity.polar_bear.baby_ambient net.minecraft.util.SoundEvent@6fca5907
[22:10:40] [Server thread/TRACE] [FML]:   Registry: 376 minecraft:entity.polar_bear.death net.minecraft.util.SoundEvent@6ec65b5e
[22:10:40] [Server thread/TRACE] [FML]:   Registry: 377 minecraft:entity.polar_bear.hurt net.minecraft.util.SoundEvent@7bebcd65
[22:10:40] [Server thread/TRACE] [FML]:   Registry: 378 minecraft:entity.polar_bear.step net.minecraft.util.SoundEvent@47447ccf
[22:10:40] [Server thread/TRACE] [FML]:   Registry: 379 minecraft:entity.polar_bear.warning net.minecraft.util.SoundEvent@7afb1741
[22:10:40] [Server thread/TRACE] [FML]:   Registry: 380 minecraft:entity.rabbit.ambient net.minecraft.util.SoundEvent@263bbfeb
[22:10:40] [Server thread/TRACE] [FML]:   Registry: 381 minecraft:entity.rabbit.attack net.minecraft.util.SoundEvent@31edeac
[22:10:40] [Server thread/TRACE] [FML]:   Registry: 382 minecraft:entity.rabbit.death net.minecraft.util.SoundEvent@67d86804
[22:10:40] [Server thread/TRACE] [FML]:   Registry: 383 minecraft:entity.rabbit.hurt net.minecraft.util.SoundEvent@45bb2aa1
[22:10:40] [Server thread/TRACE] [FML]:   Registry: 384 minecraft:entity.rabbit.jump net.minecraft.util.SoundEvent@3e84111a
[22:10:40] [Server thread/TRACE] [FML]:   Registry: 385 minecraft:entity.sheep.ambient net.minecraft.util.SoundEvent@4b1a43d8
[22:10:40] [Server thread/TRACE] [FML]:   Registry: 386 minecraft:entity.sheep.death net.minecraft.util.SoundEvent@6fa69af7
[22:10:40] [Server thread/TRACE] [FML]:   Registry: 387 minecraft:entity.sheep.hurt net.minecraft.util.SoundEvent@73545b80
[22:10:40] [Server thread/TRACE] [FML]:   Registry: 388 minecraft:entity.sheep.shear net.minecraft.util.SoundEvent@6d469831
[22:10:40] [Server thread/TRACE] [FML]:   Registry: 389 minecraft:entity.sheep.step net.minecraft.util.SoundEvent@74db12c2
[22:10:40] [Server thread/TRACE] [FML]:   Registry: 390 minecraft:entity.shulker.ambient net.minecraft.util.SoundEvent@2ff15f8c
[22:10:40] [Server thread/TRACE] [FML]:   Registry: 391 minecraft:entity.shulker.close net.minecraft.util.SoundEvent@7ea899a9
[22:10:40] [Server thread/TRACE] [FML]:   Registry: 392 minecraft:entity.shulker.death net.minecraft.util.SoundEvent@2776015d
[22:10:40] [Server thread/TRACE] [FML]:   Registry: 393 minecraft:entity.shulker.hurt net.minecraft.util.SoundEvent@b174a73
[22:10:40] [Server thread/TRACE] [FML]:   Registry: 394 minecraft:entity.shulker.hurt_closed net.minecraft.util.SoundEvent@2e3f79a2
[22:10:40] [Server thread/TRACE] [FML]:   Registry: 395 minecraft:entity.shulker.open net.minecraft.util.SoundEvent@1460c81d
[22:10:40] [Server thread/TRACE] [FML]:   Registry: 396 minecraft:entity.shulker.shoot net.minecraft.util.SoundEvent@38b5f25
[22:10:40] [Server thread/TRACE] [FML]:   Registry: 397 minecraft:entity.shulker.teleport net.minecraft.util.SoundEvent@327ed9f5
[22:10:40] [Server thread/TRACE] [FML]:   Registry: 398 minecraft:entity.shulker_bullet.hit net.minecraft.util.SoundEvent@67594471
[22:10:40] [Server thread/TRACE] [FML]:   Registry: 399 minecraft:entity.shulker_bullet.hurt net.minecraft.util.SoundEvent@756b58a7
[22:10:40] [Server thread/TRACE] [FML]:   Registry: 400 minecraft:entity.silverfish.ambient net.minecraft.util.SoundEvent@2cc04358
[22:10:40] [Server thread/TRACE] [FML]:   Registry: 401 minecraft:entity.silverfish.death net.minecraft.util.SoundEvent@68b58644
[22:10:40] [Server thread/TRACE] [FML]:   Registry: 402 minecraft:entity.silverfish.hurt net.minecraft.util.SoundEvent@45e22def
[22:10:40] [Server thread/TRACE] [FML]:   Registry: 403 minecraft:entity.silverfish.step net.minecraft.util.SoundEvent@6ae3fb94
[22:10:40] [Server thread/TRACE] [FML]:   Registry: 404 minecraft:entity.skeleton.ambient net.minecraft.util.SoundEvent@4417af13
[22:10:40] [Server thread/TRACE] [FML]:   Registry: 405 minecraft:entity.skeleton.death net.minecraft.util.SoundEvent@d48673
[22:10:40] [Server thread/TRACE] [FML]:   Registry: 406 minecraft:entity.skeleton.hurt net.minecraft.util.SoundEvent@548d5ed3
[22:10:40] [Server thread/TRACE] [FML]:   Registry: 407 minecraft:entity.skeleton.shoot net.minecraft.util.SoundEvent@21c7208d
[22:10:40] [Server thread/TRACE] [FML]:   Registry: 408 minecraft:entity.skeleton.step net.minecraft.util.SoundEvent@58516c91
[22:10:40] [Server thread/TRACE] [FML]:   Registry: 409 minecraft:entity.skeleton_horse.ambient net.minecraft.util.SoundEvent@7c129ef6
[22:10:40] [Server thread/TRACE] [FML]:   Registry: 410 minecraft:entity.skeleton_horse.death net.minecraft.util.SoundEvent@42d73c61
[22:10:40] [Server thread/TRACE] [FML]:   Registry: 411 minecraft:entity.skeleton_horse.hurt net.minecraft.util.SoundEvent@5a8cbffe
[22:10:40] [Server thread/TRACE] [FML]:   Registry: 412 minecraft:entity.slime.attack net.minecraft.util.SoundEvent@96a75da
[22:10:40] [Server thread/TRACE] [FML]:   Registry: 413 minecraft:entity.slime.death net.minecraft.util.SoundEvent@61e7bf2f
[22:10:40] [Server thread/TRACE] [FML]:   Registry: 414 minecraft:entity.slime.hurt net.minecraft.util.SoundEvent@1a28b346
[22:10:40] [Server thread/TRACE] [FML]:   Registry: 415 minecraft:entity.slime.jump net.minecraft.util.SoundEvent@25e49cb2
[22:10:40] [Server thread/TRACE] [FML]:   Registry: 416 minecraft:entity.slime.squish net.minecraft.util.SoundEvent@7f7af971
[22:10:40] [Server thread/TRACE] [FML]:   Registry: 417 minecraft:entity.small_magmacube.death net.minecraft.util.SoundEvent@23382f76
[22:10:40] [Server thread/TRACE] [FML]:   Registry: 418 minecraft:entity.small_magmacube.hurt net.minecraft.util.SoundEvent@7c551ad4
[22:10:40] [Server thread/TRACE] [FML]:   Registry: 419 minecraft:entity.small_magmacube.squish net.minecraft.util.SoundEvent@7d5508e0
[22:10:40] [Server thread/TRACE] [FML]:   Registry: 420 minecraft:entity.small_slime.death net.minecraft.util.SoundEvent@554cd74a
[22:10:40] [Server thread/TRACE] [FML]:   Registry: 421 minecraft:entity.small_slime.hurt net.minecraft.util.SoundEvent@37ed010a
[22:10:40] [Server thread/TRACE] [FML]:   Registry: 422 minecraft:entity.small_slime.jump net.minecraft.util.SoundEvent@633a2e99
[22:10:40] [Server thread/TRACE] [FML]:   Registry: 423 minecraft:entity.small_slime.squish net.minecraft.util.SoundEvent@367d2816
[22:10:40] [Server thread/TRACE] [FML]:   Registry: 424 minecraft:entity.snowball.throw net.minecraft.util.SoundEvent@5b84f14
[22:10:40] [Server thread/TRACE] [FML]:   Registry: 425 minecraft:entity.snowman.ambient net.minecraft.util.SoundEvent@5a82ebf8
[22:10:40] [Server thread/TRACE] [FML]:   Registry: 426 minecraft:entity.snowman.death net.minecraft.util.SoundEvent@68fe48d7
[22:10:40] [Server thread/TRACE] [FML]:   Registry: 427 minecraft:entity.snowman.hurt net.minecraft.util.SoundEvent@379ce046
[22:10:40] [Server thread/TRACE] [FML]:   Registry: 428 minecraft:entity.snowman.shoot net.minecraft.util.SoundEvent@701bc94e
[22:10:40] [Server thread/TRACE] [FML]:   Registry: 429 minecraft:entity.spider.ambient net.minecraft.util.SoundEvent@3d8b319e
[22:10:40] [Server thread/TRACE] [FML]:   Registry: 430 minecraft:entity.spider.death net.minecraft.util.SoundEvent@27a97e08
[22:10:40] [Server thread/TRACE] [FML]:   Registry: 431 minecraft:entity.spider.hurt net.minecraft.util.SoundEvent@77e7246b
[22:10:40] [Server thread/TRACE] [FML]:   Registry: 432 minecraft:entity.spider.step net.minecraft.util.SoundEvent@5918c260
[22:10:40] [Server thread/TRACE] [FML]:   Registry: 433 minecraft:entity.splash_potion.break net.minecraft.util.SoundEvent@3d7b1f1c
[22:10:40] [Server thread/TRACE] [FML]:   Registry: 434 minecraft:entity.splash_potion.throw net.minecraft.util.SoundEvent@51ce6f85
[22:10:40] [Server thread/TRACE] [FML]:   Registry: 435 minecraft:entity.squid.ambient net.minecraft.util.SoundEvent@1f44ddab
[22:10:40] [Server thread/TRACE] [FML]:   Registry: 436 minecraft:entity.squid.death net.minecraft.util.SoundEvent@5017e1
[22:10:40] [Server thread/TRACE] [FML]:   Registry: 437 minecraft:entity.squid.hurt net.minecraft.util.SoundEvent@65b66b08
[22:10:40] [Server thread/TRACE] [FML]:   Registry: 438 minecraft:entity.stray.ambient net.minecraft.util.SoundEvent@4726927c
[22:10:40] [Server thread/TRACE] [FML]:   Registry: 439 minecraft:entity.stray.death net.minecraft.util.SoundEvent@7eb6b6b6
[22:10:40] [Server thread/TRACE] [FML]:   Registry: 440 minecraft:entity.stray.hurt net.minecraft.util.SoundEvent@7ed9499e
[22:10:40] [Server thread/TRACE] [FML]:   Registry: 441 minecraft:entity.stray.step net.minecraft.util.SoundEvent@28e19366
[22:10:40] [Server thread/TRACE] [FML]:   Registry: 442 minecraft:entity.tnt.primed net.minecraft.util.SoundEvent@5b275174
[22:10:40] [Server thread/TRACE] [FML]:   Registry: 443 minecraft:entity.vex.ambient net.minecraft.util.SoundEvent@10ef5fa0
[22:10:40] [Server thread/TRACE] [FML]:   Registry: 444 minecraft:entity.vex.charge net.minecraft.util.SoundEvent@244e619a
[22:10:40] [Server thread/TRACE] [FML]:   Registry: 445 minecraft:entity.vex.death net.minecraft.util.SoundEvent@10acd6
[22:10:40] [Server thread/TRACE] [FML]:   Registry: 446 minecraft:entity.vex.hurt net.minecraft.util.SoundEvent@61dde151
[22:10:40] [Server thread/TRACE] [FML]:   Registry: 447 minecraft:entity.villager.ambient net.minecraft.util.SoundEvent@b25b095
[22:10:40] [Server thread/TRACE] [FML]:   Registry: 448 minecraft:entity.villager.death net.minecraft.util.SoundEvent@5cb042da
[22:10:40] [Server thread/TRACE] [FML]:   Registry: 449 minecraft:entity.villager.hurt net.minecraft.util.SoundEvent@59c33386
[22:10:40] [Server thread/TRACE] [FML]:   Registry: 450 minecraft:entity.villager.no net.minecraft.util.SoundEvent@571a9686
[22:10:40] [Server thread/TRACE] [FML]:   Registry: 451 minecraft:entity.villager.trading net.minecraft.util.SoundEvent@719d35e8
[22:10:40] [Server thread/TRACE] [FML]:   Registry: 452 minecraft:entity.villager.yes net.minecraft.util.SoundEvent@2f651f93
[22:10:40] [Server thread/TRACE] [FML]:   Registry: 453 minecraft:entity.vindication_illager.ambient net.minecraft.util.SoundEvent@6ffa56fa
[22:10:40] [Server thread/TRACE] [FML]:   Registry: 454 minecraft:entity.vindication_illager.death net.minecraft.util.SoundEvent@6c575325
[22:10:40] [Server thread/TRACE] [FML]:   Registry: 455 minecraft:entity.vindication_illager.hurt net.minecraft.util.SoundEvent@747d1932
[22:10:40] [Server thread/TRACE] [FML]:   Registry: 456 minecraft:entity.witch.ambient net.minecraft.util.SoundEvent@736309a9
[22:10:40] [Server thread/TRACE] [FML]:   Registry: 457 minecraft:entity.witch.death net.minecraft.util.SoundEvent@4e93dcb9
[22:10:40] [Server thread/TRACE] [FML]:   Registry: 458 minecraft:entity.witch.drink net.minecraft.util.SoundEvent@188b6035
[22:10:40] [Server thread/TRACE] [FML]:   Registry: 459 minecraft:entity.witch.hurt net.minecraft.util.SoundEvent@4a34e9f
[22:10:40] [Server thread/TRACE] [FML]:   Registry: 460 minecraft:entity.witch.throw net.minecraft.util.SoundEvent@6f6621e3
[22:10:40] [Server thread/TRACE] [FML]:   Registry: 461 minecraft:entity.wither.ambient net.minecraft.util.SoundEvent@3fc05ea2
[22:10:40] [Server thread/TRACE] [FML]:   Registry: 462 minecraft:entity.wither.break_block net.minecraft.util.SoundEvent@7c891ba7
[22:10:40] [Server thread/TRACE] [FML]:   Registry: 463 minecraft:entity.wither.death net.minecraft.util.SoundEvent@6240651f
[22:10:40] [Server thread/TRACE] [FML]:   Registry: 464 minecraft:entity.wither.hurt net.minecraft.util.SoundEvent@3cf7298d
[22:10:40] [Server thread/TRACE] [FML]:   Registry: 465 minecraft:entity.wither.shoot net.minecraft.util.SoundEvent@1ff55ff
[22:10:40] [Server thread/TRACE] [FML]:   Registry: 466 minecraft:entity.wither.spawn net.minecraft.util.SoundEvent@351f2244
[22:10:40] [Server thread/TRACE] [FML]:   Registry: 467 minecraft:entity.wither_skeleton.ambient net.minecraft.util.SoundEvent@5496c165
[22:10:40] [Server thread/TRACE] [FML]:   Registry: 468 minecraft:entity.wither_skeleton.death net.minecraft.util.SoundEvent@51a8313b
[22:10:40] [Server thread/TRACE] [FML]:   Registry: 469 minecraft:entity.wither_skeleton.hurt net.minecraft.util.SoundEvent@2a03d65c
[22:10:40] [Server thread/TRACE] [FML]:   Registry: 470 minecraft:entity.wither_skeleton.step net.minecraft.util.SoundEvent@6642dc5a
[22:10:40] [Server thread/TRACE] [FML]:   Registry: 471 minecraft:entity.wolf.ambient net.minecraft.util.SoundEvent@43da41e
[22:10:40] [Server thread/TRACE] [FML]:   Registry: 472 minecraft:entity.wolf.death net.minecraft.util.SoundEvent@148c7c4b
[22:10:40] [Server thread/TRACE] [FML]:   Registry: 473 minecraft:entity.wolf.growl net.minecraft.util.SoundEvent@2009f9b0
[22:10:40] [Server thread/TRACE] [FML]:   Registry: 474 minecraft:entity.wolf.howl net.minecraft.util.SoundEvent@50d951e7
[22:10:40] [Server thread/TRACE] [FML]:   Registry: 475 minecraft:entity.wolf.hurt net.minecraft.util.SoundEvent@39ad12b6
[22:10:40] [Server thread/TRACE] [FML]:   Registry: 476 minecraft:entity.wolf.pant net.minecraft.util.SoundEvent@4eb45fec
[22:10:40] [Server thread/TRACE] [FML]:   Registry: 477 minecraft:entity.wolf.shake net.minecraft.util.SoundEvent@211febf3
[22:10:40] [Server thread/TRACE] [FML]:   Registry: 478 minecraft:entity.wolf.step net.minecraft.util.SoundEvent@3bd3d05e
[22:10:40] [Server thread/TRACE] [FML]:   Registry: 479 minecraft:entity.wolf.whine net.minecraft.util.SoundEvent@6aba5d30
[22:10:40] [Server thread/TRACE] [FML]:   Registry: 480 minecraft:entity.zombie.ambient net.minecraft.util.SoundEvent@61d34b4
[22:10:40] [Server thread/TRACE] [FML]:   Registry: 481 minecraft:entity.zombie.attack_door_wood net.minecraft.util.SoundEvent@588307f7
[22:10:40] [Server thread/TRACE] [FML]:   Registry: 482 minecraft:entity.zombie.attack_iron_door net.minecraft.util.SoundEvent@7df76d99
[22:10:40] [Server thread/TRACE] [FML]:   Registry: 483 minecraft:entity.zombie.break_door_wood net.minecraft.util.SoundEvent@459cfcca
[22:10:40] [Server thread/TRACE] [FML]:   Registry: 484 minecraft:entity.zombie.death net.minecraft.util.SoundEvent@2acbc859
[22:10:40] [Server thread/TRACE] [FML]:   Registry: 485 minecraft:entity.zombie.hurt net.minecraft.util.SoundEvent@6ab7ce48
[22:10:40] [Server thread/TRACE] [FML]:   Registry: 486 minecraft:entity.zombie.infect net.minecraft.util.SoundEvent@2c6aed22
[22:10:40] [Server thread/TRACE] [FML]:   Registry: 487 minecraft:entity.zombie.step net.minecraft.util.SoundEvent@e322ec9
[22:10:40] [Server thread/TRACE] [FML]:   Registry: 488 minecraft:entity.zombie_horse.ambient net.minecraft.util.SoundEvent@7acfb656
[22:10:40] [Server thread/TRACE] [FML]:   Registry: 489 minecraft:entity.zombie_horse.death net.minecraft.util.SoundEvent@2e5ee2c9
[22:10:40] [Server thread/TRACE] [FML]:   Registry: 490 minecraft:entity.zombie_horse.hurt net.minecraft.util.SoundEvent@55a609dd
[22:10:40] [Server thread/TRACE] [FML]:   Registry: 491 minecraft:entity.zombie_pig.ambient net.minecraft.util.SoundEvent@4afd21c6
[22:10:40] [Server thread/TRACE] [FML]:   Registry: 492 minecraft:entity.zombie_pig.angry net.minecraft.util.SoundEvent@4d0753c9
[22:10:40] [Server thread/TRACE] [FML]:   Registry: 493 minecraft:entity.zombie_pig.death net.minecraft.util.SoundEvent@1416a80a
[22:10:40] [Server thread/TRACE] [FML]:   Registry: 494 minecraft:entity.zombie_pig.hurt net.minecraft.util.SoundEvent@719bb3b4
[22:10:40] [Server thread/TRACE] [FML]:   Registry: 495 minecraft:entity.zombie_villager.ambient net.minecraft.util.SoundEvent@52cb4f50
[22:10:40] [Server thread/TRACE] [FML]:   Registry: 496 minecraft:entity.zombie_villager.converted net.minecraft.util.SoundEvent@25a5c7db
[22:10:40] [Server thread/TRACE] [FML]:   Registry: 497 minecraft:entity.zombie_villager.cure net.minecraft.util.SoundEvent@4d27d9d
[22:10:40] [Server thread/TRACE] [FML]:   Registry: 498 minecraft:entity.zombie_villager.death net.minecraft.util.SoundEvent@28f878a0
[22:10:40] [Server thread/TRACE] [FML]:   Registry: 499 minecraft:entity.zombie_villager.hurt net.minecraft.util.SoundEvent@20411320
[22:10:40] [Server thread/TRACE] [FML]:   Registry: 500 minecraft:entity.zombie_villager.step net.minecraft.util.SoundEvent@2b5183ec
[22:10:40] [Server thread/TRACE] [FML]:   Registry: 501 minecraft:item.armor.equip_chain net.minecraft.util.SoundEvent@3c782d8e
[22:10:40] [Server thread/TRACE] [FML]:   Registry: 502 minecraft:item.armor.equip_diamond net.minecraft.util.SoundEvent@572e6fd9
[22:10:40] [Server thread/TRACE] [FML]:   Registry: 503 minecraft:item.armor.equip_elytra net.minecraft.util.SoundEvent@7f5eae0f
[22:10:40] [Server thread/TRACE] [FML]:   Registry: 504 minecraft:item.armor.equip_generic net.minecraft.util.SoundEvent@58b71ceb
[22:10:40] [Server thread/TRACE] [FML]:   Registry: 505 minecraft:item.armor.equip_gold net.minecraft.util.SoundEvent@255e5e2e
[22:10:40] [Server thread/TRACE] [FML]:   Registry: 506 minecraft:item.armor.equip_iron net.minecraft.util.SoundEvent@12abdfb
[22:10:40] [Server thread/TRACE] [FML]:   Registry: 507 minecraft:item.armor.equip_leather net.minecraft.util.SoundEvent@b0e5507
[22:10:40] [Server thread/TRACE] [FML]:   Registry: 508 minecraft:item.bottle.empty net.minecraft.util.SoundEvent@6bbe50c9
[22:10:40] [Server thread/TRACE] [FML]:   Registry: 509 minecraft:item.bottle.fill net.minecraft.util.SoundEvent@3c46dcbe
[22:10:40] [Server thread/TRACE] [FML]:   Registry: 510 minecraft:item.bottle.fill_dragonbreath net.minecraft.util.SoundEvent@68577ba8
[22:10:40] [Server thread/TRACE] [FML]:   Registry: 511 minecraft:item.bucket.empty net.minecraft.util.SoundEvent@1108adc8
[22:10:40] [Server thread/TRACE] [FML]:   Registry: 512 minecraft:item.bucket.empty_lava net.minecraft.util.SoundEvent@8a98f38
[22:10:40] [Server thread/TRACE] [FML]:   Registry: 513 minecraft:item.bucket.fill net.minecraft.util.SoundEvent@20011bf
[22:10:40] [Server thread/TRACE] [FML]:   Registry: 514 minecraft:item.bucket.fill_lava net.minecraft.util.SoundEvent@51d9b06c
[22:10:40] [Server thread/TRACE] [FML]:   Registry: 515 minecraft:item.chorus_fruit.teleport net.minecraft.util.SoundEvent@5eb2172
[22:10:40] [Server thread/TRACE] [FML]:   Registry: 516 minecraft:item.elytra.flying net.minecraft.util.SoundEvent@41ffaeb8
[22:10:40] [Server thread/TRACE] [FML]:   Registry: 517 minecraft:item.firecharge.use net.minecraft.util.SoundEvent@43f0c2d1
[22:10:40] [Server thread/TRACE] [FML]:   Registry: 518 minecraft:item.flintandsteel.use net.minecraft.util.SoundEvent@5fb65013
[22:10:40] [Server thread/TRACE] [FML]:   Registry: 519 minecraft:item.hoe.till net.minecraft.util.SoundEvent@38a1a26
[22:10:40] [Server thread/TRACE] [FML]:   Registry: 520 minecraft:item.shield.block net.minecraft.util.SoundEvent@3fbcfe81
[22:10:40] [Server thread/TRACE] [FML]:   Registry: 521 minecraft:item.shield.break net.minecraft.util.SoundEvent@7a1f45ed
[22:10:40] [Server thread/TRACE] [FML]:   Registry: 522 minecraft:item.shovel.flatten net.minecraft.util.SoundEvent@1744a475
[22:10:40] [Server thread/TRACE] [FML]:   Registry: 523 minecraft:item.totem.use net.minecraft.util.SoundEvent@444cc791
[22:10:40] [Server thread/TRACE] [FML]:   Registry: 524 minecraft:music.creative net.minecraft.util.SoundEvent@1c5c616f
[22:10:40] [Server thread/TRACE] [FML]:   Registry: 525 minecraft:music.credits net.minecraft.util.SoundEvent@1c6c6f24
[22:10:40] [Server thread/TRACE] [FML]:   Registry: 526 minecraft:music.dragon net.minecraft.util.SoundEvent@2eb917d0
[22:10:40] [Server thread/TRACE] [FML]:   Registry: 527 minecraft:music.end net.minecraft.util.SoundEvent@c6b2dd9
[22:10:40] [Server thread/TRACE] [FML]:   Registry: 528 minecraft:music.game net.minecraft.util.SoundEvent@73437222
[22:10:40] [Server thread/TRACE] [FML]:   Registry: 529 minecraft:music.menu net.minecraft.util.SoundEvent@ca93621
[22:10:40] [Server thread/TRACE] [FML]:   Registry: 530 minecraft:music.nether net.minecraft.util.SoundEvent@6a48a7f3
[22:10:40] [Server thread/TRACE] [FML]:   Registry: 531 minecraft:record.11 net.minecraft.util.SoundEvent@3f985a86
[22:10:40] [Server thread/TRACE] [FML]:   Registry: 532 minecraft:record.13 net.minecraft.util.SoundEvent@57a2ed35
[22:10:40] [Server thread/TRACE] [FML]:   Registry: 533 minecraft:record.blocks net.minecraft.util.SoundEvent@12ffd1de
[22:10:40] [Server thread/TRACE] [FML]:   Registry: 534 minecraft:record.cat net.minecraft.util.SoundEvent@3d278b4d
[22:10:40] [Server thread/TRACE] [FML]:   Registry: 535 minecraft:record.chirp net.minecraft.util.SoundEvent@4096aa05
[22:10:40] [Server thread/TRACE] [FML]:   Registry: 536 minecraft:record.far net.minecraft.util.SoundEvent@9d3c67
[22:10:40] [Server thread/TRACE] [FML]:   Registry: 537 minecraft:record.mall net.minecraft.util.SoundEvent@6c806c8b
[22:10:40] [Server thread/TRACE] [FML]:   Registry: 538 minecraft:record.mellohi net.minecraft.util.SoundEvent@6dfcffb5
[22:10:40] [Server thread/TRACE] [FML]:   Registry: 539 minecraft:record.stal net.minecraft.util.SoundEvent@184fb68d
[22:10:40] [Server thread/TRACE] [FML]:   Registry: 540 minecraft:record.strad net.minecraft.util.SoundEvent@71d8cfe7
[22:10:40] [Server thread/TRACE] [FML]:   Registry: 541 minecraft:record.wait net.minecraft.util.SoundEvent@1e530163
[22:10:40] [Server thread/TRACE] [FML]:   Registry: 542 minecraft:record.ward net.minecraft.util.SoundEvent@14d8444b
[22:10:40] [Server thread/TRACE] [FML]:   Registry: 543 minecraft:ui.button.click net.minecraft.util.SoundEvent@71466383
[22:10:40] [Server thread/TRACE] [FML]:   Registry: 544 minecraft:ui.toast.in net.minecraft.util.SoundEvent@46d63dbb
[22:10:40] [Server thread/TRACE] [FML]:   Registry: 545 minecraft:ui.toast.out net.minecraft.util.SoundEvent@4088741b
[22:10:40] [Server thread/TRACE] [FML]:   Registry: 546 minecraft:ui.toast.challenge_complete net.minecraft.util.SoundEvent@16a49a5d
[22:10:40] [Server thread/TRACE] [FML]:   Registry: 547 minecraft:weather.rain net.minecraft.util.SoundEvent@54bca971
[22:10:40] [Server thread/TRACE] [FML]:   Registry: 548 minecraft:weather.rain.above net.minecraft.util.SoundEvent@23706db8
[22:10:40] [Server thread/TRACE] [FML]:   Registry: 549 battletowers:towerbreakstart net.minecraft.util.SoundEvent@413bfee9
[22:10:40] [Server thread/TRACE] [FML]:   Registry: 550 battletowers:towercrumble net.minecraft.util.SoundEvent@2f910cb3
[22:10:40] [Server thread/TRACE] [FML]:   Registry: 551 battletowers:golemawaken net.minecraft.util.SoundEvent@2e21bdff
[22:10:40] [Server thread/TRACE] [FML]:   Registry: 552 battletowers:golemspecial net.minecraft.util.SoundEvent@3196b3af
[22:10:40] [Server thread/TRACE] [FML]:   Registry: 553 battletowers:golemcharge net.minecraft.util.SoundEvent@2f44cfc2
[22:10:40] [Server thread/TRACE] [FML]:   Registry: 554 battletowers:golem net.minecraft.util.SoundEvent@817aa0d
[22:10:40] [Server thread/TRACE] [FML]:   Registry: 555 battletowers:golemhurt net.minecraft.util.SoundEvent@2b7a30b5
[22:10:40] [Server thread/TRACE] [FML]:   Registry: 556 battletowers:golemdeath net.minecraft.util.SoundEvent@2ff5f5be
[22:10:40] [Server thread/TRACE] [FML]:   Registry: 557 sexmod:misc.plob.plob0 net.minecraft.util.SoundEvent@2e9e2ed
[22:10:40] [Server thread/TRACE] [FML]:   Registry: 558 sexmod:misc.belljingle.belljingle0 net.minecraft.util.SoundEvent@2441321b
[22:10:40] [Server thread/TRACE] [FML]:   Registry: 559 sexmod:misc.bedrustle.bedrustle0 net.minecraft.util.SoundEvent@4584f5d3
[22:10:40] [Server thread/TRACE] [FML]:   Registry: 560 sexmod:misc.bedrustle.bedrustle1 net.minecraft.util.SoundEvent@19b5a8ab
[22:10:40] [Server thread/TRACE] [FML]:   Registry: 561 sexmod:misc.slap.slap0 net.minecraft.util.SoundEvent@5486cffa
[22:10:40] [Server thread/TRACE] [FML]:   Registry: 562 sexmod:misc.slap.slap1 net.minecraft.util.SoundEvent@79fafe9b
[22:10:40] [Server thread/TRACE] [FML]:   Registry: 563 sexmod:misc.touch.touch0 net.minecraft.util.SoundEvent@1b32a61a
[22:10:40] [Server thread/TRACE] [FML]:   Registry: 564 sexmod:misc.touch.touch1 net.minecraft.util.SoundEvent@2ff6a527
[22:10:40] [Server thread/TRACE] [FML]:   Registry: 565 sexmod:misc.pounding.pounding0 net.minecraft.util.SoundEvent@4d6d463c
[22:10:40] [Server thread/TRACE] [FML]:   Registry: 566 sexmod:misc.pounding.pounding1 net.minecraft.util.SoundEvent@634d672c
[22:10:40] [Server thread/TRACE] [FML]:   Registry: 567 sexmod:misc.pounding.pounding2 net.minecraft.util.SoundEvent@6dc11f29
[22:10:40] [Server thread/TRACE] [FML]:   Registry: 568 sexmod:misc.pounding.pounding3 net.minecraft.util.SoundEvent@7784402b
[22:10:40] [Server thread/TRACE] [FML]:   Registry: 569 sexmod:misc.pounding.pounding4 net.minecraft.util.SoundEvent@50ffb441
[22:10:40] [Server thread/TRACE] [FML]:   Registry: 570 sexmod:misc.pounding.pounding5 net.minecraft.util.SoundEvent@5883cd75
[22:10:40] [Server thread/TRACE] [FML]:   Registry: 571 sexmod:misc.pounding.pounding6 net.minecraft.util.SoundEvent@3d5ea91b
[22:10:40] [Server thread/TRACE] [FML]:   Registry: 572 sexmod:misc.pounding.pounding7 net.minecraft.util.SoundEvent@688e2383
[22:10:40] [Server thread/TRACE] [FML]:   Registry: 573 sexmod:misc.pounding.pounding8 net.minecraft.util.SoundEvent@457edf6f
[22:10:40] [Server thread/TRACE] [FML]:   Registry: 574 sexmod:misc.pounding.pounding9 net.minecraft.util.SoundEvent@3d05ad0
[22:10:40] [Server thread/TRACE] [FML]:   Registry: 575 sexmod:misc.pounding.pounding10 net.minecraft.util.SoundEvent@4b8e3dc0
[22:10:40] [Server thread/TRACE] [FML]:   Registry: 576 sexmod:misc.pounding.pounding11 net.minecraft.util.SoundEvent@52859d09
[22:10:40] [Server thread/TRACE] [FML]:   Registry: 577 sexmod:misc.pounding.pounding12 net.minecraft.util.SoundEvent@61b3a591
[22:10:40] [Server thread/TRACE] [FML]:   Registry: 578 sexmod:misc.pounding.pounding13 net.minecraft.util.SoundEvent@603475ad
[22:10:40] [Server thread/TRACE] [FML]:   Registry: 579 sexmod:misc.pounding.pounding14 net.minecraft.util.SoundEvent@5a6e3456
[22:10:40] [Server thread/TRACE] [FML]:   Registry: 580 sexmod:misc.pounding.pounding15 net.minecraft.util.SoundEvent@24fd97c7
[22:10:40] [Server thread/TRACE] [FML]:   Registry: 581 sexmod:misc.pounding.pounding16 net.minecraft.util.SoundEvent@589e21e4
[22:10:40] [Server thread/TRACE] [FML]:   Registry: 582 sexmod:misc.pounding.pounding17 net.minecraft.util.SoundEvent@1b44be47
[22:10:40] [Server thread/TRACE] [FML]:   Registry: 583 sexmod:misc.pounding.pounding18 net.minecraft.util.SoundEvent@3023e5fd
[22:10:40] [Server thread/TRACE] [FML]:   Registry: 584 sexmod:misc.pounding.pounding19 net.minecraft.util.SoundEvent@78a80f91
[22:10:40] [Server thread/TRACE] [FML]:   Registry: 585 sexmod:misc.pounding.pounding20 net.minecraft.util.SoundEvent@51108061
[22:10:40] [Server thread/TRACE] [FML]:   Registry: 586 sexmod:misc.pounding.pounding21 net.minecraft.util.SoundEvent@6f18aa82
[22:10:40] [Server thread/TRACE] [FML]:   Registry: 587 sexmod:misc.pounding.pounding22 net.minecraft.util.SoundEvent@403ba691
[22:10:40] [Server thread/TRACE] [FML]:   Registry: 588 sexmod:misc.pounding.pounding23 net.minecraft.util.SoundEvent@7857fd80
[22:10:40] [Server thread/TRACE] [FML]:   Registry: 589 sexmod:misc.pounding.pounding24 net.minecraft.util.SoundEvent@2d117963
[22:10:40] [Server thread/TRACE] [FML]:   Registry: 590 sexmod:misc.pounding.pounding25 net.minecraft.util.SoundEvent@7f79af9
[22:10:40] [Server thread/TRACE] [FML]:   Registry: 591 sexmod:misc.pounding.pounding26 net.minecraft.util.SoundEvent@1a65bbb8
[22:10:40] [Server thread/TRACE] [FML]:   Registry: 592 sexmod:misc.pounding.pounding27 net.minecraft.util.SoundEvent@5d99ee89
[22:10:40] [Server thread/TRACE] [FML]:   Registry: 593 sexmod:misc.pounding.pounding28 net.minecraft.util.SoundEvent@7b654e38
[22:10:40] [Server thread/TRACE] [FML]:   Registry: 594 sexmod:misc.pounding.pounding29 net.minecraft.util.SoundEvent@40fe23ff
[22:10:40] [Server thread/TRACE] [FML]:   Registry: 595 sexmod:misc.pounding.pounding30 net.minecraft.util.SoundEvent@77f1e823
[22:10:40] [Server thread/TRACE] [FML]:   Registry: 596 sexmod:misc.pounding.pounding31 net.minecraft.util.SoundEvent@650ebdf2
[22:10:40] [Server thread/TRACE] [FML]:   Registry: 597 sexmod:misc.pounding.pounding32 net.minecraft.util.SoundEvent@34cb3be5
[22:10:40] [Server thread/TRACE] [FML]:   Registry: 598 sexmod:misc.pounding.pounding33 net.minecraft.util.SoundEvent@59b0758
[22:10:40] [Server thread/TRACE] [FML]:   Registry: 599 sexmod:misc.pounding.pounding34 net.minecraft.util.SoundEvent@7d535738
[22:10:40] [Server thread/TRACE] [FML]:   Registry: 600 sexmod:misc.smallinserts.smallinserts0 net.minecraft.util.SoundEvent@6d22844d
[22:10:40] [Server thread/TRACE] [FML]:   Registry: 601 sexmod:misc.smallinserts.smallinserts1 net.minecraft.util.SoundEvent@5b8e1f
[22:10:40] [Server thread/TRACE] [FML]:   Registry: 602 sexmod:misc.smallinserts.smallinserts2 net.minecraft.util.SoundEvent@5da7e88b
[22:10:40] [Server thread/TRACE] [FML]:   Registry: 603 sexmod:misc.smallinserts.smallinserts3 net.minecraft.util.SoundEvent@3a2a9e90
[22:10:40] [Server thread/TRACE] [FML]:   Registry: 604 sexmod:misc.smallinserts.smallinserts4 net.minecraft.util.SoundEvent@43537574
[22:10:40] [Server thread/TRACE] [FML]:   Registry: 605 sexmod:misc.inserts.inserts0 net.minecraft.util.SoundEvent@1fa42077
[22:10:40] [Server thread/TRACE] [FML]:   Registry: 606 sexmod:misc.inserts.inserts1 net.minecraft.util.SoundEvent@7d2560b8
[22:10:40] [Server thread/TRACE] [FML]:   Registry: 607 sexmod:misc.inserts.inserts2 net.minecraft.util.SoundEvent@1395bf92
[22:10:40] [Server thread/TRACE] [FML]:   Registry: 608 sexmod:misc.inserts.inserts3 net.minecraft.util.SoundEvent@4bb58041
[22:10:40] [Server thread/TRACE] [FML]:   Registry: 609 sexmod:misc.inserts.inserts4 net.minecraft.util.SoundEvent@75acb6d8
[22:10:40] [Server thread/TRACE] [FML]:   Registry: 610 sexmod:misc.cuminflation.cuminflation0 net.minecraft.util.SoundEvent@235a2875
[22:10:40] [Server thread/TRACE] [FML]:   Registry: 611 sexmod:misc.scream.scream0 net.minecraft.util.SoundEvent@1d0d6aa3
[22:10:40] [Server thread/TRACE] [FML]:   Registry: 612 sexmod:misc.scream.scream1 net.minecraft.util.SoundEvent@7a5d56cb
[22:10:40] [Server thread/TRACE] [FML]:   Registry: 613 sexmod:misc.fart.fart0 net.minecraft.util.SoundEvent@6ad7252e
[22:10:40] [Server thread/TRACE] [FML]:   Registry: 614 sexmod:misc.fart.fart1 net.minecraft.util.SoundEvent@183cb181
[22:10:40] [Server thread/TRACE] [FML]:   Registry: 615 sexmod:misc.fart.fart2 net.minecraft.util.SoundEvent@6e128857
[22:10:40] [Server thread/TRACE] [FML]:   Registry: 616 sexmod:misc.jump.jump0 net.minecraft.util.SoundEvent@7ee97050
[22:10:40] [Server thread/TRACE] [FML]:   Registry: 617 sexmod:misc.eat.eat0 net.minecraft.util.SoundEvent@2dc4c4f6
[22:10:40] [Server thread/TRACE] [FML]:   Registry: 618 sexmod:misc.eat.eat1 net.minecraft.util.SoundEvent@5009c876
[22:10:40] [Server thread/TRACE] [FML]:   Registry: 619 sexmod:misc.eat.eat2 net.minecraft.util.SoundEvent@2a23a210
[22:10:40] [Server thread/TRACE] [FML]:   Registry: 620 sexmod:misc.slide.slide0 net.minecraft.util.SoundEvent@1ffd3cf4
[22:10:40] [Server thread/TRACE] [FML]:   Registry: 621 sexmod:misc.slide.slide1 net.minecraft.util.SoundEvent@1415b889
[22:10:40] [Server thread/TRACE] [FML]:   Registry: 622 sexmod:misc.slide.slide2 net.minecraft.util.SoundEvent@a419805
[22:10:40] [Server thread/TRACE] [FML]:   Registry: 623 sexmod:misc.slide.slide3 net.minecraft.util.SoundEvent@3d45987f
[22:10:40] [Server thread/TRACE] [FML]:   Registry: 624 sexmod:misc.slide.slide4 net.minecraft.util.SoundEvent@4b2909bf
[22:10:40] [Server thread/TRACE] [FML]:   Registry: 625 sexmod:misc.slide.slide5 net.minecraft.util.SoundEvent@72c131a3
[22:10:40] [Server thread/TRACE] [FML]:   Registry: 626 sexmod:misc.slide.slide6 net.minecraft.util.SoundEvent@74c61e4e
[22:10:40] [Server thread/TRACE] [FML]:   Registry: 627 sexmod:girls.jenny.aftersessionmoan.aftersessionmoan0 net.minecraft.util.SoundEvent@65d1f6c9
[22:10:40] [Server thread/TRACE] [FML]:   Registry: 628 sexmod:girls.jenny.aftersessionmoan.aftersessionmoan1 net.minecraft.util.SoundEvent@66367f3d
[22:10:40] [Server thread/TRACE] [FML]:   Registry: 629 sexmod:girls.jenny.aftersessionmoan.aftersessionmoan2 net.minecraft.util.SoundEvent@1d811671
[22:10:40] [Server thread/TRACE] [FML]:   Registry: 630 sexmod:girls.jenny.aftersessionmoan.aftersessionmoan3 net.minecraft.util.SoundEvent@59f15fe1
[22:10:40] [Server thread/TRACE] [FML]:   Registry: 631 sexmod:girls.jenny.aftersessionmoan.aftersessionmoan4 net.minecraft.util.SoundEvent@33fc9da8
[22:10:40] [Server thread/TRACE] [FML]:   Registry: 632 sexmod:girls.jenny.ahh.ahh0 net.minecraft.util.SoundEvent@66e6d37d
[22:10:40] [Server thread/TRACE] [FML]:   Registry: 633 sexmod:girls.jenny.ahh.ahh1 net.minecraft.util.SoundEvent@7341734e
[22:10:40] [Server thread/TRACE] [FML]:   Registry: 634 sexmod:girls.jenny.ahh.ahh2 net.minecraft.util.SoundEvent@201c3490
[22:10:40] [Server thread/TRACE] [FML]:   Registry: 635 sexmod:girls.jenny.ahh.ahh3 net.minecraft.util.SoundEvent@775aece6
[22:10:40] [Server thread/TRACE] [FML]:   Registry: 636 sexmod:girls.jenny.ahh.ahh4 net.minecraft.util.SoundEvent@2777b44b
[22:10:40] [Server thread/TRACE] [FML]:   Registry: 637 sexmod:girls.jenny.ahh.ahh5 net.minecraft.util.SoundEvent@5f5478e8
[22:10:40] [Server thread/TRACE] [FML]:   Registry: 638 sexmod:girls.jenny.ahh.ahh6 net.minecraft.util.SoundEvent@1ead7f26
[22:10:40] [Server thread/TRACE] [FML]:   Registry: 639 sexmod:girls.jenny.ahh.ahh7 net.minecraft.util.SoundEvent@3eb09dc9
[22:10:40] [Server thread/TRACE] [FML]:   Registry: 640 sexmod:girls.jenny.ahh.ahh8 net.minecraft.util.SoundEvent@247fa3b8
[22:10:40] [Server thread/TRACE] [FML]:   Registry: 641 sexmod:girls.jenny.ahh.ahh9 net.minecraft.util.SoundEvent@58100ce7
[22:10:40] [Server thread/TRACE] [FML]:   Registry: 642 sexmod:girls.jenny.bjmoan.bjmoan0 net.minecraft.util.SoundEvent@2d310c8c
[22:10:40] [Server thread/TRACE] [FML]:   Registry: 643 sexmod:girls.jenny.bjmoan.bjmoan1 net.minecraft.util.SoundEvent@17d59236
[22:10:40] [Server thread/TRACE] [FML]:   Registry: 644 sexmod:girls.jenny.bjmoan.bjmoan2 net.minecraft.util.SoundEvent@4e6e9117
[22:10:40] [Server thread/TRACE] [FML]:   Registry: 645 sexmod:girls.jenny.bjmoan.bjmoan3 net.minecraft.util.SoundEvent@1641cb09
[22:10:40] [Server thread/TRACE] [FML]:   Registry: 646 sexmod:girls.jenny.bjmoan.bjmoan4 net.minecraft.util.SoundEvent@3331e021
[22:10:40] [Server thread/TRACE] [FML]:   Registry: 647 sexmod:girls.jenny.bjmoan.bjmoan5 net.minecraft.util.SoundEvent@8ce9053
[22:10:40] [Server thread/TRACE] [FML]:   Registry: 648 sexmod:girls.jenny.bjmoan.bjmoan6 net.minecraft.util.SoundEvent@32925e74
[22:10:40] [Server thread/TRACE] [FML]:   Registry: 649 sexmod:girls.jenny.bjmoan.bjmoan7 net.minecraft.util.SoundEvent@2a13d2ac
[22:10:40] [Server thread/TRACE] [FML]:   Registry: 650 sexmod:girls.jenny.bjmoan.bjmoan8 net.minecraft.util.SoundEvent@161f0f27
[22:10:40] [Server thread/TRACE] [FML]:   Registry: 651 sexmod:girls.jenny.bjmoan.bjmoan9 net.minecraft.util.SoundEvent@6a2f49bf
[22:10:40] [Server thread/TRACE] [FML]:   Registry: 652 sexmod:girls.jenny.bjmoan.bjmoan10 net.minecraft.util.SoundEvent@4a6edb70
[22:10:40] [Server thread/TRACE] [FML]:   Registry: 653 sexmod:girls.jenny.bjmoan.bjmoan11 net.minecraft.util.SoundEvent@7e5ce623
[22:10:40] [Server thread/TRACE] [FML]:   Registry: 654 sexmod:girls.jenny.bjmoan.bjmoan12 net.minecraft.util.SoundEvent@10d4a8f8
[22:10:40] [Server thread/TRACE] [FML]:   Registry: 655 sexmod:girls.jenny.giggle.giggle0 net.minecraft.util.SoundEvent@a679ec
[22:10:40] [Server thread/TRACE] [FML]:   Registry: 656 sexmod:girls.jenny.giggle.giggle1 net.minecraft.util.SoundEvent@3c2f97d3
[22:10:40] [Server thread/TRACE] [FML]:   Registry: 657 sexmod:girls.jenny.giggle.giggle2 net.minecraft.util.SoundEvent@255b038b
[22:10:40] [Server thread/TRACE] [FML]:   Registry: 658 sexmod:girls.jenny.giggle.giggle3 net.minecraft.util.SoundEvent@107dfcb0
[22:10:40] [Server thread/TRACE] [FML]:   Registry: 659 sexmod:girls.jenny.giggle.giggle4 net.minecraft.util.SoundEvent@23279e4a
[22:10:40] [Server thread/TRACE] [FML]:   Registry: 660 sexmod:girls.jenny.happyoh.happyoh0 net.minecraft.util.SoundEvent@63f614f2
[22:10:40] [Server thread/TRACE] [FML]:   Registry: 661 sexmod:girls.jenny.happyoh.happyoh1 net.minecraft.util.SoundEvent@1e4c145c
[22:10:40] [Server thread/TRACE] [FML]:   Registry: 662 sexmod:girls.jenny.happyoh.happyoh2 net.minecraft.util.SoundEvent@61abf359
[22:10:40] [Server thread/TRACE] [FML]:   Registry: 663 sexmod:girls.jenny.heavybreathing.heavybreathing0 net.minecraft.util.SoundEvent@7ee1e4e8
[22:10:40] [Server thread/TRACE] [FML]:   Registry: 664 sexmod:girls.jenny.heavybreathing.heavybreathing1 net.minecraft.util.SoundEvent@2de32e42
[22:10:40] [Server thread/TRACE] [FML]:   Registry: 665 sexmod:girls.jenny.heavybreathing.heavybreathing2 net.minecraft.util.SoundEvent@53732156
[22:10:40] [Server thread/TRACE] [FML]:   Registry: 666 sexmod:girls.jenny.heavybreathing.heavybreathing3 net.minecraft.util.SoundEvent@6d7c315a
[22:10:40] [Server thread/TRACE] [FML]:   Registry: 667 sexmod:girls.jenny.heavybreathing.heavybreathing4 net.minecraft.util.SoundEvent@1c4b4eb9
[22:10:40] [Server thread/TRACE] [FML]:   Registry: 668 sexmod:girls.jenny.heavybreathing.heavybreathing5 net.minecraft.util.SoundEvent@286ee24c
[22:10:40] [Server thread/TRACE] [FML]:   Registry: 669 sexmod:girls.jenny.heavybreathing.heavybreathing6 net.minecraft.util.SoundEvent@625d1f86
[22:10:40] [Server thread/TRACE] [FML]:   Registry: 670 sexmod:girls.jenny.heavybreathing.heavybreathing7 net.minecraft.util.SoundEvent@6ea71476
[22:10:40] [Server thread/TRACE] [FML]:   Registry: 671 sexmod:girls.jenny.hmph.hmph0 net.minecraft.util.SoundEvent@28dfb19d
[22:10:40] [Server thread/TRACE] [FML]:   Registry: 672 sexmod:girls.jenny.hmph.hmph1 net.minecraft.util.SoundEvent@777c5a48
[22:10:40] [Server thread/TRACE] [FML]:   Registry: 673 sexmod:girls.jenny.hmph.hmph2 net.minecraft.util.SoundEvent@7dd7da0e
[22:10:40] [Server thread/TRACE] [FML]:   Registry: 674 sexmod:girls.jenny.hmph.hmph3 net.minecraft.util.SoundEvent@2b057566
[22:10:40] [Server thread/TRACE] [FML]:   Registry: 675 sexmod:girls.jenny.hmph.hmph4 net.minecraft.util.SoundEvent@7e036ac2
[22:10:40] [Server thread/TRACE] [FML]:   Registry: 676 sexmod:girls.jenny.huh.huh0 net.minecraft.util.SoundEvent@6b38c150
[22:10:40] [Server thread/TRACE] [FML]:   Registry: 677 sexmod:girls.jenny.huh.huh1 net.minecraft.util.SoundEvent@28fc6193
[22:10:40] [Server thread/TRACE] [FML]:   Registry: 678 sexmod:girls.jenny.lightbreathing.lightbreathing0 net.minecraft.util.SoundEvent@28d29faf
[22:10:40] [Server thread/TRACE] [FML]:   Registry: 679 sexmod:girls.jenny.lightbreathing.lightbreathing1 net.minecraft.util.SoundEvent@4d62b50d
[22:10:40] [Server thread/TRACE] [FML]:   Registry: 680 sexmod:girls.jenny.lightbreathing.lightbreathing2 net.minecraft.util.SoundEvent@60fddfb0
[22:10:40] [Server thread/TRACE] [FML]:   Registry: 681 sexmod:girls.jenny.lightbreathing.lightbreathing3 net.minecraft.util.SoundEvent@2b46dac5
[22:10:40] [Server thread/TRACE] [FML]:   Registry: 682 sexmod:girls.jenny.lightbreathing.lightbreathing4 net.minecraft.util.SoundEvent@17d517e5
[22:10:40] [Server thread/TRACE] [FML]:   Registry: 683 sexmod:girls.jenny.lightbreathing.lightbreathing5 net.minecraft.util.SoundEvent@4fc712cf
[22:10:40] [Server thread/TRACE] [FML]:   Registry: 684 sexmod:girls.jenny.lightbreathing.lightbreathing6 net.minecraft.util.SoundEvent@414944d8
[22:10:40] [Server thread/TRACE] [FML]:   Registry: 685 sexmod:girls.jenny.lightbreathing.lightbreathing7 net.minecraft.util.SoundEvent@5cc43ec6
[22:10:40] [Server thread/TRACE] [FML]:   Registry: 686 sexmod:girls.jenny.lightbreathing.lightbreathing8 net.minecraft.util.SoundEvent@63917084
[22:10:40] [Server thread/TRACE] [FML]:   Registry: 687 sexmod:girls.jenny.lightbreathing.lightbreathing9 net.minecraft.util.SoundEvent@14b75753
[22:10:40] [Server thread/TRACE] [FML]:   Registry: 688 sexmod:girls.jenny.lightbreathing.lightbreathing10 net.minecraft.util.SoundEvent@1f53ae99
[22:10:40] [Server thread/TRACE] [FML]:   Registry: 689 sexmod:girls.jenny.lightbreathing.lightbreathing11 net.minecraft.util.SoundEvent@629c91bb
[22:10:40] [Server thread/TRACE] [FML]:   Registry: 690 sexmod:girls.jenny.lipsound.lipsound0 net.minecraft.util.SoundEvent@ae1c83c
[22:10:40] [Server thread/TRACE] [FML]:   Registry: 691 sexmod:girls.jenny.lipsound.lipsound1 net.minecraft.util.SoundEvent@24c21bfc
[22:10:40] [Server thread/TRACE] [FML]:   Registry: 692 sexmod:girls.jenny.lipsound.lipsound2 net.minecraft.util.SoundEvent@26674e9b
[22:10:40] [Server thread/TRACE] [FML]:   Registry: 693 sexmod:girls.jenny.lipsound.lipsound3 net.minecraft.util.SoundEvent@207012a5
[22:10:40] [Server thread/TRACE] [FML]:   Registry: 694 sexmod:girls.jenny.lipsound.lipsound4 net.minecraft.util.SoundEvent@24549ebf
[22:10:40] [Server thread/TRACE] [FML]:   Registry: 695 sexmod:girls.jenny.lipsound.lipsound5 net.minecraft.util.SoundEvent@10fd6c32
[22:10:40] [Server thread/TRACE] [FML]:   Registry: 696 sexmod:girls.jenny.lipsound.lipsound6 net.minecraft.util.SoundEvent@cf2eb20
[22:10:40] [Server thread/TRACE] [FML]:   Registry: 697 sexmod:girls.jenny.lipsound.lipsound7 net.minecraft.util.SoundEvent@2cb73521
[22:10:40] [Server thread/TRACE] [FML]:   Registry: 698 sexmod:girls.jenny.lipsound.lipsound8 net.minecraft.util.SoundEvent@2c16e76e
[22:10:40] [Server thread/TRACE] [FML]:   Registry: 699 sexmod:girls.jenny.lipsound.lipsound9 net.minecraft.util.SoundEvent@57719222
[22:10:40] [Server thread/TRACE] [FML]:   Registry: 700 sexmod:girls.jenny.mmm.mmm0 net.minecraft.util.SoundEvent@4c41d807
[22:10:40] [Server thread/TRACE] [FML]:   Registry: 701 sexmod:girls.jenny.mmm.mmm1 net.minecraft.util.SoundEvent@594ae293
[22:10:40] [Server thread/TRACE] [FML]:   Registry: 702 sexmod:girls.jenny.mmm.mmm2 net.minecraft.util.SoundEvent@427c4343
[22:10:40] [Server thread/TRACE] [FML]:   Registry: 703 sexmod:girls.jenny.mmm.mmm3 net.minecraft.util.SoundEvent@194739ac
[22:10:40] [Server thread/TRACE] [FML]:   Registry: 704 sexmod:girls.jenny.mmm.mmm4 net.minecraft.util.SoundEvent@5b045b63
[22:10:40] [Server thread/TRACE] [FML]:   Registry: 705 sexmod:girls.jenny.mmm.mmm5 net.minecraft.util.SoundEvent@55d464ea
[22:10:40] [Server thread/TRACE] [FML]:   Registry: 706 sexmod:girls.jenny.mmm.mmm6 net.minecraft.util.SoundEvent@75925348
[22:10:40] [Server thread/TRACE] [FML]:   Registry: 707 sexmod:girls.jenny.mmm.mmm7 net.minecraft.util.SoundEvent@55388e0f
[22:10:40] [Server thread/TRACE] [FML]:   Registry: 708 sexmod:girls.jenny.mmm.mmm8 net.minecraft.util.SoundEvent@2c1e1888
[22:10:40] [Server thread/TRACE] [FML]:   Registry: 709 sexmod:girls.jenny.moan.moan0 net.minecraft.util.SoundEvent@5a1bcad5
[22:10:40] [Server thread/TRACE] [FML]:   Registry: 710 sexmod:girls.jenny.moan.moan1 net.minecraft.util.SoundEvent@3df4dacd
[22:10:40] [Server thread/TRACE] [FML]:   Registry: 711 sexmod:girls.jenny.moan.moan2 net.minecraft.util.SoundEvent@2c2d738a
[22:10:40] [Server thread/TRACE] [FML]:   Registry: 712 sexmod:girls.jenny.moan.moan3 net.minecraft.util.SoundEvent@70abf4df
[22:10:40] [Server thread/TRACE] [FML]:   Registry: 713 sexmod:girls.jenny.moan.moan4 net.minecraft.util.SoundEvent@7462d57d
[22:10:40] [Server thread/TRACE] [FML]:   Registry: 714 sexmod:girls.jenny.moan.moan5 net.minecraft.util.SoundEvent@6f5b5b8e
[22:10:40] [Server thread/TRACE] [FML]:   Registry: 715 sexmod:girls.jenny.moan.moan6 net.minecraft.util.SoundEvent@28add4cc
[22:10:40] [Server thread/TRACE] [FML]:   Registry: 716 sexmod:girls.jenny.moan.moan7 net.minecraft.util.SoundEvent@78fc00a
[22:10:40] [Server thread/TRACE] [FML]:   Registry: 717 sexmod:girls.jenny.sadoh.sadoh0 net.minecraft.util.SoundEvent@65a424bb
[22:10:40] [Server thread/TRACE] [FML]:   Registry: 718 sexmod:girls.jenny.sadoh.sadoh1 net.minecraft.util.SoundEvent@501684aa
[22:10:40] [Server thread/TRACE] [FML]:   Registry: 719 sexmod:girls.jenny.sigh.sigh0 net.minecraft.util.SoundEvent@16db31d0
[22:10:40] [Server thread/TRACE] [FML]:   Registry: 720 sexmod:girls.jenny.sigh.sigh1 net.minecraft.util.SoundEvent@6fad3c91
[22:10:40] [Server thread/TRACE] [FML]:   Registry: 721 sexmod:girls.ellie.aftersessionmoan.aftersessionmoan0 net.minecraft.util.SoundEvent@2b684c23
[22:10:40] [Server thread/TRACE] [FML]:   Registry: 722 sexmod:girls.ellie.aftersessionmoan.aftersessionmoan1 net.minecraft.util.SoundEvent@4fbfae30
[22:10:40] [Server thread/TRACE] [FML]:   Registry: 723 sexmod:girls.ellie.aftersessionmoan.aftersessionmoan2 net.minecraft.util.SoundEvent@a553a6
[22:10:40] [Server thread/TRACE] [FML]:   Registry: 724 sexmod:girls.ellie.aftersessionmoan.aftersessionmoan3 net.minecraft.util.SoundEvent@6eabe97
[22:10:40] [Server thread/TRACE] [FML]:   Registry: 725 sexmod:girls.ellie.aftersessionmoan.aftersessionmoan4 net.minecraft.util.SoundEvent@6f8af33d
[22:10:40] [Server thread/TRACE] [FML]:   Registry: 726 sexmod:girls.ellie.ahh.ahh0 net.minecraft.util.SoundEvent@5d760ed2
[22:10:40] [Server thread/TRACE] [FML]:   Registry: 727 sexmod:girls.ellie.ahh.ahh1 net.minecraft.util.SoundEvent@77e44eb9
[22:10:40] [Server thread/TRACE] [FML]:   Registry: 728 sexmod:girls.ellie.ahh.ahh2 net.minecraft.util.SoundEvent@242958d4
[22:10:40] [Server thread/TRACE] [FML]:   Registry: 729 sexmod:girls.ellie.ahh.ahh3 net.minecraft.util.SoundEvent@1c824477
[22:10:40] [Server thread/TRACE] [FML]:   Registry: 730 sexmod:girls.ellie.ahh.ahh4 net.minecraft.util.SoundEvent@71efd9ab
[22:10:40] [Server thread/TRACE] [FML]:   Registry: 731 sexmod:girls.ellie.ahh.ahh5 net.minecraft.util.SoundEvent@242bc0a9
[22:10:40] [Server thread/TRACE] [FML]:   Registry: 732 sexmod:girls.ellie.ahh.ahh6 net.minecraft.util.SoundEvent@4a2ad300
[22:10:40] [Server thread/TRACE] [FML]:   Registry: 733 sexmod:girls.ellie.ahh.ahh7 net.minecraft.util.SoundEvent@448597ce
[22:10:40] [Server thread/TRACE] [FML]:   Registry: 734 sexmod:girls.ellie.ahh.ahh8 net.minecraft.util.SoundEvent@4ba82c74
[22:10:40] [Server thread/TRACE] [FML]:   Registry: 735 sexmod:girls.ellie.ahh.ahh9 net.minecraft.util.SoundEvent@31fc9320
[22:10:40] [Server thread/TRACE] [FML]:   Registry: 736 sexmod:girls.ellie.bjmoan.bjmoan0 net.minecraft.util.SoundEvent@2dd2e4cc
[22:10:40] [Server thread/TRACE] [FML]:   Registry: 737 sexmod:girls.ellie.bjmoan.bjmoan1 net.minecraft.util.SoundEvent@45013d5f
[22:10:40] [Server thread/TRACE] [FML]:   Registry: 738 sexmod:girls.ellie.bjmoan.bjmoan2 net.minecraft.util.SoundEvent@4f406207
[22:10:40] [Server thread/TRACE] [FML]:   Registry: 739 sexmod:girls.ellie.bjmoan.bjmoan3 net.minecraft.util.SoundEvent@1a709d5c
[22:10:40] [Server thread/TRACE] [FML]:   Registry: 740 sexmod:girls.ellie.bjmoan.bjmoan4 net.minecraft.util.SoundEvent@203eee5a
[22:10:40] [Server thread/TRACE] [FML]:   Registry: 741 sexmod:girls.ellie.bjmoan.bjmoan5 net.minecraft.util.SoundEvent@6c19d4c7
[22:10:40] [Server thread/TRACE] [FML]:   Registry: 742 sexmod:girls.ellie.bjmoan.bjmoan6 net.minecraft.util.SoundEvent@2005d319
[22:10:40] [Server thread/TRACE] [FML]:   Registry: 743 sexmod:girls.ellie.bjmoan.bjmoan7 net.minecraft.util.SoundEvent@3e013038
[22:10:40] [Server thread/TRACE] [FML]:   Registry: 744 sexmod:girls.ellie.bjmoan.bjmoan8 net.minecraft.util.SoundEvent@691a559c
[22:10:40] [Server thread/TRACE] [FML]:   Registry: 745 sexmod:girls.ellie.bjmoan.bjmoan9 net.minecraft.util.SoundEvent@4b071b94
[22:10:40] [Server thread/TRACE] [FML]:   Registry: 746 sexmod:girls.ellie.bjmoan.bjmoan10 net.minecraft.util.SoundEvent@459494f6
[22:10:40] [Server thread/TRACE] [FML]:   Registry: 747 sexmod:girls.ellie.bjmoan.bjmoan11 net.minecraft.util.SoundEvent@72a3ec8c
[22:10:40] [Server thread/TRACE] [FML]:   Registry: 748 sexmod:girls.ellie.bjmoan.bjmoan12 net.minecraft.util.SoundEvent@492ef1f1
[22:10:40] [Server thread/TRACE] [FML]:   Registry: 749 sexmod:girls.ellie.giggle.giggle0 net.minecraft.util.SoundEvent@3a8688fb
[22:10:40] [Server thread/TRACE] [FML]:   Registry: 750 sexmod:girls.ellie.giggle.giggle1 net.minecraft.util.SoundEvent@5b548879
[22:10:40] [Server thread/TRACE] [FML]:   Registry: 751 sexmod:girls.ellie.giggle.giggle2 net.minecraft.util.SoundEvent@367ec813
[22:10:40] [Server thread/TRACE] [FML]:   Registry: 752 sexmod:girls.ellie.giggle.giggle3 net.minecraft.util.SoundEvent@8610654
[22:10:40] [Server thread/TRACE] [FML]:   Registry: 753 sexmod:girls.ellie.giggle.giggle4 net.minecraft.util.SoundEvent@62e96f3
[22:10:40] [Server thread/TRACE] [FML]:   Registry: 754 sexmod:girls.ellie.happyoh.happyoh0 net.minecraft.util.SoundEvent@79c6d10f
[22:10:40] [Server thread/TRACE] [FML]:   Registry: 755 sexmod:girls.ellie.happyoh.happyoh1 net.minecraft.util.SoundEvent@39b8b074
[22:10:40] [Server thread/TRACE] [FML]:   Registry: 756 sexmod:girls.ellie.happyoh.happyoh2 net.minecraft.util.SoundEvent@39eb42b1
[22:10:40] [Server thread/TRACE] [FML]:   Registry: 757 sexmod:girls.ellie.heavybreathing.heavybreathing0 net.minecraft.util.SoundEvent@4b80d271
[22:10:40] [Server thread/TRACE] [FML]:   Registry: 758 sexmod:girls.ellie.heavybreathing.heavybreathing1 net.minecraft.util.SoundEvent@4812ca7
[22:10:40] [Server thread/TRACE] [FML]:   Registry: 759 sexmod:girls.ellie.heavybreathing.heavybreathing2 net.minecraft.util.SoundEvent@78461753
[22:10:40] [Server thread/TRACE] [FML]:   Registry: 760 sexmod:girls.ellie.heavybreathing.heavybreathing3 net.minecraft.util.SoundEvent@1bdb2c20
[22:10:40] [Server thread/TRACE] [FML]:   Registry: 761 sexmod:girls.ellie.heavybreathing.heavybreathing4 net.minecraft.util.SoundEvent@56056670
[22:10:40] [Server thread/TRACE] [FML]:   Registry: 762 sexmod:girls.ellie.heavybreathing.heavybreathing5 net.minecraft.util.SoundEvent@5b6c8c03
[22:10:40] [Server thread/TRACE] [FML]:   Registry: 763 sexmod:girls.ellie.heavybreathing.heavybreathing6 net.minecraft.util.SoundEvent@13d8f4b2
[22:10:40] [Server thread/TRACE] [FML]:   Registry: 764 sexmod:girls.ellie.heavybreathing.heavybreathing7 net.minecraft.util.SoundEvent@51a060c5
[22:10:40] [Server thread/TRACE] [FML]:   Registry: 765 sexmod:girls.ellie.hmph.hmph0 net.minecraft.util.SoundEvent@2c6baa67
[22:10:40] [Server thread/TRACE] [FML]:   Registry: 766 sexmod:girls.ellie.hmph.hmph1 net.minecraft.util.SoundEvent@1358377d
[22:10:40] [Server thread/TRACE] [FML]:   Registry: 767 sexmod:girls.ellie.hmph.hmph2 net.minecraft.util.SoundEvent@47f12cc0
[22:10:40] [Server thread/TRACE] [FML]:   Registry: 768 sexmod:girls.ellie.hmph.hmph3 net.minecraft.util.SoundEvent@1585dab3
[22:10:40] [Server thread/TRACE] [FML]:   Registry: 769 sexmod:girls.ellie.huh.huh0 net.minecraft.util.SoundEvent@64cc72f6
[22:10:40] [Server thread/TRACE] [FML]:   Registry: 770 sexmod:girls.ellie.huh.huh1 net.minecraft.util.SoundEvent@36fd42cd
[22:10:40] [Server thread/TRACE] [FML]:   Registry: 771 sexmod:girls.ellie.lightbreathing.lightbreathing0 net.minecraft.util.SoundEvent@7824effe
[22:10:40] [Server thread/TRACE] [FML]:   Registry: 772 sexmod:girls.ellie.lightbreathing.lightbreathing1 net.minecraft.util.SoundEvent@434fe20b
[22:10:40] [Server thread/TRACE] [FML]:   Registry: 773 sexmod:girls.ellie.lightbreathing.lightbreathing2 net.minecraft.util.SoundEvent@44136356
[22:10:40] [Server thread/TRACE] [FML]:   Registry: 774 sexmod:girls.ellie.lightbreathing.lightbreathing3 net.minecraft.util.SoundEvent@18a4ba33
[22:10:40] [Server thread/TRACE] [FML]:   Registry: 775 sexmod:girls.ellie.lightbreathing.lightbreathing4 net.minecraft.util.SoundEvent@4720edc6
[22:10:40] [Server thread/TRACE] [FML]:   Registry: 776 sexmod:girls.ellie.lightbreathing.lightbreathing5 net.minecraft.util.SoundEvent@7bc30093
[22:10:40] [Server thread/TRACE] [FML]:   Registry: 777 sexmod:girls.ellie.lightbreathing.lightbreathing6 net.minecraft.util.SoundEvent@2495c56e
[22:10:40] [Server thread/TRACE] [FML]:   Registry: 778 sexmod:girls.ellie.lightbreathing.lightbreathing7 net.minecraft.util.SoundEvent@195d86ed
[22:10:40] [Server thread/TRACE] [FML]:   Registry: 779 sexmod:girls.ellie.lipsound.lipsound0 net.minecraft.util.SoundEvent@595316dd
[22:10:40] [Server thread/TRACE] [FML]:   Registry: 780 sexmod:girls.ellie.lipsound.lipsound1 net.minecraft.util.SoundEvent@3a7742fc
[22:10:40] [Server thread/TRACE] [FML]:   Registry: 781 sexmod:girls.ellie.lipsound.lipsound2 net.minecraft.util.SoundEvent@30c35e69
[22:10:40] [Server thread/TRACE] [FML]:   Registry: 782 sexmod:girls.ellie.lipsound.lipsound3 net.minecraft.util.SoundEvent@455ccc72
[22:10:40] [Server thread/TRACE] [FML]:   Registry: 783 sexmod:girls.ellie.lipsound.lipsound4 net.minecraft.util.SoundEvent@478dffa
[22:10:40] [Server thread/TRACE] [FML]:   Registry: 784 sexmod:girls.ellie.lipsound.lipsound5 net.minecraft.util.SoundEvent@4180d2b
[22:10:40] [Server thread/TRACE] [FML]:   Registry: 785 sexmod:girls.ellie.lipsound.lipsound6 net.minecraft.util.SoundEvent@2e823bd7
[22:10:40] [Server thread/TRACE] [FML]:   Registry: 786 sexmod:girls.ellie.lipsound.lipsound7 net.minecraft.util.SoundEvent@d1e5d29
[22:10:40] [Server thread/TRACE] [FML]:   Registry: 787 sexmod:girls.ellie.lipsound.lipsound8 net.minecraft.util.SoundEvent@4fdbc47f
[22:10:40] [Server thread/TRACE] [FML]:   Registry: 788 sexmod:girls.ellie.lipsound.lipsound9 net.minecraft.util.SoundEvent@beef9fa
[22:10:40] [Server thread/TRACE] [FML]:   Registry: 789 sexmod:girls.ellie.mmm.mmm0 net.minecraft.util.SoundEvent@348d37d3
[22:10:40] [Server thread/TRACE] [FML]:   Registry: 790 sexmod:girls.ellie.mmm.mmm1 net.minecraft.util.SoundEvent@4b05c37e
[22:10:40] [Server thread/TRACE] [FML]:   Registry: 791 sexmod:girls.ellie.mmm.mmm2 net.minecraft.util.SoundEvent@5aec1e5d
[22:10:40] [Server thread/TRACE] [FML]:   Registry: 792 sexmod:girls.ellie.mmm.mmm3 net.minecraft.util.SoundEvent@26310dd3
[22:10:40] [Server thread/TRACE] [FML]:   Registry: 793 sexmod:girls.ellie.mmm.mmm4 net.minecraft.util.SoundEvent@7bdf9569
[22:10:40] [Server thread/TRACE] [FML]:   Registry: 794 sexmod:girls.ellie.mmm.mmm5 net.minecraft.util.SoundEvent@1e24a75f
[22:10:40] [Server thread/TRACE] [FML]:   Registry: 795 sexmod:girls.ellie.mmm.mmm6 net.minecraft.util.SoundEvent@24804c30
[22:10:40] [Server thread/TRACE] [FML]:   Registry: 796 sexmod:girls.ellie.mmm.mmm7 net.minecraft.util.SoundEvent@a7192e6
[22:10:40] [Server thread/TRACE] [FML]:   Registry: 797 sexmod:girls.ellie.mmm.mmm8 net.minecraft.util.SoundEvent@d023a1c
[22:10:40] [Server thread/TRACE] [FML]:   Registry: 798 sexmod:girls.ellie.moan.moan0 net.minecraft.util.SoundEvent@36277abc
[22:10:40] [Server thread/TRACE] [FML]:   Registry: 799 sexmod:girls.ellie.moan.moan1 net.minecraft.util.SoundEvent@10605184
[22:10:40] [Server thread/TRACE] [FML]:   Registry: 800 sexmod:girls.ellie.moan.moan2 net.minecraft.util.SoundEvent@160007cc
[22:10:40] [Server thread/TRACE] [FML]:   Registry: 801 sexmod:girls.ellie.moan.moan3 net.minecraft.util.SoundEvent@ace0dca
[22:10:40] [Server thread/TRACE] [FML]:   Registry: 802 sexmod:girls.ellie.moan.moan4 net.minecraft.util.SoundEvent@73164b5
[22:10:40] [Server thread/TRACE] [FML]:   Registry: 803 sexmod:girls.ellie.moan.moan5 net.minecraft.util.SoundEvent@154ff9a6
[22:10:40] [Server thread/TRACE] [FML]:   Registry: 804 sexmod:girls.ellie.moan.moan6 net.minecraft.util.SoundEvent@367b2a4
[22:10:40] [Server thread/TRACE] [FML]:   Registry: 805 sexmod:girls.ellie.moan.moan7 net.minecraft.util.SoundEvent@79bd5f5f
[22:10:40] [Server thread/TRACE] [FML]:   Registry: 806 sexmod:girls.ellie.moan.moan8 net.minecraft.util.SoundEvent@75259811
[22:10:40] [Server thread/TRACE] [FML]:   Registry: 807 sexmod:girls.ellie.sadoh.sadoh0 net.minecraft.util.SoundEvent@1f4dddda
[22:10:40] [Server thread/TRACE] [FML]:   Registry: 808 sexmod:girls.ellie.sadoh.sadoh1 net.minecraft.util.SoundEvent@2101ae05
[22:10:40] [Server thread/TRACE] [FML]:   Registry: 809 sexmod:girls.ellie.sigh.sigh0 net.minecraft.util.SoundEvent@32554add
[22:10:40] [Server thread/TRACE] [FML]:   Registry: 810 sexmod:girls.ellie.sigh.sigh1 net.minecraft.util.SoundEvent@6be9b996
[22:10:40] [Server thread/TRACE] [FML]:   Registry: 811 sexmod:girls.ellie.cometomommy.cometomommy0 net.minecraft.util.SoundEvent@1abb1a3c
[22:10:40] [Server thread/TRACE] [FML]:   Registry: 812 sexmod:girls.ellie.cometomommy.cometomommy1 net.minecraft.util.SoundEvent@36e6fee8
[22:10:40] [Server thread/TRACE] [FML]:   Registry: 813 sexmod:girls.ellie.goodboy.goodboy0 net.minecraft.util.SoundEvent@2e7d494b
[22:10:40] [Server thread/TRACE] [FML]:   Registry: 814 sexmod:girls.ellie.goodboy.goodboy1 net.minecraft.util.SoundEvent@87e601b
[22:10:40] [Server thread/TRACE] [FML]:   Registry: 815 sexmod:girls.ellie.mommyhorny.mommyhorny0 net.minecraft.util.SoundEvent@4a56f1d2
[22:10:40] [Server thread/TRACE] [FML]:   Registry: 816 sexmod:girls.ellie.mommyhorny.mommyhorny1 net.minecraft.util.SoundEvent@4bc657ce
[22:10:40] [Server thread/TRACE] [FML]:   Registry: 817 sexmod:girls.bia.ahh.ahh0 net.minecraft.util.SoundEvent@f3568ec
[22:10:40] [Server thread/TRACE] [FML]:   Registry: 818 sexmod:girls.bia.ahh.ahh1 net.minecraft.util.SoundEvent@74b0afa9
[22:10:40] [Server thread/TRACE] [FML]:   Registry: 819 sexmod:girls.bia.ahh.ahh2 net.minecraft.util.SoundEvent@995088c
[22:10:40] [Server thread/TRACE] [FML]:   Registry: 820 sexmod:girls.bia.ahh.ahh3 net.minecraft.util.SoundEvent@70145657
[22:10:40] [Server thread/TRACE] [FML]:   Registry: 821 sexmod:girls.bia.ahh.ahh4 net.minecraft.util.SoundEvent@54c232b1
[22:10:40] [Server thread/TRACE] [FML]:   Registry: 822 sexmod:girls.bia.ahh.ahh5 net.minecraft.util.SoundEvent@257e1267
[22:10:40] [Server thread/TRACE] [FML]:   Registry: 823 sexmod:girls.bia.ahh.ahh6 net.minecraft.util.SoundEvent@40eaf2c
[22:10:40] [Server thread/TRACE] [FML]:   Registry: 824 sexmod:girls.bia.ahh.ahh7 net.minecraft.util.SoundEvent@56faf714
[22:10:40] [Server thread/TRACE] [FML]:   Registry: 825 sexmod:girls.bia.bjmoan.bjmoan0 net.minecraft.util.SoundEvent@13e800c0
[22:10:40] [Server thread/TRACE] [FML]:   Registry: 826 sexmod:girls.bia.bjmoan.bjmoan1 net.minecraft.util.SoundEvent@46d0d5f0
[22:10:40] [Server thread/TRACE] [FML]:   Registry: 827 sexmod:girls.bia.bjmoan.bjmoan2 net.minecraft.util.SoundEvent@375665c9
[22:10:40] [Server thread/TRACE] [FML]:   Registry: 828 sexmod:girls.bia.bjmoan.bjmoan3 net.minecraft.util.SoundEvent@36156660
[22:10:40] [Server thread/TRACE] [FML]:   Registry: 829 sexmod:girls.bia.bjmoan.bjmoan4 net.minecraft.util.SoundEvent@65289e62
[22:10:40] [Server thread/TRACE] [FML]:   Registry: 830 sexmod:girls.bia.breath.breath0 net.minecraft.util.SoundEvent@2597b862
[22:10:40] [Server thread/TRACE] [FML]:   Registry: 831 sexmod:girls.bia.breath.breath1 net.minecraft.util.SoundEvent@21ebf934
[22:10:40] [Server thread/TRACE] [FML]:   Registry: 832 sexmod:girls.bia.breath.breath2 net.minecraft.util.SoundEvent@3cd0ad0f
[22:10:40] [Server thread/TRACE] [FML]:   Registry: 833 sexmod:girls.bia.breath.breath3 net.minecraft.util.SoundEvent@1d2aef79
[22:10:40] [Server thread/TRACE] [FML]:   Registry: 834 sexmod:girls.bia.giggle.giggle0 net.minecraft.util.SoundEvent@5660016
[22:10:40] [Server thread/TRACE] [FML]:   Registry: 835 sexmod:girls.bia.giggle.giggle1 net.minecraft.util.SoundEvent@7bba6bd7
[22:10:40] [Server thread/TRACE] [FML]:   Registry: 836 sexmod:girls.bia.giggle.giggle2 net.minecraft.util.SoundEvent@423b097a
[22:10:40] [Server thread/TRACE] [FML]:   Registry: 837 sexmod:girls.bia.hey.hey0 net.minecraft.util.SoundEvent@8a07763
[22:10:40] [Server thread/TRACE] [FML]:   Registry: 838 sexmod:girls.bia.hey.hey1 net.minecraft.util.SoundEvent@3d73b0d1
[22:10:40] [Server thread/TRACE] [FML]:   Registry: 839 sexmod:girls.bia.hey.hey2 net.minecraft.util.SoundEvent@153f807b
[22:10:40] [Server thread/TRACE] [FML]:   Registry: 840 sexmod:girls.bia.hey.hey3 net.minecraft.util.SoundEvent@fd53b7f
[22:10:40] [Server thread/TRACE] [FML]:   Registry: 841 sexmod:girls.bia.huh.huh0 net.minecraft.util.SoundEvent@4454e89
[22:10:40] [Server thread/TRACE] [FML]:   Registry: 842 sexmod:girls.bia.huh.huh1 net.minecraft.util.SoundEvent@241093e8
[22:10:40] [Server thread/TRACE] [FML]:   Registry: 843 sexmod:girls.bia.huh.huh2 net.minecraft.util.SoundEvent@4d45f349
[22:10:40] [Server thread/TRACE] [FML]:   Registry: 844 sexmod:girls.bia.mmm.mmm0 net.minecraft.util.SoundEvent@6bed375d
[22:10:40] [Server thread/TRACE] [FML]:   Registry: 845 sexmod:girls.bia.mmm.mmm1 net.minecraft.util.SoundEvent@45721daf
[22:10:40] [Server thread/TRACE] [FML]:   Registry: 846 sexmod:girls.bia.mmm.mmm2 net.minecraft.util.SoundEvent@655d493a
[22:10:40] [Server thread/TRACE] [FML]:   Registry: 847 sexmod:girls.bia.mmm.mmm3 net.minecraft.util.SoundEvent@7e03163
[22:10:40] [Server thread/TRACE] [FML]:   Registry: 848 sexmod:girls.bia.mmm.mmm4 net.minecraft.util.SoundEvent@535a91d
[22:10:40] [Server thread/TRACE] [FML]:   Registry: 849 sexmod:girls.bia.mmm.mmm5 net.minecraft.util.SoundEvent@507f5371
[22:10:40] [Server thread/TRACE] [FML]:   Registry: 850 sexmod:girls.bia.mmm.mmm6 net.minecraft.util.SoundEvent@5f64c4dd
[22:10:40] [Server thread/TRACE] [FML]:   Registry: 851 sexmod:girls.bia.mmm.mmm7 net.minecraft.util.SoundEvent@59899d7b
[22:10:40] [Server thread/TRACE] [FML]:   Registry: 852 sexmod:girls.luna.ahh.ahh0 net.minecraft.util.SoundEvent@715caa16
[22:10:40] [Server thread/TRACE] [FML]:   Registry: 853 sexmod:girls.luna.ahh.ahh1 net.minecraft.util.SoundEvent@5b928b97
[22:10:40] [Server thread/TRACE] [FML]:   Registry: 854 sexmod:girls.luna.ahh.ahh2 net.minecraft.util.SoundEvent@2229fe14
[22:10:40] [Server thread/TRACE] [FML]:   Registry: 855 sexmod:girls.luna.ahh.ahh3 net.minecraft.util.SoundEvent@375edd6f
[22:10:40] [Server thread/TRACE] [FML]:   Registry: 856 sexmod:girls.luna.ahh.ahh4 net.minecraft.util.SoundEvent@2346cd88
[22:10:40] [Server thread/TRACE] [FML]:   Registry: 857 sexmod:girls.luna.ahh.ahh5 net.minecraft.util.SoundEvent@6cc73444
[22:10:40] [Server thread/TRACE] [FML]:   Registry: 858 sexmod:girls.luna.ahh.ahh6 net.minecraft.util.SoundEvent@173be96
[22:10:40] [Server thread/TRACE] [FML]:   Registry: 859 sexmod:girls.luna.ahh.ahh7 net.minecraft.util.SoundEvent@4007ae72
[22:10:40] [Server thread/TRACE] [FML]:   Registry: 860 sexmod:girls.luna.ahh.ahh8 net.minecraft.util.SoundEvent@55381177
[22:10:40] [Server thread/TRACE] [FML]:   Registry: 861 sexmod:girls.luna.ahh.ahh9 net.minecraft.util.SoundEvent@87a80
[22:10:40] [Server thread/TRACE] [FML]:   Registry: 862 sexmod:girls.luna.ahh.ahh10 net.minecraft.util.SoundEvent@1c13e319
[22:10:40] [Server thread/TRACE] [FML]:   Registry: 863 sexmod:girls.luna.ahh.ahh11 net.minecraft.util.SoundEvent@619aaad7
[22:10:40] [Server thread/TRACE] [FML]:   Registry: 864 sexmod:girls.luna.ahh.ahh12 net.minecraft.util.SoundEvent@743cac3a
[22:10:40] [Server thread/TRACE] [FML]:   Registry: 865 sexmod:girls.luna.ahh.ahh13 net.minecraft.util.SoundEvent@37231447
[22:10:40] [Server thread/TRACE] [FML]:   Registry: 866 sexmod:girls.luna.ahh.ahh14 net.minecraft.util.SoundEvent@34ab3291
[22:10:40] [Server thread/TRACE] [FML]:   Registry: 867 sexmod:girls.luna.ahh.ahh15 net.minecraft.util.SoundEvent@53fac1
[22:10:40] [Server thread/TRACE] [FML]:   Registry: 868 sexmod:girls.luna.ahh.ahh16 net.minecraft.util.SoundEvent@111fcb8d
[22:10:40] [Server thread/TRACE] [FML]:   Registry: 869 sexmod:girls.luna.ahh.ahh17 net.minecraft.util.SoundEvent@3eb174c5
[22:10:40] [Server thread/TRACE] [FML]:   Registry: 870 sexmod:girls.luna.cutenya.cutenya0 net.minecraft.util.SoundEvent@5363e638
[22:10:40] [Server thread/TRACE] [FML]:   Registry: 871 sexmod:girls.luna.cutenya.cutenya1 net.minecraft.util.SoundEvent@4cf99b67
[22:10:40] [Server thread/TRACE] [FML]:   Registry: 872 sexmod:girls.luna.cutenya.cutenya2 net.minecraft.util.SoundEvent@23d572d6
[22:10:40] [Server thread/TRACE] [FML]:   Registry: 873 sexmod:girls.luna.cutenya.cutenya3 net.minecraft.util.SoundEvent@16f73d35
[22:10:40] [Server thread/TRACE] [FML]:   Registry: 874 sexmod:girls.luna.cutenya.cutenya4 net.minecraft.util.SoundEvent@5ae94bf5
[22:10:40] [Server thread/TRACE] [FML]:   Registry: 875 sexmod:girls.luna.cutenya.cutenya5 net.minecraft.util.SoundEvent@5a4bc16c
[22:10:40] [Server thread/TRACE] [FML]:   Registry: 876 sexmod:girls.luna.cutenya.cutenya6 net.minecraft.util.SoundEvent@52805b31
[22:10:40] [Server thread/TRACE] [FML]:   Registry: 877 sexmod:girls.luna.cutenya.cutenya7 net.minecraft.util.SoundEvent@7d31dac1
[22:10:40] [Server thread/TRACE] [FML]:   Registry: 878 sexmod:girls.luna.cutenya.cutenya8 net.minecraft.util.SoundEvent@6d979071
[22:10:40] [Server thread/TRACE] [FML]:   Registry: 879 sexmod:girls.luna.cutenya.cutenya9 net.minecraft.util.SoundEvent@69536c0e
[22:10:40] [Server thread/TRACE] [FML]:   Registry: 880 sexmod:girls.luna.cutenya.cutenya10 net.minecraft.util.SoundEvent@395aebc6
[22:10:40] [Server thread/TRACE] [FML]:   Registry: 881 sexmod:girls.luna.cutenya.cutenya11 net.minecraft.util.SoundEvent@4aced9fe
[22:10:40] [Server thread/TRACE] [FML]:   Registry: 882 sexmod:girls.luna.happyoh.happyoh0 net.minecraft.util.SoundEvent@1b8bdcce
[22:10:40] [Server thread/TRACE] [FML]:   Registry: 883 sexmod:girls.luna.happyoh.happyoh1 net.minecraft.util.SoundEvent@694af0ad
[22:10:40] [Server thread/TRACE] [FML]:   Registry: 884 sexmod:girls.luna.happyoh.happyoh2 net.minecraft.util.SoundEvent@7a03299
[22:10:40] [Server thread/TRACE] [FML]:   Registry: 885 sexmod:girls.luna.happyoh.happyoh3 net.minecraft.util.SoundEvent@3b9d1aba
[22:10:40] [Server thread/TRACE] [FML]:   Registry: 886 sexmod:girls.luna.happyoh.happyoh4 net.minecraft.util.SoundEvent@7eb5dcab
[22:10:40] [Server thread/TRACE] [FML]:   Registry: 887 sexmod:girls.luna.happyoh.happyoh5 net.minecraft.util.SoundEvent@40c48448
[22:10:40] [Server thread/TRACE] [FML]:   Registry: 888 sexmod:girls.luna.happyoh.happyoh6 net.minecraft.util.SoundEvent@46f65233
[22:10:40] [Server thread/TRACE] [FML]:   Registry: 889 sexmod:girls.luna.happyoh.happyoh7 net.minecraft.util.SoundEvent@156dc89d
[22:10:40] [Server thread/TRACE] [FML]:   Registry: 890 sexmod:girls.luna.hmph.hmph0 net.minecraft.util.SoundEvent@45ed1e1f
[22:10:40] [Server thread/TRACE] [FML]:   Registry: 891 sexmod:girls.luna.hmph.hmph1 net.minecraft.util.SoundEvent@21ef242e
[22:10:40] [Server thread/TRACE] [FML]:   Registry: 892 sexmod:girls.luna.hmph.hmph2 net.minecraft.util.SoundEvent@55fc8dea
[22:10:40] [Server thread/TRACE] [FML]:   Registry: 893 sexmod:girls.luna.hmph.hmph3 net.minecraft.util.SoundEvent@2eae8ee8
[22:10:40] [Server thread/TRACE] [FML]:   Registry: 894 sexmod:girls.luna.hmph.hmph4 net.minecraft.util.SoundEvent@31e70c4
[22:10:40] [Server thread/TRACE] [FML]:   Registry: 895 sexmod:girls.luna.hmph.hmph5 net.minecraft.util.SoundEvent@5b88fadd
[22:10:40] [Server thread/TRACE] [FML]:   Registry: 896 sexmod:girls.luna.horninya.horninya0 net.minecraft.util.SoundEvent@6aaaaf9b
[22:10:40] [Server thread/TRACE] [FML]:   Registry: 897 sexmod:girls.luna.horninya.horninya1 net.minecraft.util.SoundEvent@3029b5e8
[22:10:40] [Server thread/TRACE] [FML]:   Registry: 898 sexmod:girls.luna.horninya.horninya2 net.minecraft.util.SoundEvent@40c17b79
[22:10:40] [Server thread/TRACE] [FML]:   Registry: 899 sexmod:girls.luna.horninya.horninya3 net.minecraft.util.SoundEvent@5c033fae
[22:10:40] [Server thread/TRACE] [FML]:   Registry: 900 sexmod:girls.luna.horninya.horninya4 net.minecraft.util.SoundEvent@63ea85c2
[22:10:40] [Server thread/TRACE] [FML]:   Registry: 901 sexmod:girls.luna.horninya.horninya5 net.minecraft.util.SoundEvent@1e11eaa2
[22:10:40] [Server thread/TRACE] [FML]:   Registry: 902 sexmod:girls.luna.horninya.horninya6 net.minecraft.util.SoundEvent@554050aa
[22:10:40] [Server thread/TRACE] [FML]:   Registry: 903 sexmod:girls.luna.horninya.horninya7 net.minecraft.util.SoundEvent@107bfbe3
[22:10:40] [Server thread/TRACE] [FML]:   Registry: 904 sexmod:girls.luna.horninya.horninya8 net.minecraft.util.SoundEvent@2708a8bb
[22:10:40] [Server thread/TRACE] [FML]:   Registry: 905 sexmod:girls.luna.horninya.horninya9 net.minecraft.util.SoundEvent@365d0202
[22:10:40] [Server thread/TRACE] [FML]:   Registry: 906 sexmod:girls.luna.huh.huh0 net.minecraft.util.SoundEvent@614fd163
[22:10:40] [Server thread/TRACE] [FML]:   Registry: 907 sexmod:girls.luna.huh.huh1 net.minecraft.util.SoundEvent@2e249a4a
[22:10:40] [Server thread/TRACE] [FML]:   Registry: 908 sexmod:girls.luna.huh.huh2 net.minecraft.util.SoundEvent@4c8bb245
[22:10:40] [Server thread/TRACE] [FML]:   Registry: 909 sexmod:girls.luna.huh.huh3 net.minecraft.util.SoundEvent@1298e4c4
[22:10:40] [Server thread/TRACE] [FML]:   Registry: 910 sexmod:girls.luna.huh.huh4 net.minecraft.util.SoundEvent@d43eb3d
[22:10:40] [Server thread/TRACE] [FML]:   Registry: 911 sexmod:girls.luna.lightbreathing.lightbreathing0 net.minecraft.util.SoundEvent@73fd615
[22:10:40] [Server thread/TRACE] [FML]:   Registry: 912 sexmod:girls.luna.lightbreathing.lightbreathing1 net.minecraft.util.SoundEvent@1637452d
[22:10:40] [Server thread/TRACE] [FML]:   Registry: 913 sexmod:girls.luna.lightbreathing.lightbreathing2 net.minecraft.util.SoundEvent@435c2deb
[22:10:40] [Server thread/TRACE] [FML]:   Registry: 914 sexmod:girls.luna.lightbreathing.lightbreathing3 net.minecraft.util.SoundEvent@51543cbe
[22:10:40] [Server thread/TRACE] [FML]:   Registry: 915 sexmod:girls.luna.lightbreathing.lightbreathing4 net.minecraft.util.SoundEvent@28a2c7ff
[22:10:40] [Server thread/TRACE] [FML]:   Registry: 916 sexmod:girls.luna.lightbreathing.lightbreathing5 net.minecraft.util.SoundEvent@490f1eb
[22:10:40] [Server thread/TRACE] [FML]:   Registry: 917 sexmod:girls.luna.lightbreathing.lightbreathing6 net.minecraft.util.SoundEvent@2601b7e7
[22:10:40] [Server thread/TRACE] [FML]:   Registry: 918 sexmod:girls.luna.lightbreathing.lightbreathing7 net.minecraft.util.SoundEvent@5640de55
[22:10:40] [Server thread/TRACE] [FML]:   Registry: 919 sexmod:girls.luna.lightbreathing.lightbreathing8 net.minecraft.util.SoundEvent@68e3765d
[22:10:40] [Server thread/TRACE] [FML]:   Registry: 920 sexmod:girls.luna.lightbreathing.lightbreathing9 net.minecraft.util.SoundEvent@6b7fcd03
[22:10:40] [Server thread/TRACE] [FML]:   Registry: 921 sexmod:girls.luna.lightbreathing.lightbreathing10 net.minecraft.util.SoundEvent@406ae104
[22:10:40] [Server thread/TRACE] [FML]:   Registry: 922 sexmod:girls.luna.lightbreathing.lightbreathing11 net.minecraft.util.SoundEvent@10882d2a
[22:10:40] [Server thread/TRACE] [FML]:   Registry: 923 sexmod:girls.luna.lightbreathing.lightbreathing12 net.minecraft.util.SoundEvent@63aae0f8
[22:10:40] [Server thread/TRACE] [FML]:   Registry: 924 sexmod:girls.luna.lightbreathing.lightbreathing13 net.minecraft.util.SoundEvent@76a82e5b
[22:10:40] [Server thread/TRACE] [FML]:   Registry: 925 sexmod:girls.luna.lightbreathing.lightbreathing14 net.minecraft.util.SoundEvent@61dd834b
[22:10:40] [Server thread/TRACE] [FML]:   Registry: 926 sexmod:girls.luna.lightbreathing.lightbreathing15 net.minecraft.util.SoundEvent@306d1327
[22:10:40] [Server thread/TRACE] [FML]:   Registry: 927 sexmod:girls.luna.lightbreathing.lightbreathing16 net.minecraft.util.SoundEvent@4f498f2
[22:10:40] [Server thread/TRACE] [FML]:   Registry: 928 sexmod:girls.luna.lightbreathing.lightbreathing17 net.minecraft.util.SoundEvent@3319b4c1
[22:10:40] [Server thread/TRACE] [FML]:   Registry: 929 sexmod:girls.luna.lightbreathing.lightbreathing18 net.minecraft.util.SoundEvent@3e53ae32
[22:10:40] [Server thread/TRACE] [FML]:   Registry: 930 sexmod:girls.luna.lightbreathing.lightbreathing19 net.minecraft.util.SoundEvent@66ff66f4
[22:10:40] [Server thread/TRACE] [FML]:   Registry: 931 sexmod:girls.luna.lightbreathing.lightbreathing20 net.minecraft.util.SoundEvent@466c41d1
[22:10:40] [Server thread/TRACE] [FML]:   Registry: 932 sexmod:girls.luna.lightbreathing.lightbreathing21 net.minecraft.util.SoundEvent@382d4a61
[22:10:40] [Server thread/TRACE] [FML]:   Registry: 933 sexmod:girls.luna.lightbreathing.lightbreathing22 net.minecraft.util.SoundEvent@1b2c4168
[22:10:40] [Server thread/TRACE] [FML]:   Registry: 934 sexmod:girls.luna.lightbreathing.lightbreathing23 net.minecraft.util.SoundEvent@6f95c3f
[22:10:40] [Server thread/TRACE] [FML]:   Registry: 935 sexmod:girls.luna.lightbreathing.lightbreathing24 net.minecraft.util.SoundEvent@22bfe7f8
[22:10:40] [Server thread/TRACE] [FML]:   Registry: 936 sexmod:girls.luna.mmm.mmm0 net.minecraft.util.SoundEvent@7013cf8c
[22:10:40] [Server thread/TRACE] [FML]:   Registry: 937 sexmod:girls.luna.mmm.mmm1 net.minecraft.util.SoundEvent@9cde7e7
[22:10:40] [Server thread/TRACE] [FML]:   Registry: 938 sexmod:girls.luna.mmm.mmm2 net.minecraft.util.SoundEvent@45994a45
[22:10:40] [Server thread/TRACE] [FML]:   Registry: 939 sexmod:girls.luna.mmm.mmm3 net.minecraft.util.SoundEvent@1844f529
[22:10:40] [Server thread/TRACE] [FML]:   Registry: 940 sexmod:girls.luna.mmm.mmm4 net.minecraft.util.SoundEvent@76c52602
[22:10:40] [Server thread/TRACE] [FML]:   Registry: 941 sexmod:girls.luna.mmm.mmm5 net.minecraft.util.SoundEvent@10d105e2
[22:10:40] [Server thread/TRACE] [FML]:   Registry: 942 sexmod:girls.luna.mmm.mmm6 net.minecraft.util.SoundEvent@1f15bedf
[22:10:40] [Server thread/TRACE] [FML]:   Registry: 943 sexmod:girls.luna.mmm.mmm7 net.minecraft.util.SoundEvent@2047fda9
[22:10:40] [Server thread/TRACE] [FML]:   Registry: 944 sexmod:girls.luna.moan.moan0 net.minecraft.util.SoundEvent@7fed3a95
[22:10:40] [Server thread/TRACE] [FML]:   Registry: 945 sexmod:girls.luna.moan.moan1 net.minecraft.util.SoundEvent@670bde9f
[22:10:40] [Server thread/TRACE] [FML]:   Registry: 946 sexmod:girls.luna.moan.moan2 net.minecraft.util.SoundEvent@55da77e7
[22:10:40] [Server thread/TRACE] [FML]:   Registry: 947 sexmod:girls.luna.moan.moan3 net.minecraft.util.SoundEvent@4a6f6240
[22:10:40] [Server thread/TRACE] [FML]:   Registry: 948 sexmod:girls.luna.moan.moan4 net.minecraft.util.SoundEvent@5c40c00a
[22:10:40] [Server thread/TRACE] [FML]:   Registry: 949 sexmod:girls.luna.moan.moan5 net.minecraft.util.SoundEvent@6586123b
[22:10:40] [Server thread/TRACE] [FML]:   Registry: 950 sexmod:girls.luna.moan.moan6 net.minecraft.util.SoundEvent@63653423
[22:10:40] [Server thread/TRACE] [FML]:   Registry: 951 sexmod:girls.luna.moan.moan7 net.minecraft.util.SoundEvent@5229376d
[22:10:40] [Server thread/TRACE] [FML]:   Registry: 952 sexmod:girls.luna.moan.moan8 net.minecraft.util.SoundEvent@833fdb2
[22:10:40] [Server thread/TRACE] [FML]:   Registry: 953 sexmod:girls.luna.moan.moan9 net.minecraft.util.SoundEvent@5d713145
[22:10:40] [Server thread/TRACE] [FML]:   Registry: 954 sexmod:girls.luna.sadoh.sadoh0 net.minecraft.util.SoundEvent@177fc2e4
[22:10:40] [Server thread/TRACE] [FML]:   Registry: 955 sexmod:girls.luna.sadoh.sadoh1 net.minecraft.util.SoundEvent@c760d39
[22:10:40] [Server thread/TRACE] [FML]:   Registry: 956 sexmod:girls.luna.sadoh.sadoh2 net.minecraft.util.SoundEvent@1bbfaf68
[22:10:40] [Server thread/TRACE] [FML]:   Registry: 957 sexmod:girls.luna.sadoh.sadoh3 net.minecraft.util.SoundEvent@4f105e43
[22:10:40] [Server thread/TRACE] [FML]:   Registry: 958 sexmod:girls.luna.sadoh.sadoh4 net.minecraft.util.SoundEvent@2691cda7
[22:10:40] [Server thread/TRACE] [FML]:   Registry: 959 sexmod:girls.luna.sadoh.sadoh5 net.minecraft.util.SoundEvent@1ab21389
[22:10:40] [Server thread/TRACE] [FML]:   Registry: 960 sexmod:girls.luna.sadoh.sadoh6 net.minecraft.util.SoundEvent@7c103b58
[22:10:40] [Server thread/TRACE] [FML]:   Registry: 961 sexmod:girls.luna.sigh.sigh0 net.minecraft.util.SoundEvent@31bf90df
[22:10:40] [Server thread/TRACE] [FML]:   Registry: 962 sexmod:girls.luna.sigh.sigh1 net.minecraft.util.SoundEvent@19eb9fba
[22:10:40] [Server thread/TRACE] [FML]:   Registry: 963 sexmod:girls.luna.sigh.sigh2 net.minecraft.util.SoundEvent@134ff955
[22:10:40] [Server thread/TRACE] [FML]:   Registry: 964 sexmod:girls.luna.sigh.sigh3 net.minecraft.util.SoundEvent@6e78ca9f
[22:10:40] [Server thread/TRACE] [FML]:   Registry: 965 sexmod:girls.luna.sigh.sigh4 net.minecraft.util.SoundEvent@238c86e7
[22:10:40] [Server thread/TRACE] [FML]:   Registry: 966 sexmod:girls.luna.sigh.sigh5 net.minecraft.util.SoundEvent@665fdb63
[22:10:40] [Server thread/TRACE] [FML]:   Registry: 967 sexmod:girls.luna.sigh.sigh6 net.minecraft.util.SoundEvent@ab613ac
[22:10:40] [Server thread/TRACE] [FML]:   Registry: 968 sexmod:girls.luna.sigh.sigh7 net.minecraft.util.SoundEvent@22b21c57
[22:10:40] [Server thread/TRACE] [FML]:   Registry: 969 sexmod:girls.luna.singing.singing0 net.minecraft.util.SoundEvent@654e0d58
[22:10:40] [Server thread/TRACE] [FML]:   Registry: 970 sexmod:girls.luna.singing.singing1 net.minecraft.util.SoundEvent@7dd25651
[22:10:40] [Server thread/TRACE] [FML]:   Registry: 971 sexmod:girls.luna.singing.singing2 net.minecraft.util.SoundEvent@47c31134
[22:10:40] [Server thread/TRACE] [FML]:   Registry: 972 sexmod:girls.luna.singing.singing3 net.minecraft.util.SoundEvent@75a1fd3f
[22:10:40] [Server thread/TRACE] [FML]:   Registry: 973 sexmod:girls.luna.singing.singing4 net.minecraft.util.SoundEvent@60100a1e
[22:10:40] [Server thread/TRACE] [FML]:   Registry: 974 sexmod:girls.luna.singing.singing5 net.minecraft.util.SoundEvent@f1fb893
[22:10:40] [Server thread/TRACE] [FML]:   Registry: 975 sexmod:girls.luna.singing.singing6 net.minecraft.util.SoundEvent@508a42f5
[22:10:40] [Server thread/TRACE] [FML]:   Registry: 976 sexmod:girls.luna.singing.singing7 net.minecraft.util.SoundEvent@2a3815de
[22:10:40] [Server thread/TRACE] [FML]:   Registry: 977 sexmod:girls.luna.giggle.giggle0 net.minecraft.util.SoundEvent@4a98aa7d
[22:10:40] [Server thread/TRACE] [FML]:   Registry: 978 sexmod:girls.luna.giggle.giggle1 net.minecraft.util.SoundEvent@38b1489d
[22:10:40] [Server thread/TRACE] [FML]:   Registry: 979 sexmod:girls.luna.giggle.giggle2 net.minecraft.util.SoundEvent@3aae3894
[22:10:40] [Server thread/TRACE] [FML]:   Registry: 980 sexmod:girls.luna.giggle.giggle3 net.minecraft.util.SoundEvent@50d25cfa
[22:10:40] [Server thread/TRACE] [FML]:   Registry: 981 sexmod:girls.luna.giggle.giggle4 net.minecraft.util.SoundEvent@5f16dfdf
[22:10:40] [Server thread/TRACE] [FML]:   Registry: 982 sexmod:girls.luna.giggle.giggle5 net.minecraft.util.SoundEvent@6d518100
[22:10:40] [Server thread/TRACE] [FML]:   Registry: 983 sexmod:girls.luna.giggle.giggle6 net.minecraft.util.SoundEvent@26f06ea6
[22:10:40] [Server thread/TRACE] [FML]:   Registry: 984 sexmod:girls.luna.giggle.giggle7 net.minecraft.util.SoundEvent@6407d30e
[22:10:40] [Server thread/TRACE] [FML]:   Registry: 985 sexmod:girls.luna.giggle.giggle8 net.minecraft.util.SoundEvent@d060076
[22:10:40] [Server thread/TRACE] [FML]:   Registry: 986 sexmod:girls.luna.giggle.giggle9 net.minecraft.util.SoundEvent@6c3ed957
[22:10:40] [Server thread/TRACE] [FML]:   Registry: 987 sexmod:girls.luna.giggle.giggle10 net.minecraft.util.SoundEvent@491e0f28
[22:10:40] [Server thread/TRACE] [FML]:   Registry: 988 sexmod:girls.luna.giggle.giggle11 net.minecraft.util.SoundEvent@135b2aa6
[22:10:40] [Server thread/TRACE] [FML]:   Registry: 989 sexmod:girls.luna.giggle.giggle12 net.minecraft.util.SoundEvent@2e639d0b
[22:10:40] [Server thread/TRACE] [FML]:   Registry: 990 sexmod:girls.luna.giggle.giggle13 net.minecraft.util.SoundEvent@340d0df1
[22:10:40] [Server thread/TRACE] [FML]:   Registry: 991 sexmod:girls.luna.giggle.giggle14 net.minecraft.util.SoundEvent@d533317
[22:10:40] [Server thread/TRACE] [FML]:   Registry: 992 sexmod:girls.luna.ouu.ouu0 net.minecraft.util.SoundEvent@47973601
[22:10:40] [Server thread/TRACE] [FML]:   Registry: 993 sexmod:girls.luna.ouu.ouu1 net.minecraft.util.SoundEvent@752e703d
[22:10:40] [Server thread/TRACE] [FML]:   Registry: 994 sexmod:girls.luna.ouu.ouu2 net.minecraft.util.SoundEvent@299099ec
[22:10:40] [Server thread/TRACE] [FML]:   Registry: 995 sexmod:girls.luna.ouu.ouu3 net.minecraft.util.SoundEvent@3d4fcc42
[22:10:40] [Server thread/TRACE] [FML]:   Registry: 996 sexmod:girls.luna.ouu.ouu4 net.minecraft.util.SoundEvent@4396c2d4
[22:10:40] [Server thread/TRACE] [FML]:   Registry: 997 sexmod:girls.luna.ouu.ouu5 net.minecraft.util.SoundEvent@453ffd03
[22:10:40] [Server thread/TRACE] [FML]:   Registry: 998 sexmod:girls.luna.ouu.ouu6 net.minecraft.util.SoundEvent@684d53b1
[22:10:40] [Server thread/TRACE] [FML]:   Registry: 999 sexmod:girls.luna.ouu.ouu7 net.minecraft.util.SoundEvent@2ba3af26
[22:10:40] [Server thread/TRACE] [FML]:   Registry: 1000 sexmod:girls.luna.ouu.ouu8 net.minecraft.util.SoundEvent@5ed658e4
[22:10:40] [Server thread/TRACE] [FML]:   Registry: 1001 sexmod:girls.luna.ouu.ouu9 net.minecraft.util.SoundEvent@64bb61d8
[22:10:40] [Server thread/TRACE] [FML]:   Registry: 1002 sexmod:girls.luna.ouu.ouu10 net.minecraft.util.SoundEvent@66697625
[22:10:40] [Server thread/TRACE] [FML]:   Registry: 1003 sexmod:girls.luna.ouu.ouu11 net.minecraft.util.SoundEvent@50052f51
[22:10:40] [Server thread/TRACE] [FML]:   Registry: 1004 sexmod:girls.luna.ouu.ouu12 net.minecraft.util.SoundEvent@3cf84ccd
[22:10:40] [Server thread/TRACE] [FML]:   Registry: 1005 sexmod:girls.luna.owo.owo0 net.minecraft.util.SoundEvent@3724f2b
[22:10:40] [Server thread/TRACE] [FML]:   Registry: 1006 sexmod:girls.luna.owo.owo1 net.minecraft.util.SoundEvent@2e07d93e
[22:10:40] [Server thread/TRACE] [FML]:   Registry: 1007 sexmod:girls.luna.owo.owo2 net.minecraft.util.SoundEvent@57010408
[22:10:40] [Server thread/TRACE] [FML]:   Registry: 1008 sexmod:girls.luna.owo.owo3 net.minecraft.util.SoundEvent@29e1b401
[22:10:40] [Server thread/TRACE] [FML]:   Registry: 1009 sexmod:girls.luna.owo.owo4 net.minecraft.util.SoundEvent@38fbad01
[22:10:40] [Server thread/TRACE] [FML]:   Registry: 1010 sexmod:girls.luna.owo.owo5 net.minecraft.util.SoundEvent@28254d09
[22:10:40] [Server thread/TRACE] [FML]:   Registry: 1011 sexmod:girls.luna.owo.owo6 net.minecraft.util.SoundEvent@775b2d41
[22:10:40] [Server thread/TRACE] [FML]:   Registry: 1012 sexmod:girls.luna.owo.owo7 net.minecraft.util.SoundEvent@533ede17
[22:10:40] [Server thread/TRACE] [FML]:   Registry: 1013 sexmod:girls.allie.aftersessionmoan.aftersessionmoan0 net.minecraft.util.SoundEvent@3648e2d4
[22:10:40] [Server thread/TRACE] [FML]:   Registry: 1014 sexmod:girls.allie.aftersessionmoan.aftersessionmoan1 net.minecraft.util.SoundEvent@3407bc11
[22:10:40] [Server thread/TRACE] [FML]:   Registry: 1015 sexmod:girls.allie.aftersessionmoan.aftersessionmoan2 net.minecraft.util.SoundEvent@1a98bef5
[22:10:40] [Server thread/TRACE] [FML]:   Registry: 1016 sexmod:girls.allie.aftersessionmoan.aftersessionmoan3 net.minecraft.util.SoundEvent@3ff315d7
[22:10:40] [Server thread/TRACE] [FML]:   Registry: 1017 sexmod:girls.allie.ahh.ahh0 net.minecraft.util.SoundEvent@4e5c1ebf
[22:10:40] [Server thread/TRACE] [FML]:   Registry: 1018 sexmod:girls.allie.ahh.ahh1 net.minecraft.util.SoundEvent@4732c451
[22:10:40] [Server thread/TRACE] [FML]:   Registry: 1019 sexmod:girls.allie.ahh.ahh2 net.minecraft.util.SoundEvent@1882a554
[22:10:40] [Server thread/TRACE] [FML]:   Registry: 1020 sexmod:girls.allie.ahh.ahh3 net.minecraft.util.SoundEvent@3ff8563e
[22:10:40] [Server thread/TRACE] [FML]:   Registry: 1021 sexmod:girls.allie.ahh.ahh4 net.minecraft.util.SoundEvent@11ff1e98
[22:10:40] [Server thread/TRACE] [FML]:   Registry: 1022 sexmod:girls.allie.ahh.ahh5 net.minecraft.util.SoundEvent@40be50ba
[22:10:40] [Server thread/TRACE] [FML]:   Registry: 1023 sexmod:girls.allie.ahh.ahh6 net.minecraft.util.SoundEvent@4d1be5fc
[22:10:40] [Server thread/TRACE] [FML]:   Registry: 1024 sexmod:girls.allie.ahh.ahh7 net.minecraft.util.SoundEvent@30af13c7
[22:10:40] [Server thread/TRACE] [FML]:   Registry: 1025 sexmod:girls.allie.ahh.ahh8 net.minecraft.util.SoundEvent@59cdc094
[22:10:40] [Server thread/TRACE] [FML]:   Registry: 1026 sexmod:girls.allie.ahh.ahh9 net.minecraft.util.SoundEvent@6bc47097
[22:10:40] [Server thread/TRACE] [FML]:   Registry: 1027 sexmod:girls.allie.bjmoan.bjmoan0 net.minecraft.util.SoundEvent@79e24c16
[22:10:40] [Server thread/TRACE] [FML]:   Registry: 1028 sexmod:girls.allie.bjmoan.bjmoan1 net.minecraft.util.SoundEvent@319b59c6
[22:10:40] [Server thread/TRACE] [FML]:   Registry: 1029 sexmod:girls.allie.bjmoan.bjmoan2 net.minecraft.util.SoundEvent@665f601
[22:10:40] [Server thread/TRACE] [FML]:   Registry: 1030 sexmod:girls.allie.bjmoan.bjmoan3 net.minecraft.util.SoundEvent@4e6d7e92
[22:10:40] [Server thread/TRACE] [FML]:   Registry: 1031 sexmod:girls.allie.bjmoan.bjmoan4 net.minecraft.util.SoundEvent@258409b5
[22:10:40] [Server thread/TRACE] [FML]:   Registry: 1032 sexmod:girls.allie.bjmoan.bjmoan5 net.minecraft.util.SoundEvent@4e3a31aa
[22:10:40] [Server thread/TRACE] [FML]:   Registry: 1033 sexmod:girls.allie.bjmoan.bjmoan6 net.minecraft.util.SoundEvent@67c60392
[22:10:40] [Server thread/TRACE] [FML]:   Registry: 1034 sexmod:girls.allie.bjmoan.bjmoan7 net.minecraft.util.SoundEvent@427a6816
[22:10:40] [Server thread/TRACE] [FML]:   Registry: 1035 sexmod:girls.allie.bjmoan.bjmoan8 net.minecraft.util.SoundEvent@47b6184d
[22:10:40] [Server thread/TRACE] [FML]:   Registry: 1036 sexmod:girls.allie.bjmoan.bjmoan9 net.minecraft.util.SoundEvent@581ed670
[22:10:40] [Server thread/TRACE] [FML]:   Registry: 1037 sexmod:girls.allie.bjmoan.bjmoan10 net.minecraft.util.SoundEvent@f138472
[22:10:40] [Server thread/TRACE] [FML]:   Registry: 1038 sexmod:girls.allie.bjmoan.bjmoan11 net.minecraft.util.SoundEvent@1e38675e
[22:10:40] [Server thread/TRACE] [FML]:   Registry: 1039 sexmod:girls.allie.bjmoan.bjmoan12 net.minecraft.util.SoundEvent@693b60a4
[22:10:40] [Server thread/TRACE] [FML]:   Registry: 1040 sexmod:girls.allie.bjmoan.bjmoan13 net.minecraft.util.SoundEvent@47b896a5
[22:10:40] [Server thread/TRACE] [FML]:   Registry: 1041 sexmod:girls.allie.giggle.giggle0 net.minecraft.util.SoundEvent@541bba34
[22:10:40] [Server thread/TRACE] [FML]:   Registry: 1042 sexmod:girls.allie.giggle.giggle1 net.minecraft.util.SoundEvent@9c4357e
[22:10:40] [Server thread/TRACE] [FML]:   Registry: 1043 sexmod:girls.allie.giggle.giggle2 net.minecraft.util.SoundEvent@3b484aa2
[22:10:40] [Server thread/TRACE] [FML]:   Registry: 1044 sexmod:girls.allie.giggle.giggle3 net.minecraft.util.SoundEvent@38c6eed0
[22:10:40] [Server thread/TRACE] [FML]:   Registry: 1045 sexmod:girls.allie.giggle.giggle4 net.minecraft.util.SoundEvent@310539e6
[22:10:40] [Server thread/TRACE] [FML]:   Registry: 1046 sexmod:girls.allie.happyoh.happyoh0 net.minecraft.util.SoundEvent@1942957d
[22:10:40] [Server thread/TRACE] [FML]:   Registry: 1047 sexmod:girls.allie.happyoh.happyoh1 net.minecraft.util.SoundEvent@60a6d1ad
[22:10:40] [Server thread/TRACE] [FML]:   Registry: 1048 sexmod:girls.allie.happyoh.happyoh2 net.minecraft.util.SoundEvent@6f191307
[22:10:40] [Server thread/TRACE] [FML]:   Registry: 1049 sexmod:girls.allie.heavybreathing.heavybreathing0 net.minecraft.util.SoundEvent@77cbcd0b
[22:10:40] [Server thread/TRACE] [FML]:   Registry: 1050 sexmod:girls.allie.heavybreathing.heavybreathing1 net.minecraft.util.SoundEvent@7a2f47f2
[22:10:40] [Server thread/TRACE] [FML]:   Registry: 1051 sexmod:girls.allie.heavybreathing.heavybreathing2 net.minecraft.util.SoundEvent@2cd2caa3
[22:10:40] [Server thread/TRACE] [FML]:   Registry: 1052 sexmod:girls.allie.heavybreathing.heavybreathing3 net.minecraft.util.SoundEvent@b746515
[22:10:40] [Server thread/TRACE] [FML]:   Registry: 1053 sexmod:girls.allie.heavybreathing.heavybreathing4 net.minecraft.util.SoundEvent@227e52e5
[22:10:40] [Server thread/TRACE] [FML]:   Registry: 1054 sexmod:girls.allie.heavybreathing.heavybreathing5 net.minecraft.util.SoundEvent@22ee818f
[22:10:40] [Server thread/TRACE] [FML]:   Registry: 1055 sexmod:girls.allie.heavybreathing.heavybreathing6 net.minecraft.util.SoundEvent@18d3d0a3
[22:10:40] [Server thread/TRACE] [FML]:   Registry: 1056 sexmod:girls.allie.heavybreathing.heavybreathing7 net.minecraft.util.SoundEvent@30275261
[22:10:40] [Server thread/TRACE] [FML]:   Registry: 1057 sexmod:girls.allie.hmph.hmph0 net.minecraft.util.SoundEvent@609ec7fa
[22:10:40] [Server thread/TRACE] [FML]:   Registry: 1058 sexmod:girls.allie.hmph.hmph1 net.minecraft.util.SoundEvent@362ad09f
[22:10:40] [Server thread/TRACE] [FML]:   Registry: 1059 sexmod:girls.allie.hmph.hmph2 net.minecraft.util.SoundEvent@307a4831
[22:10:40] [Server thread/TRACE] [FML]:   Registry: 1060 sexmod:girls.allie.hmph.hmph3 net.minecraft.util.SoundEvent@3ac4a005
[22:10:40] [Server thread/TRACE] [FML]:   Registry: 1061 sexmod:girls.allie.hmph.hmph4 net.minecraft.util.SoundEvent@2cf311b0
[22:10:40] [Server thread/TRACE] [FML]:   Registry: 1062 sexmod:girls.allie.huh.huh0 net.minecraft.util.SoundEvent@4c3d8299
[22:10:40] [Server thread/TRACE] [FML]:   Registry: 1063 sexmod:girls.allie.huh.huh1 net.minecraft.util.SoundEvent@2ee460ef
[22:10:40] [Server thread/TRACE] [FML]:   Registry: 1064 sexmod:girls.allie.lightbreathing.lightbreathing0 net.minecraft.util.SoundEvent@313f29be
[22:10:40] [Server thread/TRACE] [FML]:   Registry: 1065 sexmod:girls.allie.lightbreathing.lightbreathing1 net.minecraft.util.SoundEvent@575c0b8
[22:10:40] [Server thread/TRACE] [FML]:   Registry: 1066 sexmod:girls.allie.lightbreathing.lightbreathing2 net.minecraft.util.SoundEvent@257ca3c5
[22:10:40] [Server thread/TRACE] [FML]:   Registry: 1067 sexmod:girls.allie.lightbreathing.lightbreathing3 net.minecraft.util.SoundEvent@28925c9d
[22:10:40] [Server thread/TRACE] [FML]:   Registry: 1068 sexmod:girls.allie.lightbreathing.lightbreathing4 net.minecraft.util.SoundEvent@6028f2e8
[22:10:40] [Server thread/TRACE] [FML]:   Registry: 1069 sexmod:girls.allie.lightbreathing.lightbreathing5 net.minecraft.util.SoundEvent@4bf39e55
[22:10:40] [Server thread/TRACE] [FML]:   Registry: 1070 sexmod:girls.allie.lightbreathing.lightbreathing6 net.minecraft.util.SoundEvent@b517e65
[22:10:40] [Server thread/TRACE] [FML]:   Registry: 1071 sexmod:girls.allie.lightbreathing.lightbreathing7 net.minecraft.util.SoundEvent@319dad26
[22:10:40] [Server thread/TRACE] [FML]:   Registry: 1072 sexmod:girls.allie.lightbreathing.lightbreathing8 net.minecraft.util.SoundEvent@1685a64f
[22:10:40] [Server thread/TRACE] [FML]:   Registry: 1073 sexmod:girls.allie.lightbreathing.lightbreathing9 net.minecraft.util.SoundEvent@415383fc
[22:10:40] [Server thread/TRACE] [FML]:   Registry: 1074 sexmod:girls.allie.lightbreathing.lightbreathing10 net.minecraft.util.SoundEvent@41f17fe5
[22:10:40] [Server thread/TRACE] [FML]:   Registry: 1075 sexmod:girls.allie.lipsound.lipsound0 net.minecraft.util.SoundEvent@1dd91e60
[22:10:40] [Server thread/TRACE] [FML]:   Registry: 1076 sexmod:girls.allie.lipsound.lipsound1 net.minecraft.util.SoundEvent@26d5644a
[22:10:40] [Server thread/TRACE] [FML]:   Registry: 1077 sexmod:girls.allie.lipsound.lipsound2 net.minecraft.util.SoundEvent@7b444f0f
[22:10:40] [Server thread/TRACE] [FML]:   Registry: 1078 sexmod:girls.allie.lipsound.lipsound3 net.minecraft.util.SoundEvent@318009d5
[22:10:40] [Server thread/TRACE] [FML]:   Registry: 1079 sexmod:girls.allie.lipsound.lipsound4 net.minecraft.util.SoundEvent@64ff3b9b
[22:10:40] [Server thread/TRACE] [FML]:   Registry: 1080 sexmod:girls.allie.lipsound.lipsound5 net.minecraft.util.SoundEvent@6985f47a
[22:10:40] [Server thread/TRACE] [FML]:   Registry: 1081 sexmod:girls.allie.lipsound.lipsound6 net.minecraft.util.SoundEvent@3060e272
[22:10:40] [Server thread/TRACE] [FML]:   Registry: 1082 sexmod:girls.allie.lipsound.lipsound7 net.minecraft.util.SoundEvent@19f8b0a
[22:10:40] [Server thread/TRACE] [FML]:   Registry: 1083 sexmod:girls.allie.lipsound.lipsound8 net.minecraft.util.SoundEvent@1c214b41
[22:10:40] [Server thread/TRACE] [FML]:   Registry: 1084 sexmod:girls.allie.lipsound.lipsound9 net.minecraft.util.SoundEvent@5ac15a9b
[22:10:40] [Server thread/TRACE] [FML]:   Registry: 1085 sexmod:girls.allie.lipsound.lipsound10 net.minecraft.util.SoundEvent@6d8550c3
[22:10:40] [Server thread/TRACE] [FML]:   Registry: 1086 sexmod:girls.allie.lipsound.lipsound11 net.minecraft.util.SoundEvent@10bf41a2
[22:10:40] [Server thread/TRACE] [FML]:   Registry: 1087 sexmod:girls.allie.lipsound.lipsound12 net.minecraft.util.SoundEvent@6526bb7
[22:10:40] [Server thread/TRACE] [FML]:   Registry: 1088 sexmod:girls.allie.lipsound.lipsound13 net.minecraft.util.SoundEvent@5617fc64
[22:10:40] [Server thread/TRACE] [FML]:   Registry: 1089 sexmod:girls.allie.mmm.mmm0 net.minecraft.util.SoundEvent@1153bd2d
[22:10:40] [Server thread/TRACE] [FML]:   Registry: 1090 sexmod:girls.allie.mmm.mmm1 net.minecraft.util.SoundEvent@7b8b5cf4
[22:10:40] [Server thread/TRACE] [FML]:   Registry: 1091 sexmod:girls.allie.mmm.mmm2 net.minecraft.util.SoundEvent@6e118fe1
[22:10:40] [Server thread/TRACE] [FML]:   Registry: 1092 sexmod:girls.allie.mmm.mmm3 net.minecraft.util.SoundEvent@70cba9b
[22:10:40] [Server thread/TRACE] [FML]:   Registry: 1093 sexmod:girls.allie.mmm.mmm4 net.minecraft.util.SoundEvent@b3ad582
[22:10:40] [Server thread/TRACE] [FML]:   Registry: 1094 sexmod:girls.allie.mmm.mmm5 net.minecraft.util.SoundEvent@2a7754ed
[22:10:40] [Server thread/TRACE] [FML]:   Registry: 1095 sexmod:girls.allie.mmm.mmm6 net.minecraft.util.SoundEvent@487ba8c5
[22:10:40] [Server thread/TRACE] [FML]:   Registry: 1096 sexmod:girls.allie.mmm.mmm7 net.minecraft.util.SoundEvent@2ac10b33
[22:10:40] [Server thread/TRACE] [FML]:   Registry: 1097 sexmod:girls.allie.mmm.mmm8 net.minecraft.util.SoundEvent@770a4d2c
[22:10:40] [Server thread/TRACE] [FML]:   Registry: 1098 sexmod:girls.allie.mmm.mmm9 net.minecraft.util.SoundEvent@67cabf1c
[22:10:40] [Server thread/TRACE] [FML]:   Registry: 1099 sexmod:girls.allie.moan.moan0 net.minecraft.util.SoundEvent@72e21ea0
[22:10:40] [Server thread/TRACE] [FML]:   Registry: 1100 sexmod:girls.allie.moan.moan1 net.minecraft.util.SoundEvent@50d80b5c
[22:10:40] [Server thread/TRACE] [FML]:   Registry: 1101 sexmod:girls.allie.moan.moan2 net.minecraft.util.SoundEvent@751e4f46
[22:10:40] [Server thread/TRACE] [FML]:   Registry: 1102 sexmod:girls.allie.moan.moan3 net.minecraft.util.SoundEvent@479e3ca6
[22:10:40] [Server thread/TRACE] [FML]:   Registry: 1103 sexmod:girls.allie.moan.moan4 net.minecraft.util.SoundEvent@256b3deb
[22:10:40] [Server thread/TRACE] [FML]:   Registry: 1104 sexmod:girls.allie.moan.moan5 net.minecraft.util.SoundEvent@357940f1
[22:10:40] [Server thread/TRACE] [FML]:   Registry: 1105 sexmod:girls.allie.moan.moan6 net.minecraft.util.SoundEvent@321a5d67
[22:10:40] [Server thread/TRACE] [FML]:   Registry: 1106 sexmod:girls.allie.moan.moan7 net.minecraft.util.SoundEvent@4d72c8e
[22:10:40] [Server thread/TRACE] [FML]:   Registry: 1107 sexmod:girls.allie.sadoh.sadoh0 net.minecraft.util.SoundEvent@78afdd9a
[22:10:40] [Server thread/TRACE] [FML]:   Registry: 1108 sexmod:girls.allie.sadoh.sadoh1 net.minecraft.util.SoundEvent@72e64b6
[22:10:40] [Server thread/TRACE] [FML]:   Registry: 1109 sexmod:girls.allie.sigh.sigh0 net.minecraft.util.SoundEvent@673fe051
[22:10:40] [Server thread/TRACE] [FML]:   Registry: 1110 sexmod:girls.allie.sigh.sigh1 net.minecraft.util.SoundEvent@5ab10364
[22:10:40] [Server thread/TRACE] [FML]:   Registry: 1111 sexmod:girls.allie.scawy.scawy0 net.minecraft.util.SoundEvent@5cf446a5
[22:10:40] [Server thread/TRACE] [FML]:   Registry: 1112 sexmod:girls.allie.scawy.scawy1 net.minecraft.util.SoundEvent@280b9259
[22:10:40] [Server thread/TRACE] [FML]:   Registry: 1113 sexmod:girls.allie.scawy.scawy2 net.minecraft.util.SoundEvent@30aed261
[22:10:40] [Server thread/TRACE] [FML]:   Registry: 1114 sexmod:girls.kobold.bjmoan.bjmoan0 net.minecraft.util.SoundEvent@62d65d33
[22:10:40] [Server thread/TRACE] [FML]:   Registry: 1115 sexmod:girls.kobold.bjmoan.bjmoan1 net.minecraft.util.SoundEvent@1ce9eea2
[22:10:40] [Server thread/TRACE] [FML]:   Registry: 1116 sexmod:girls.kobold.bjmoan.bjmoan2 net.minecraft.util.SoundEvent@68842e3c
[22:10:40] [Server thread/TRACE] [FML]:   Registry: 1117 sexmod:girls.kobold.bjmoan.bjmoan3 net.minecraft.util.SoundEvent@2effd497
[22:10:40] [Server thread/TRACE] [FML]:   Registry: 1118 sexmod:girls.kobold.bjmoan.bjmoan4 net.minecraft.util.SoundEvent@7e903bbe
[22:10:40] [Server thread/TRACE] [FML]:   Registry: 1119 sexmod:girls.kobold.bjmoan.bjmoan5 net.minecraft.util.SoundEvent@2d5f4630
[22:10:40] [Server thread/TRACE] [FML]:   Registry: 1120 sexmod:girls.kobold.bjmoan.bjmoan6 net.minecraft.util.SoundEvent@64636869
[22:10:40] [Server thread/TRACE] [FML]:   Registry: 1121 sexmod:girls.kobold.bjmoan.bjmoan7 net.minecraft.util.SoundEvent@3468531e
[22:10:40] [Server thread/TRACE] [FML]:   Registry: 1122 sexmod:girls.kobold.bjmoan.bjmoan8 net.minecraft.util.SoundEvent@4b5ad3e6
[22:10:40] [Server thread/TRACE] [FML]:   Registry: 1123 sexmod:girls.kobold.bjmoan.bjmoan9 net.minecraft.util.SoundEvent@1c63727b
[22:10:40] [Server thread/TRACE] [FML]:   Registry: 1124 sexmod:girls.kobold.giggle.giggle0 net.minecraft.util.SoundEvent@633c71be
[22:10:40] [Server thread/TRACE] [FML]:   Registry: 1125 sexmod:girls.kobold.giggle.giggle1 net.minecraft.util.SoundEvent@15ba2e64
[22:10:40] [Server thread/TRACE] [FML]:   Registry: 1126 sexmod:girls.kobold.giggle.giggle2 net.minecraft.util.SoundEvent@8e20ad6
[22:10:40] [Server thread/TRACE] [FML]:   Registry: 1127 sexmod:girls.kobold.giggle.giggle3 net.minecraft.util.SoundEvent@f15411b
[22:10:40] [Server thread/TRACE] [FML]:   Registry: 1128 sexmod:girls.kobold.haa.haa0 net.minecraft.util.SoundEvent@f2460c6
[22:10:40] [Server thread/TRACE] [FML]:   Registry: 1129 sexmod:girls.kobold.haa.haa1 net.minecraft.util.SoundEvent@4b29a648
[22:10:40] [Server thread/TRACE] [FML]:   Registry: 1130 sexmod:girls.kobold.haa.haa2 net.minecraft.util.SoundEvent@5305b141
[22:10:40] [Server thread/TRACE] [FML]:   Registry: 1131 sexmod:girls.kobold.haa.haa3 net.minecraft.util.SoundEvent@763d3fa3
[22:10:40] [Server thread/TRACE] [FML]:   Registry: 1132 sexmod:girls.kobold.haa.haa4 net.minecraft.util.SoundEvent@5a3343f2
[22:10:40] [Server thread/TRACE] [FML]:   Registry: 1133 sexmod:girls.kobold.haa.haa5 net.minecraft.util.SoundEvent@5caeb51a
[22:10:40] [Server thread/TRACE] [FML]:   Registry: 1134 sexmod:girls.kobold.haa.haa6 net.minecraft.util.SoundEvent@225f9877
[22:10:40] [Server thread/TRACE] [FML]:   Registry: 1135 sexmod:girls.kobold.heymaster.heymaster0 net.minecraft.util.SoundEvent@3d006bb8
[22:10:40] [Server thread/TRACE] [FML]:   Registry: 1136 sexmod:girls.kobold.heymaster.heymaster1 net.minecraft.util.SoundEvent@7dec9339
[22:10:40] [Server thread/TRACE] [FML]:   Registry: 1137 sexmod:girls.kobold.heymaster.heymaster2 net.minecraft.util.SoundEvent@5443effb
[22:10:40] [Server thread/TRACE] [FML]:   Registry: 1138 sexmod:girls.kobold.heymaster.heymaster3 net.minecraft.util.SoundEvent@a815924
[22:10:40] [Server thread/TRACE] [FML]:   Registry: 1139 sexmod:girls.kobold.heymaster.heymaster4 net.minecraft.util.SoundEvent@34e2ae67
[22:10:40] [Server thread/TRACE] [FML]:   Registry: 1140 sexmod:girls.kobold.heymaster.heymaster5 net.minecraft.util.SoundEvent@2d0e8699
[22:10:40] [Server thread/TRACE] [FML]:   Registry: 1141 sexmod:girls.kobold.interested.interested0 net.minecraft.util.SoundEvent@667998f4
[22:10:40] [Server thread/TRACE] [FML]:   Registry: 1142 sexmod:girls.kobold.interested.interested1 net.minecraft.util.SoundEvent@6631b566
[22:10:40] [Server thread/TRACE] [FML]:   Registry: 1143 sexmod:girls.kobold.interested.interested2 net.minecraft.util.SoundEvent@4781ae51
[22:10:40] [Server thread/TRACE] [FML]:   Registry: 1144 sexmod:girls.kobold.lightbreathing.lightbreathing0 net.minecraft.util.SoundEvent@1e62c276
[22:10:40] [Server thread/TRACE] [FML]:   Registry: 1145 sexmod:girls.kobold.lightbreathing.lightbreathing1 net.minecraft.util.SoundEvent@34f64776
[22:10:40] [Server thread/TRACE] [FML]:   Registry: 1146 sexmod:girls.kobold.lightbreathing.lightbreathing2 net.minecraft.util.SoundEvent@5f075e0b
[22:10:40] [Server thread/TRACE] [FML]:   Registry: 1147 sexmod:girls.kobold.lightbreathing.lightbreathing3 net.minecraft.util.SoundEvent@153e809c
[22:10:40] [Server thread/TRACE] [FML]:   Registry: 1148 sexmod:girls.kobold.lightbreathing.lightbreathing4 net.minecraft.util.SoundEvent@1d47913f
[22:10:40] [Server thread/TRACE] [FML]:   Registry: 1149 sexmod:girls.kobold.lightbreathing.lightbreathing5 net.minecraft.util.SoundEvent@1b0cb816
[22:10:40] [Server thread/TRACE] [FML]:   Registry: 1150 sexmod:girls.kobold.lightbreathing.lightbreathing6 net.minecraft.util.SoundEvent@7e9e4a7a
[22:10:40] [Server thread/TRACE] [FML]:   Registry: 1151 sexmod:girls.kobold.lightbreathing.lightbreathing7 net.minecraft.util.SoundEvent@1fc51f55
[22:10:40] [Server thread/TRACE] [FML]:   Registry: 1152 sexmod:girls.kobold.lightbreathing.lightbreathing8 net.minecraft.util.SoundEvent@3eaabbfb
[22:10:40] [Server thread/TRACE] [FML]:   Registry: 1153 sexmod:girls.kobold.lightbreathing.lightbreathing9 net.minecraft.util.SoundEvent@40186830
[22:10:40] [Server thread/TRACE] [FML]:   Registry: 1154 sexmod:girls.kobold.lightbreathing.lightbreathing10 net.minecraft.util.SoundEvent@4c5927d3
[22:10:40] [Server thread/TRACE] [FML]:   Registry: 1155 sexmod:girls.kobold.lightbreathing.lightbreathing11 net.minecraft.util.SoundEvent@7b51a6ba
[22:10:40] [Server thread/TRACE] [FML]:   Registry: 1156 sexmod:girls.kobold.master.master0 net.minecraft.util.SoundEvent@10cfbf48
[22:10:40] [Server thread/TRACE] [FML]:   Registry: 1157 sexmod:girls.kobold.master.master1 net.minecraft.util.SoundEvent@13951c89
[22:10:40] [Server thread/TRACE] [FML]:   Registry: 1158 sexmod:girls.kobold.master.master2 net.minecraft.util.SoundEvent@1677d697
[22:10:40] [Server thread/TRACE] [FML]:   Registry: 1159 sexmod:girls.kobold.master.master3 net.minecraft.util.SoundEvent@60e5c695
[22:10:40] [Server thread/TRACE] [FML]:   Registry: 1160 sexmod:girls.kobold.master.master4 net.minecraft.util.SoundEvent@d3d103e
[22:10:40] [Server thread/TRACE] [FML]:   Registry: 1161 sexmod:girls.kobold.master.master5 net.minecraft.util.SoundEvent@36773444
[22:10:40] [Server thread/TRACE] [FML]:   Registry: 1162 sexmod:girls.kobold.moan.moan0 net.minecraft.util.SoundEvent@1e1c9f73
[22:10:40] [Server thread/TRACE] [FML]:   Registry: 1163 sexmod:girls.kobold.moan.moan1 net.minecraft.util.SoundEvent@5003334b
[22:10:40] [Server thread/TRACE] [FML]:   Registry: 1164 sexmod:girls.kobold.moan.moan2 net.minecraft.util.SoundEvent@355a6595
[22:10:40] [Server thread/TRACE] [FML]:   Registry: 1165 sexmod:girls.kobold.moan.moan3 net.minecraft.util.SoundEvent@3a00b26e
[22:10:40] [Server thread/TRACE] [FML]:   Registry: 1166 sexmod:girls.kobold.moan.moan4 net.minecraft.util.SoundEvent@409d555a
[22:10:40] [Server thread/TRACE] [FML]:   Registry: 1167 sexmod:girls.kobold.moan.moan5 net.minecraft.util.SoundEvent@94daf69
[22:10:40] [Server thread/TRACE] [FML]:   Registry: 1168 sexmod:girls.kobold.moan.moan6 net.minecraft.util.SoundEvent@6f5d1518
[22:10:40] [Server thread/TRACE] [FML]:   Registry: 1169 sexmod:girls.kobold.moan.moan7 net.minecraft.util.SoundEvent@50f1495f
[22:10:40] [Server thread/TRACE] [FML]:   Registry: 1170 sexmod:girls.kobold.moan.moan8 net.minecraft.util.SoundEvent@7a6cf19e
[22:10:40] [Server thread/TRACE] [FML]:   Registry: 1171 sexmod:girls.kobold.moan.moan9 net.minecraft.util.SoundEvent@1e3e3f5d
[22:10:40] [Server thread/TRACE] [FML]:   Registry: 1172 sexmod:girls.kobold.orgasm.orgasm0 net.minecraft.util.SoundEvent@194c0c57
[22:10:40] [Server thread/TRACE] [FML]:   Registry: 1173 sexmod:girls.kobold.orgasm.orgasm1 net.minecraft.util.SoundEvent@432d0590
[22:10:40] [Server thread/TRACE] [FML]:   Registry: 1174 sexmod:girls.kobold.orgasm.orgasm2 net.minecraft.util.SoundEvent@5e50fc6a
[22:10:40] [Server thread/TRACE] [FML]:   Registry: 1175 sexmod:girls.kobold.orgasm.orgasm3 net.minecraft.util.SoundEvent@31fbe42a
[22:10:40] [Server thread/TRACE] [FML]:   Registry: 1176 sexmod:girls.kobold.sad.sad0 net.minecraft.util.SoundEvent@48ac78f6
[22:10:40] [Server thread/TRACE] [FML]:   Registry: 1177 sexmod:girls.kobold.sad.sad1 net.minecraft.util.SoundEvent@6306f5f6
[22:10:40] [Server thread/TRACE] [FML]:   Registry: 1178 sexmod:girls.kobold.sad.sad2 net.minecraft.util.SoundEvent@3a6cf650
[22:10:40] [Server thread/TRACE] [FML]:   Registry: 1179 sexmod:girls.kobold.yep.yep0 net.minecraft.util.SoundEvent@54589f83
[22:10:40] [Server thread/TRACE] [FML]:   Registry: 1180 sexmod:girls.kobold.yep.yep1 net.minecraft.util.SoundEvent@7f182636
[22:10:40] [Server thread/TRACE] [FML]:   Registry: 1181 sexmod:girls.kobold.yep.yep2 net.minecraft.util.SoundEvent@2b65d566
[22:10:40] [Server thread/TRACE] [FML]:   Registry: 1182 sexmod:girls.kobold.yep.yep3 net.minecraft.util.SoundEvent@76e6782c
[22:10:40] [Server thread/TRACE] [FML]:   Registry: 1183 sexmod:girls.kobold.yep.yep4 net.minecraft.util.SoundEvent@665255f4
[22:10:40] [Server thread/TRACE] [FML]:   Registry: 1184 sexmod:girls.kobold.yep.yep5 net.minecraft.util.SoundEvent@5845e69e
[22:10:40] [Server thread/TRACE] [FML]:   Registry: 1185 sexmod:girls.kobold.yep.yep6 net.minecraft.util.SoundEvent@5d8ec615
[22:10:40] [Server thread/TRACE] [FML]:   Registry: 1186 sexmod:misc.flap.flap0 net.minecraft.util.SoundEvent@18ecf290
[22:10:40] [Server thread/TRACE] [FML]:   Registry: 1187 sexmod:misc.flap.flap1 net.minecraft.util.SoundEvent@6ce5f98c
[22:10:40] [Server thread/TRACE] [FML]:   Registry: 1188 sexmod:misc.flap.flap2 net.minecraft.util.SoundEvent@1be38398
[22:10:40] [Server thread/TRACE] [FML]:   Registry: 1189 sexmod:misc.flap.flap3 net.minecraft.util.SoundEvent@3076409f
[22:10:40] [Server thread/TRACE] [FML]:   Registry: 1190 sexmod:misc.shatter.shatter0 net.minecraft.util.SoundEvent@4f715c73
[22:10:40] [Server thread/TRACE] [FML]:   Registry: 1191 sexmod:misc.weoweo.weoweo0 net.minecraft.util.SoundEvent@c9bf588
[22:10:40] [Server thread/TRACE] [FML]:   Registry: 1192 sexmod:misc.weoweo.weoweo1 net.minecraft.util.SoundEvent@be348c0
[22:10:40] [Server thread/TRACE] [FML]:   Registry: 1193 sexmod:misc.weoweo.weoweo2 net.minecraft.util.SoundEvent@993939b
[22:10:40] [Server thread/TRACE] [FML]:   Registry: 1194 sexmod:misc.weoweo.weoweo3 net.minecraft.util.SoundEvent@4c44d41e
[22:10:40] [Server thread/TRACE] [FML]:   Registry: 1195 sexmod:misc.beew.beew0 net.minecraft.util.SoundEvent@1fa04fab
[22:10:40] [Server thread/TRACE] [FML]:   Registry: 1196 sexmod:misc.beew.beew1 net.minecraft.util.SoundEvent@e94a1d7
[22:10:40] [Server thread/TRACE] [FML]:   Registry: 1197 sexmod:misc.beew.beew2 net.minecraft.util.SoundEvent@1b8ef4d5
[22:10:40] [Server thread/TRACE] [FML]:   Registry: 1198 sexmod:misc.clap.clap0 net.minecraft.util.SoundEvent@7180279e
[22:10:40] [Server thread/TRACE] [FML]:   Registry: 1199 sexmod:girls.galath.ahh.ahh0 net.minecraft.util.SoundEvent@6c40e312
[22:10:40] [Server thread/TRACE] [FML]:   Registry: 1200 sexmod:girls.galath.ahh.ahh1 net.minecraft.util.SoundEvent@47f16d54
[22:10:40] [Server thread/TRACE] [FML]:   Registry: 1201 sexmod:girls.galath.ahh.ahh2 net.minecraft.util.SoundEvent@2b351123
[22:10:40] [Server thread/TRACE] [FML]:   Registry: 1202 sexmod:girls.galath.ahh.ahh3 net.minecraft.util.SoundEvent@5bf96f0c
[22:10:40] [Server thread/TRACE] [FML]:   Registry: 1203 sexmod:girls.galath.ahh.ahh4 net.minecraft.util.SoundEvent@30ca5f12
[22:10:40] [Server thread/TRACE] [FML]:   Registry: 1204 sexmod:girls.galath.ahh.ahh5 net.minecraft.util.SoundEvent@7c9d1f92
[22:10:40] [Server thread/TRACE] [FML]:   Registry: 1205 sexmod:girls.galath.ahh.ahh6 net.minecraft.util.SoundEvent@7f22a52b
[22:10:40] [Server thread/TRACE] [FML]:   Registry: 1206 sexmod:girls.galath.ahh.ahh7 net.minecraft.util.SoundEvent@6fb324cc
[22:10:40] [Server thread/TRACE] [FML]:   Registry: 1207 sexmod:girls.galath.breathing.breathing0 net.minecraft.util.SoundEvent@d63d4e7
[22:10:40] [Server thread/TRACE] [FML]:   Registry: 1208 sexmod:girls.galath.breathing.breathing1 net.minecraft.util.SoundEvent@19962b56
[22:10:40] [Server thread/TRACE] [FML]:   Registry: 1209 sexmod:girls.galath.breathing.breathing2 net.minecraft.util.SoundEvent@73f7deb2
[22:10:40] [Server thread/TRACE] [FML]:   Registry: 1210 sexmod:girls.galath.breathing.breathing3 net.minecraft.util.SoundEvent@5940144
[22:10:40] [Server thread/TRACE] [FML]:   Registry: 1211 sexmod:girls.galath.breathing.breathing4 net.minecraft.util.SoundEvent@16c339fd
[22:10:40] [Server thread/TRACE] [FML]:   Registry: 1212 sexmod:girls.galath.breathing.breathing5 net.minecraft.util.SoundEvent@3ea76ce8
[22:10:40] [Server thread/TRACE] [FML]:   Registry: 1213 sexmod:girls.galath.breathing.breathing6 net.minecraft.util.SoundEvent@736837c0
[22:10:40] [Server thread/TRACE] [FML]:   Registry: 1214 sexmod:girls.galath.dialog.dialog0 net.minecraft.util.SoundEvent@56d386c8
[22:10:40] [Server thread/TRACE] [FML]:   Registry: 1215 sexmod:girls.galath.dialog.dialog1 net.minecraft.util.SoundEvent@59d0513e
[22:10:40] [Server thread/TRACE] [FML]:   Registry: 1216 sexmod:girls.galath.dialog.dialog2 net.minecraft.util.SoundEvent@5c95b6c0
[22:10:40] [Server thread/TRACE] [FML]:   Registry: 1217 sexmod:girls.galath.dialog.dialog3 net.minecraft.util.SoundEvent@6e714ca5
[22:10:40] [Server thread/TRACE] [FML]:   Registry: 1218 sexmod:girls.galath.dialog.dialog4 net.minecraft.util.SoundEvent@245e7265
[22:10:40] [Server thread/TRACE] [FML]:   Registry: 1219 sexmod:girls.galath.dialog.dialog5 net.minecraft.util.SoundEvent@7fdc8e71
[22:10:40] [Server thread/TRACE] [FML]:   Registry: 1220 sexmod:girls.galath.giggle.giggle0 net.minecraft.util.SoundEvent@e8e04fc
[22:10:40] [Server thread/TRACE] [FML]:   Registry: 1221 sexmod:girls.galath.giggle.giggle1 net.minecraft.util.SoundEvent@6afe65ec
[22:10:40] [Server thread/TRACE] [FML]:   Registry: 1222 sexmod:girls.galath.giggle.giggle2 net.minecraft.util.SoundEvent@3de4ef8c
[22:10:40] [Server thread/TRACE] [FML]:   Registry: 1223 sexmod:girls.galath.giggle.giggle3 net.minecraft.util.SoundEvent@26504147
[22:10:40] [Server thread/TRACE] [FML]:   Registry: 1224 sexmod:girls.galath.hmph.hmph0 net.minecraft.util.SoundEvent@58070895
[22:10:40] [Server thread/TRACE] [FML]:   Registry: 1225 sexmod:girls.galath.hmph.hmph1 net.minecraft.util.SoundEvent@41cfc77c
[22:10:40] [Server thread/TRACE] [FML]:   Registry: 1226 sexmod:girls.galath.hmph.hmph2 net.minecraft.util.SoundEvent@5b4dc846
[22:10:40] [Server thread/TRACE] [FML]:   Registry: 1227 sexmod:girls.galath.huh.huh0 net.minecraft.util.SoundEvent@7fb3f011
[22:10:40] [Server thread/TRACE] [FML]:   Registry: 1228 sexmod:girls.galath.huh.huh1 net.minecraft.util.SoundEvent@1f101cd2
[22:10:40] [Server thread/TRACE] [FML]:   Registry: 1229 sexmod:girls.galath.huh.huh2 net.minecraft.util.SoundEvent@205bdc6b
[22:10:40] [Server thread/TRACE] [FML]:   Registry: 1230 sexmod:girls.galath.lightcharge.lightcharge0 net.minecraft.util.SoundEvent@15e12fde
[22:10:40] [Server thread/TRACE] [FML]:   Registry: 1231 sexmod:girls.galath.lightcharge.lightcharge1 net.minecraft.util.SoundEvent@7532760b
[22:10:40] [Server thread/TRACE] [FML]:   Registry: 1232 sexmod:girls.galath.lightcharge.lightcharge2 net.minecraft.util.SoundEvent@6adb02f3
[22:10:40] [Server thread/TRACE] [FML]:   Registry: 1233 sexmod:girls.galath.lightcharge.lightcharge3 net.minecraft.util.SoundEvent@149d3347
[22:10:40] [Server thread/TRACE] [FML]:   Registry: 1234 sexmod:girls.galath.lightcharge.lightcharge4 net.minecraft.util.SoundEvent@89e61d5
[22:10:40] [Server thread/TRACE] [FML]:   Registry: 1235 sexmod:girls.galath.moan.moan0 net.minecraft.util.SoundEvent@6efacce3
[22:10:40] [Server thread/TRACE] [FML]:   Registry: 1236 sexmod:girls.galath.moan.moan1 net.minecraft.util.SoundEvent@5c848755
[22:10:40] [Server thread/TRACE] [FML]:   Registry: 1237 sexmod:girls.galath.moan.moan2 net.minecraft.util.SoundEvent@21fe8089
[22:10:40] [Server thread/TRACE] [FML]:   Registry: 1238 sexmod:girls.galath.moan.moan3 net.minecraft.util.SoundEvent@5a95ddaa
[22:10:40] [Server thread/TRACE] [FML]:   Registry: 1239 sexmod:girls.galath.moan.moan4 net.minecraft.util.SoundEvent@62308fcf
[22:10:40] [Server thread/TRACE] [FML]:   Registry: 1240 sexmod:girls.galath.moan.moan5 net.minecraft.util.SoundEvent@1af602f3
[22:10:40] [Server thread/TRACE] [FML]:   Registry: 1241 sexmod:girls.galath.moan.moan6 net.minecraft.util.SoundEvent@4fd923ec
[22:10:40] [Server thread/TRACE] [FML]:   Registry: 1242 sexmod:girls.galath.moan.moan7 net.minecraft.util.SoundEvent@3bd5df30
[22:10:40] [Server thread/TRACE] [FML]:   Registry: 1243 sexmod:girls.galath.strongcharge.strongcharge0 net.minecraft.util.SoundEvent@5dfd6172
[22:10:40] [Server thread/TRACE] [FML]:   Registry: 1244 sexmod:girls.galath.strongcharge.strongcharge1 net.minecraft.util.SoundEvent@773611a4
[22:10:40] [Server thread/TRACE] [FML]:   Registry: 1245 sexmod:girls.galath.strongcharge.strongcharge2 net.minecraft.util.SoundEvent@71769aed
[22:10:40] [Server thread/TRACE] [FML]:   Registry: 1246 sexmod:girls.galath.strongcharge.strongcharge3 net.minecraft.util.SoundEvent@64cff7ac
[22:10:40] [Server thread/TRACE] [FML]:   Registry: 1247 sexmod:girls.galath.uuh.uuh0 net.minecraft.util.SoundEvent@528ffcb6
[22:10:40] [Server thread/TRACE] [FML]:   Registry: 1248 sexmod:girls.galath.uuh.uuh1 net.minecraft.util.SoundEvent@15f36c72
[22:10:40] [Server thread/TRACE] [FML]:   Registry: 1249 sexmod:girls.galath.uuh.uuh2 net.minecraft.util.SoundEvent@50173dd3
[22:10:40] [Server thread/TRACE] [FML]:   Registry: 1250 sexmod:girls.galath.uuh.uuh3 net.minecraft.util.SoundEvent@4b7ed2ea
[22:10:40] [Server thread/TRACE] [FML]:   Registry: 1251 sexmod:girls.galath.uuh.uuh4 net.minecraft.util.SoundEvent@66b9fd7f
[22:10:40] [Server thread/TRACE] [FML]:   Registry: 1252 sexmod:girls.galath.uuh.uuh5 net.minecraft.util.SoundEvent@68a78d26
[22:10:40] [Server thread/TRACE] [FML]:   Registry: 1253 sexmod:girls.galath.uuh.uuh6 net.minecraft.util.SoundEvent@1b7dc44
[22:10:40] [Server thread/TRACE] [FML]:   Registry: 1254 sexmod:girls.galath.orgasm.orgasm0 net.minecraft.util.SoundEvent@3ce3a71a
[22:10:40] [Server thread/TRACE] [FML]:   Registry: 1255 sexmod:girls.galath.orgasm.orgasm1 net.minecraft.util.SoundEvent@1598f7fc
[22:10:40] [Server thread/TRACE] [FML]:   Registry: 1256 sexmod:girls.galath.orgasm.orgasm2 net.minecraft.util.SoundEvent@410286d4
[22:10:40] [Server thread/TRACE] [FML]:   Registry: 1257 sexmod:girls.galath.orgasm.orgasm3 net.minecraft.util.SoundEvent@7e68274c
[22:10:40] [Server thread/TRACE] [FML]:   Registry: 1258 sexmod:girls.galath.orgasm.orgasm4 net.minecraft.util.SoundEvent@5f9284ec
[22:10:40] [Server thread/TRACE] [FML]:   Registry: 1259 sexmod:girls.galath.aaa.aaa0 net.minecraft.util.SoundEvent@d67bff5
[22:10:40] [Server thread/TRACE] [FML]:   Registry: 1260 sexmod:girls.galath.aaa.aaa1 net.minecraft.util.SoundEvent@5806bcab
[22:10:40] [Server thread/TRACE] [FML]:   Registry: 1261 sexmod:misc.pyro.pyro0 net.minecraft.util.SoundEvent@676bb2a0
[22:10:40] [Server thread/TRACE] [FML]: Registry Name : minecraft:potiontypes
[22:10:40] [Server thread/TRACE] [FML]:   Registry: 0 minecraft:empty net.minecraft.potion.PotionType@66234b0f
[22:10:40] [Server thread/TRACE] [FML]:   Registry: 1 minecraft:water net.minecraft.potion.PotionType@2fca3eb5
[22:10:40] [Server thread/TRACE] [FML]:   Registry: 2 minecraft:mundane net.minecraft.potion.PotionType@69eb544f
[22:10:40] [Server thread/TRACE] [FML]:   Registry: 3 minecraft:thick net.minecraft.potion.PotionType@7cb29ea8
[22:10:40] [Server thread/TRACE] [FML]:   Registry: 4 minecraft:awkward net.minecraft.potion.PotionType@b5c902
[22:10:40] [Server thread/TRACE] [FML]:   Registry: 5 minecraft:night_vision net.minecraft.potion.PotionType@7e747037
[22:10:40] [Server thread/TRACE] [FML]:   Registry: 6 minecraft:long_night_vision net.minecraft.potion.PotionType@4d0e1a9a
[22:10:40] [Server thread/TRACE] [FML]:   Registry: 7 minecraft:invisibility net.minecraft.potion.PotionType@25218a4d
[22:10:40] [Server thread/TRACE] [FML]:   Registry: 8 minecraft:long_invisibility net.minecraft.potion.PotionType@bf2aa32
[22:10:40] [Server thread/TRACE] [FML]:   Registry: 9 minecraft:leaping net.minecraft.potion.PotionType@56da96b3
[22:10:40] [Server thread/TRACE] [FML]:   Registry: 10 minecraft:long_leaping net.minecraft.potion.PotionType@6b3d9c38
[22:10:40] [Server thread/TRACE] [FML]:   Registry: 11 minecraft:strong_leaping net.minecraft.potion.PotionType@426710f0
[22:10:40] [Server thread/TRACE] [FML]:   Registry: 12 minecraft:fire_resistance net.minecraft.potion.PotionType@5c5a91b4
[22:10:40] [Server thread/TRACE] [FML]:   Registry: 13 minecraft:long_fire_resistance net.minecraft.potion.PotionType@5e37fb82
[22:10:40] [Server thread/TRACE] [FML]:   Registry: 14 minecraft:swiftness net.minecraft.potion.PotionType@59ec7020
[22:10:40] [Server thread/TRACE] [FML]:   Registry: 15 minecraft:long_swiftness net.minecraft.potion.PotionType@23f60b7d
[22:10:40] [Server thread/TRACE] [FML]:   Registry: 16 minecraft:strong_swiftness net.minecraft.potion.PotionType@2ba9f986
[22:10:40] [Server thread/TRACE] [FML]:   Registry: 17 minecraft:slowness net.minecraft.potion.PotionType@4aa3fc9a
[22:10:40] [Server thread/TRACE] [FML]:   Registry: 18 minecraft:long_slowness net.minecraft.potion.PotionType@70f4f89e
[22:10:40] [Server thread/TRACE] [FML]:   Registry: 19 minecraft:water_breathing net.minecraft.potion.PotionType@634aa81e
[22:10:40] [Server thread/TRACE] [FML]:   Registry: 20 minecraft:long_water_breathing net.minecraft.potion.PotionType@74b1838
[22:10:40] [Server thread/TRACE] [FML]:   Registry: 21 minecraft:healing net.minecraft.potion.PotionType@52d96367
[22:10:40] [Server thread/TRACE] [FML]:   Registry: 22 minecraft:strong_healing net.minecraft.potion.PotionType@5be51aa
[22:10:40] [Server thread/TRACE] [FML]:   Registry: 23 minecraft:harming net.minecraft.potion.PotionType@3302035b
[22:10:40] [Server thread/TRACE] [FML]:   Registry: 24 minecraft:strong_harming net.minecraft.potion.PotionType@6c5747db
[22:10:40] [Server thread/TRACE] [FML]:   Registry: 25 minecraft:poison net.minecraft.potion.PotionType@750cd36d
[22:10:40] [Server thread/TRACE] [FML]:   Registry: 26 minecraft:long_poison net.minecraft.potion.PotionType@2c8ff67
[22:10:40] [Server thread/TRACE] [FML]:   Registry: 27 minecraft:strong_poison net.minecraft.potion.PotionType@21733cbe
[22:10:40] [Server thread/TRACE] [FML]:   Registry: 28 minecraft:regeneration net.minecraft.potion.PotionType@77ccded4
[22:10:40] [Server thread/TRACE] [FML]:   Registry: 29 minecraft:long_regeneration net.minecraft.potion.PotionType@64c8fcfb
[22:10:40] [Server thread/TRACE] [FML]:   Registry: 30 minecraft:strong_regeneration net.minecraft.potion.PotionType@21be14c2
[22:10:40] [Server thread/TRACE] [FML]:   Registry: 31 minecraft:strength net.minecraft.potion.PotionType@19105a87
[22:10:40] [Server thread/TRACE] [FML]:   Registry: 32 minecraft:long_strength net.minecraft.potion.PotionType@83b0d0f
[22:10:40] [Server thread/TRACE] [FML]:   Registry: 33 minecraft:strong_strength net.minecraft.potion.PotionType@2bb717d7
[22:10:40] [Server thread/TRACE] [FML]:   Registry: 34 minecraft:weakness net.minecraft.potion.PotionType@7afe0e67
[22:10:40] [Server thread/TRACE] [FML]:   Registry: 35 minecraft:long_weakness net.minecraft.potion.PotionType@6121a7dd
[22:10:40] [Server thread/TRACE] [FML]:   Registry: 36 minecraft:luck net.minecraft.potion.PotionType@31228d83
[22:10:40] [Server thread/TRACE] [FML]:   Registry: 37 sexmod:horny_potion net.minecraft.potion.PotionType@7bc1c718
[22:10:40] [Server thread/TRACE] [FML]: Registry Name : minecraft:enchantments
[22:10:40] [Server thread/TRACE] [FML]:   Registry: 0 minecraft:protection net.minecraft.enchantment.EnchantmentProtection@370c7cc5
[22:10:40] [Server thread/TRACE] [FML]:   Registry: 1 minecraft:fire_protection net.minecraft.enchantment.EnchantmentProtection@61b838f2
[22:10:40] [Server thread/TRACE] [FML]:   Registry: 2 minecraft:feather_falling net.minecraft.enchantment.EnchantmentProtection@2a04ab05
[22:10:40] [Server thread/TRACE] [FML]:   Registry: 3 minecraft:blast_protection net.minecraft.enchantment.EnchantmentProtection@5ebbde60
[22:10:40] [Server thread/TRACE] [FML]:   Registry: 4 minecraft:projectile_protection net.minecraft.enchantment.EnchantmentProtection@a056b26
[22:10:40] [Server thread/TRACE] [FML]:   Registry: 5 minecraft:respiration net.minecraft.enchantment.EnchantmentOxygen@25c1f5ee
[22:10:40] [Server thread/TRACE] [FML]:   Registry: 6 minecraft:aqua_affinity net.minecraft.enchantment.EnchantmentWaterWorker@15a8cebd
[22:10:40] [Server thread/TRACE] [FML]:   Registry: 7 minecraft:thorns net.minecraft.enchantment.EnchantmentThorns@2a484710
[22:10:40] [Server thread/TRACE] [FML]:   Registry: 8 minecraft:depth_strider net.minecraft.enchantment.EnchantmentWaterWalker@424f02b8
[22:10:40] [Server thread/TRACE] [FML]:   Registry: 9 minecraft:frost_walker net.minecraft.enchantment.EnchantmentFrostWalker@69b3886f
[22:10:40] [Server thread/TRACE] [FML]:   Registry: 10 minecraft:binding_curse net.minecraft.enchantment.EnchantmentBindingCurse@6793f752
[22:10:40] [Server thread/TRACE] [FML]:   Registry: 16 minecraft:sharpness net.minecraft.enchantment.EnchantmentDamage@482ba4b1
[22:10:40] [Server thread/TRACE] [FML]:   Registry: 17 minecraft:smite net.minecraft.enchantment.EnchantmentDamage@307af381
[22:10:40] [Server thread/TRACE] [FML]:   Registry: 18 minecraft:bane_of_arthropods net.minecraft.enchantment.EnchantmentDamage@1510b9a2
[22:10:40] [Server thread/TRACE] [FML]:   Registry: 19 minecraft:knockback net.minecraft.enchantment.EnchantmentKnockback@4bcdd11
[22:10:40] [Server thread/TRACE] [FML]:   Registry: 20 minecraft:fire_aspect net.minecraft.enchantment.EnchantmentFireAspect@58c42c8c
[22:10:40] [Server thread/TRACE] [FML]:   Registry: 21 minecraft:looting net.minecraft.enchantment.EnchantmentLootBonus@54895681
[22:10:40] [Server thread/TRACE] [FML]:   Registry: 22 minecraft:sweeping net.minecraft.enchantment.EnchantmentSweepingEdge@1796b2d4
[22:10:40] [Server thread/TRACE] [FML]:   Registry: 32 minecraft:efficiency net.minecraft.enchantment.EnchantmentDigging@5db0003d
[22:10:40] [Server thread/TRACE] [FML]:   Registry: 33 minecraft:silk_touch net.minecraft.enchantment.EnchantmentUntouching@200d1a3d
[22:10:40] [Server thread/TRACE] [FML]:   Registry: 34 minecraft:unbreaking net.minecraft.enchantment.EnchantmentDurability@37d699a1
[22:10:40] [Server thread/TRACE] [FML]:   Registry: 35 minecraft:fortune net.minecraft.enchantment.EnchantmentLootBonus@7f42b194
[22:10:40] [Server thread/TRACE] [FML]:   Registry: 48 minecraft:power net.minecraft.enchantment.EnchantmentArrowDamage@2a8f8555
[22:10:40] [Server thread/TRACE] [FML]:   Registry: 49 minecraft:punch net.minecraft.enchantment.EnchantmentArrowKnockback@23b1aa9
[22:10:40] [Server thread/TRACE] [FML]:   Registry: 50 minecraft:flame net.minecraft.enchantment.EnchantmentArrowFire@267ff4df
[22:10:40] [Server thread/TRACE] [FML]:   Registry: 51 minecraft:infinity net.minecraft.enchantment.EnchantmentArrowInfinite@e26a3df
[22:10:40] [Server thread/TRACE] [FML]:   Registry: 61 minecraft:luck_of_the_sea net.minecraft.enchantment.EnchantmentLootBonus@57a667c8
[22:10:40] [Server thread/TRACE] [FML]:   Registry: 62 minecraft:lure net.minecraft.enchantment.EnchantmentFishingSpeed@1b17d8ab
[22:10:40] [Server thread/TRACE] [FML]:   Registry: 70 minecraft:mending net.minecraft.enchantment.EnchantmentMending@6d969330
[22:10:40] [Server thread/TRACE] [FML]:   Registry: 71 minecraft:vanishing_curse net.minecraft.enchantment.EnchantmentVanishingCurse@714e861f
[22:10:40] [Server thread/TRACE] [FML]: Registry Name : minecraft:recipes
[22:10:40] [Server thread/TRACE] [FML]:   Registry: 0 minecraft:armordye net.minecraft.item.crafting.RecipesArmorDyes@3b65084e
[22:10:40] [Server thread/TRACE] [FML]:   Registry: 1 minecraft:bookcloning net.minecraft.item.crafting.RecipeBookCloning@7d12429
[22:10:40] [Server thread/TRACE] [FML]:   Registry: 2 minecraft:mapcloning net.minecraft.item.crafting.RecipesMapCloning@5db9f51f
[22:10:40] [Server thread/TRACE] [FML]:   Registry: 3 minecraft:mapextending net.minecraft.item.crafting.RecipesMapExtending@429e7914
[22:10:40] [Server thread/TRACE] [FML]:   Registry: 4 minecraft:fireworks net.minecraft.item.crafting.RecipeFireworks@1a7d0c9f
[22:10:40] [Server thread/TRACE] [FML]:   Registry: 5 minecraft:repairitem net.minecraft.item.crafting.RecipeRepairItem@280484c7
[22:10:40] [Server thread/TRACE] [FML]:   Registry: 6 minecraft:tippedarrow net.minecraft.item.crafting.RecipeTippedArrow@59127611
[22:10:40] [Server thread/TRACE] [FML]:   Registry: 7 minecraft:bannerduplicate net.minecraft.item.crafting.RecipesBanners$RecipeDuplicatePattern@5c0e2ec
[22:10:40] [Server thread/TRACE] [FML]:   Registry: 8 minecraft:banneraddpattern net.minecraft.item.crafting.RecipesBanners$RecipeAddPattern@369ad7da
[22:10:40] [Server thread/TRACE] [FML]:   Registry: 9 minecraft:shielddecoration net.minecraft.item.crafting.ShieldRecipes$Decoration@222d9d4f
[22:10:40] [Server thread/TRACE] [FML]:   Registry: 10 minecraft:shulkerboxcoloring net.minecraft.item.crafting.ShulkerBoxRecipes$ShulkerBoxColoring@71e7830a
[22:10:40] [Server thread/TRACE] [FML]:   Registry: 11 minecraft:yellow_wool net.minecraft.item.crafting.ShapelessRecipes@46524ebe
[22:10:40] [Server thread/TRACE] [FML]:   Registry: 12 minecraft:yellow_stained_hardened_clay net.minecraft.item.crafting.ShapedRecipes@5cbe95b1
[22:10:40] [Server thread/TRACE] [FML]:   Registry: 13 minecraft:yellow_stained_glass_pane net.minecraft.item.crafting.ShapedRecipes@6210666c
[22:10:40] [Server thread/TRACE] [FML]:   Registry: 14 minecraft:yellow_stained_glass net.minecraft.item.crafting.ShapedRecipes@6c830ebd
[22:10:40] [Server thread/TRACE] [FML]:   Registry: 15 minecraft:yellow_dye_from_sunflower net.minecraft.item.crafting.ShapelessRecipes@11ad095c
[22:10:40] [Server thread/TRACE] [FML]:   Registry: 16 minecraft:yellow_dye_from_dandelion net.minecraft.item.crafting.ShapelessRecipes@19d27c27
[22:10:40] [Server thread/TRACE] [FML]:   Registry: 17 minecraft:yellow_concrete_powder net.minecraft.item.crafting.ShapelessRecipes@118fbaf0
[22:10:40] [Server thread/TRACE] [FML]:   Registry: 18 minecraft:yellow_carpet net.minecraft.item.crafting.ShapedRecipes@50b4364
[22:10:40] [Server thread/TRACE] [FML]:   Registry: 19 minecraft:yellow_bed_from_white_bed net.minecraft.item.crafting.ShapelessRecipes@9dc782d
[22:10:40] [Server thread/TRACE] [FML]:   Registry: 20 minecraft:yellow_bed net.minecraft.item.crafting.ShapedRecipes@54275b5d
[22:10:40] [Server thread/TRACE] [FML]:   Registry: 21 minecraft:yellow_banner net.minecraft.item.crafting.ShapedRecipes@31b6b0c7
[22:10:40] [Server thread/TRACE] [FML]:   Registry: 22 minecraft:writable_book net.minecraft.item.crafting.ShapelessRecipes@7752c0e7
[22:10:40] [Server thread/TRACE] [FML]:   Registry: 23 minecraft:wooden_sword net.minecraft.item.crafting.ShapedRecipes@5368e981
[22:10:40] [Server thread/TRACE] [FML]:   Registry: 24 minecraft:wooden_shovel net.minecraft.item.crafting.ShapedRecipes@685e6a68
[22:10:40] [Server thread/TRACE] [FML]:   Registry: 25 minecraft:wooden_pressure_plate net.minecraft.item.crafting.ShapedRecipes@2673487b
[22:10:40] [Server thread/TRACE] [FML]:   Registry: 26 minecraft:wooden_pickaxe net.minecraft.item.crafting.ShapedRecipes@350f18a6
[22:10:40] [Server thread/TRACE] [FML]:   Registry: 27 minecraft:wooden_hoe net.minecraft.item.crafting.ShapedRecipes@74bdfa0b
[22:10:40] [Server thread/TRACE] [FML]:   Registry: 28 minecraft:wooden_door net.minecraft.item.crafting.ShapedRecipes@17f8db6
[22:10:40] [Server thread/TRACE] [FML]:   Registry: 29 minecraft:wooden_button net.minecraft.item.crafting.ShapedRecipes@71fb8301
[22:10:40] [Server thread/TRACE] [FML]:   Registry: 30 minecraft:wooden_axe net.minecraft.item.crafting.ShapedRecipes@1ddf42dd
[22:10:40] [Server thread/TRACE] [FML]:   Registry: 31 minecraft:white_stained_hardened_clay net.minecraft.item.crafting.ShapedRecipes@5d37aa0f
[22:10:40] [Server thread/TRACE] [FML]:   Registry: 32 minecraft:white_stained_glass_pane net.minecraft.item.crafting.ShapedRecipes@72a3462f
[22:10:40] [Server thread/TRACE] [FML]:   Registry: 33 minecraft:white_stained_glass net.minecraft.item.crafting.ShapedRecipes@22aefae0
[22:10:40] [Server thread/TRACE] [FML]:   Registry: 34 minecraft:white_concrete_powder net.minecraft.item.crafting.ShapelessRecipes@21abda60
[22:10:40] [Server thread/TRACE] [FML]:   Registry: 35 minecraft:white_carpet net.minecraft.item.crafting.ShapedRecipes@69a73867
[22:10:40] [Server thread/TRACE] [FML]:   Registry: 36 minecraft:white_bed net.minecraft.item.crafting.ShapedRecipes@401ec794
[22:10:40] [Server thread/TRACE] [FML]:   Registry: 37 minecraft:white_banner net.minecraft.item.crafting.ShapedRecipes@750e2d33
[22:10:40] [Server thread/TRACE] [FML]:   Registry: 38 minecraft:wheat net.minecraft.item.crafting.ShapedRecipes@252c6cdb
[22:10:40] [Server thread/TRACE] [FML]:   Registry: 39 minecraft:tripwire_hook net.minecraft.item.crafting.ShapedRecipes@70a24f9
[22:10:40] [Server thread/TRACE] [FML]:   Registry: 40 minecraft:trapped_chest net.minecraft.item.crafting.ShapelessRecipes@36cfe107
[22:10:40] [Server thread/TRACE] [FML]:   Registry: 41 minecraft:trapdoor net.minecraft.item.crafting.ShapedRecipes@51b51641
[22:10:40] [Server thread/TRACE] [FML]:   Registry: 42 minecraft:torch net.minecraft.item.crafting.ShapedRecipes@ff4b223
[22:10:40] [Server thread/TRACE] [FML]:   Registry: 43 minecraft:tnt_minecart net.minecraft.item.crafting.ShapedRecipes@9f1ca74
[22:10:40] [Server thread/TRACE] [FML]:   Registry: 44 minecraft:tnt net.minecraft.item.crafting.ShapedRecipes@f9a5e3f
[22:10:40] [Server thread/TRACE] [FML]:   Registry: 45 minecraft:sugar net.minecraft.item.crafting.ShapedRecipes@3e04abc5
[22:10:40] [Server thread/TRACE] [FML]:   Registry: 46 minecraft:string_to_wool net.minecraft.item.crafting.ShapedRecipes@1533338c
[22:10:40] [Server thread/TRACE] [FML]:   Registry: 47 minecraft:stonebrick net.minecraft.item.crafting.ShapedRecipes@21f91efa
[22:10:40] [Server thread/TRACE] [FML]:   Registry: 48 minecraft:stone_sword net.minecraft.item.crafting.ShapedRecipes@6de84336
[22:10:40] [Server thread/TRACE] [FML]:   Registry: 49 minecraft:stone_stairs net.minecraft.item.crafting.ShapedRecipes@1a5b7394
[22:10:40] [Server thread/TRACE] [FML]:   Registry: 50 minecraft:stone_slab net.minecraft.item.crafting.ShapedRecipes@28b5662d
[22:10:40] [Server thread/TRACE] [FML]:   Registry: 51 minecraft:stone_shovel net.minecraft.item.crafting.ShapedRecipes@2d4e99de
[22:10:40] [Server thread/TRACE] [FML]:   Registry: 52 minecraft:stone_pressure_plate net.minecraft.item.crafting.ShapedRecipes@63bca84d
[22:10:40] [Server thread/TRACE] [FML]:   Registry: 53 minecraft:stone_pickaxe net.minecraft.item.crafting.ShapedRecipes@13dc6649
[22:10:40] [Server thread/TRACE] [FML]:   Registry: 54 minecraft:stone_hoe net.minecraft.item.crafting.ShapedRecipes@3982206a
[22:10:40] [Server thread/TRACE] [FML]:   Registry: 55 minecraft:stone_button net.minecraft.item.crafting.ShapedRecipes@10f20d38
[22:10:40] [Server thread/TRACE] [FML]:   Registry: 56 minecraft:stone_brick_stairs net.minecraft.item.crafting.ShapedRecipes@419f0ea
[22:10:40] [Server thread/TRACE] [FML]:   Registry: 57 minecraft:stone_brick_slab net.minecraft.item.crafting.ShapedRecipes@3c544c9
[22:10:40] [Server thread/TRACE] [FML]:   Registry: 58 minecraft:stone_axe net.minecraft.item.crafting.ShapedRecipes@43a59289
[22:10:40] [Server thread/TRACE] [FML]:   Registry: 59 minecraft:sticky_piston net.minecraft.item.crafting.ShapedRecipes@5529522f
[22:10:40] [Server thread/TRACE] [FML]:   Registry: 60 minecraft:stick net.minecraft.item.crafting.ShapedRecipes@1073c664
[22:10:40] [Server thread/TRACE] [FML]:   Registry: 61 minecraft:spruce_wooden_slab net.minecraft.item.crafting.ShapedRecipes@1b60d324
[22:10:40] [Server thread/TRACE] [FML]:   Registry: 62 minecraft:spruce_stairs net.minecraft.item.crafting.ShapedRecipes@38929da
[22:10:40] [Server thread/TRACE] [FML]:   Registry: 63 minecraft:spruce_planks net.minecraft.item.crafting.ShapedRecipes@42f9873e
[22:10:40] [Server thread/TRACE] [FML]:   Registry: 64 minecraft:spruce_fence_gate net.minecraft.item.crafting.ShapedRecipes@5ee6fdc4
[22:10:40] [Server thread/TRACE] [FML]:   Registry: 65 minecraft:spruce_fence net.minecraft.item.crafting.ShapedRecipes@48b3b1b8
[22:10:40] [Server thread/TRACE] [FML]:   Registry: 66 minecraft:spruce_door net.minecraft.item.crafting.ShapedRecipes@39a3984c
[22:10:40] [Server thread/TRACE] [FML]:   Registry: 67 minecraft:spruce_boat net.minecraft.item.crafting.ShapedRecipes@686b1e2d
[22:10:40] [Server thread/TRACE] [FML]:   Registry: 68 minecraft:spectral_arrow net.minecraft.item.crafting.ShapedRecipes@7b598d05
[22:10:40] [Server thread/TRACE] [FML]:   Registry: 69 minecraft:speckled_melon net.minecraft.item.crafting.ShapedRecipes@16df9bde
[22:10:40] [Server thread/TRACE] [FML]:   Registry: 70 minecraft:snow_layer net.minecraft.item.crafting.ShapedRecipes@2ec5cc14
[22:10:40] [Server thread/TRACE] [FML]:   Registry: 71 minecraft:snow net.minecraft.item.crafting.ShapedRecipes@17d816b3
[22:10:40] [Server thread/TRACE] [FML]:   Registry: 72 minecraft:smooth_sandstone net.minecraft.item.crafting.ShapedRecipes@2da5fdc
[22:10:40] [Server thread/TRACE] [FML]:   Registry: 73 minecraft:smooth_red_sandstone net.minecraft.item.crafting.ShapedRecipes@615bad16
[22:10:40] [Server thread/TRACE] [FML]:   Registry: 74 minecraft:slime_ball net.minecraft.item.crafting.ShapedRecipes@2ecdf528
[22:10:40] [Server thread/TRACE] [FML]:   Registry: 75 minecraft:slime net.minecraft.item.crafting.ShapedRecipes@76db9048
[22:10:40] [Server thread/TRACE] [FML]:   Registry: 76 minecraft:sign net.minecraft.item.crafting.ShapedRecipes@11228bee
[22:10:40] [Server thread/TRACE] [FML]:   Registry: 77 minecraft:shield net.minecraft.item.crafting.ShapedRecipes@2487e20
[22:10:40] [Server thread/TRACE] [FML]:   Registry: 78 minecraft:shears net.minecraft.item.crafting.ShapedRecipes@3cdfbbef
[22:10:40] [Server thread/TRACE] [FML]:   Registry: 79 minecraft:sea_lantern net.minecraft.item.crafting.ShapedRecipes@d8e4250
[22:10:40] [Server thread/TRACE] [FML]:   Registry: 80 minecraft:sandstone_stairs net.minecraft.item.crafting.ShapedRecipes@20a47036
[22:10:40] [Server thread/TRACE] [FML]:   Registry: 81 minecraft:sandstone_slab net.minecraft.item.crafting.ShapedRecipes@26865b57
[22:10:40] [Server thread/TRACE] [FML]:   Registry: 82 minecraft:sandstone net.minecraft.item.crafting.ShapedRecipes@6df2a206
[22:10:40] [Server thread/TRACE] [FML]:   Registry: 83 minecraft:repeater net.minecraft.item.crafting.ShapedRecipes@598778cc
[22:10:40] [Server thread/TRACE] [FML]:   Registry: 84 minecraft:redstone_torch net.minecraft.item.crafting.ShapedRecipes@4571cebe
[22:10:40] [Server thread/TRACE] [FML]:   Registry: 85 minecraft:redstone_lamp net.minecraft.item.crafting.ShapedRecipes@704c3bdf
[22:10:40] [Server thread/TRACE] [FML]:   Registry: 86 minecraft:redstone_block net.minecraft.item.crafting.ShapedRecipes@14df5253
[22:10:40] [Server thread/TRACE] [FML]:   Registry: 87 minecraft:redstone net.minecraft.item.crafting.ShapedRecipes@710afd47
[22:10:40] [Server thread/TRACE] [FML]:   Registry: 88 minecraft:red_wool net.minecraft.item.crafting.ShapelessRecipes@604f376a
[22:10:40] [Server thread/TRACE] [FML]:   Registry: 89 minecraft:red_stained_hardened_clay net.minecraft.item.crafting.ShapedRecipes@1805ec96
[22:10:40] [Server thread/TRACE] [FML]:   Registry: 90 minecraft:red_stained_glass_pane net.minecraft.item.crafting.ShapedRecipes@702f4124
[22:10:40] [Server thread/TRACE] [FML]:   Registry: 91 minecraft:red_stained_glass net.minecraft.item.crafting.ShapedRecipes@22ff1372
[22:10:40] [Server thread/TRACE] [FML]:   Registry: 92 minecraft:red_sandstone_stairs net.minecraft.item.crafting.ShapedRecipes@7283877
[22:10:40] [Server thread/TRACE] [FML]:   Registry: 93 minecraft:red_sandstone_slab net.minecraft.item.crafting.ShapedRecipes@3e2c4d4b
[22:10:40] [Server thread/TRACE] [FML]:   Registry: 94 minecraft:red_sandstone net.minecraft.item.crafting.ShapedRecipes@11180750
[22:10:40] [Server thread/TRACE] [FML]:   Registry: 95 minecraft:red_nether_brick net.minecraft.item.crafting.ShapedRecipes@7d7b4e04
[22:10:40] [Server thread/TRACE] [FML]:   Registry: 96 minecraft:red_dye_from_tulip net.minecraft.item.crafting.ShapelessRecipes@7f4f1536
[22:10:40] [Server thread/TRACE] [FML]:   Registry: 97 minecraft:red_dye_from_rose_bush net.minecraft.item.crafting.ShapelessRecipes@70b196d3
[22:10:40] [Server thread/TRACE] [FML]:   Registry: 98 minecraft:red_dye_from_poppy net.minecraft.item.crafting.ShapelessRecipes@e7b0bec
[22:10:40] [Server thread/TRACE] [FML]:   Registry: 99 minecraft:red_dye_from_beetroot net.minecraft.item.crafting.ShapelessRecipes@59f3426f
[22:10:40] [Server thread/TRACE] [FML]:   Registry: 100 minecraft:red_concrete_powder net.minecraft.item.crafting.ShapelessRecipes@2e159116
[22:10:40] [Server thread/TRACE] [FML]:   Registry: 101 minecraft:red_carpet net.minecraft.item.crafting.ShapedRecipes@6996bbc4
[22:10:40] [Server thread/TRACE] [FML]:   Registry: 102 minecraft:red_bed_from_white_bed net.minecraft.item.crafting.ShapelessRecipes@64f3991e
[22:10:40] [Server thread/TRACE] [FML]:   Registry: 103 minecraft:red_bed net.minecraft.item.crafting.ShapedRecipes@1de30c31
[22:10:40] [Server thread/TRACE] [FML]:   Registry: 104 minecraft:red_banner net.minecraft.item.crafting.ShapedRecipes@2e4ecdf8
[22:10:40] [Server thread/TRACE] [FML]:   Registry: 105 minecraft:rail net.minecraft.item.crafting.ShapedRecipes@36c783ca
[22:10:40] [Server thread/TRACE] [FML]:   Registry: 106 minecraft:rabbit_stew_from_red_mushroom net.minecraft.item.crafting.ShapedRecipes@21a9f95b
[22:10:40] [Server thread/TRACE] [FML]:   Registry: 107 minecraft:rabbit_stew_from_brown_mushroom net.minecraft.item.crafting.ShapedRecipes@3041beb3
[22:10:40] [Server thread/TRACE] [FML]:   Registry: 108 minecraft:quartz_stairs net.minecraft.item.crafting.ShapedRecipes@19647566
[22:10:40] [Server thread/TRACE] [FML]:   Registry: 109 minecraft:quartz_slab net.minecraft.item.crafting.ShapedRecipes@2335aef2
[22:10:40] [Server thread/TRACE] [FML]:   Registry: 110 minecraft:quartz_block net.minecraft.item.crafting.ShapedRecipes@39a8e2fa
[22:10:40] [Server thread/TRACE] [FML]:   Registry: 111 minecraft:purpur_stairs net.minecraft.item.crafting.ShapedRecipes@71b3ba5a
[22:10:40] [Server thread/TRACE] [FML]:   Registry: 112 minecraft:purpur_slab net.minecraft.item.crafting.ShapedRecipes@7856f41a
[22:10:40] [Server thread/TRACE] [FML]:   Registry: 113 minecraft:purpur_pillar net.minecraft.item.crafting.ShapedRecipes@284c4f02
[22:10:40] [Server thread/TRACE] [FML]:   Registry: 114 minecraft:purpur_block net.minecraft.item.crafting.ShapedRecipes@1b8d20e6
[22:10:40] [Server thread/TRACE] [FML]:   Registry: 115 minecraft:purple_wool net.minecraft.item.crafting.ShapelessRecipes@1a4930cf
[22:10:40] [Server thread/TRACE] [FML]:   Registry: 116 minecraft:purple_stained_hardened_clay net.minecraft.item.crafting.ShapedRecipes@7c956dda
[22:10:40] [Server thread/TRACE] [FML]:   Registry: 117 minecraft:purple_stained_glass_pane net.minecraft.item.crafting.ShapedRecipes@78d6c244
[22:10:40] [Server thread/TRACE] [FML]:   Registry: 118 minecraft:purple_stained_glass net.minecraft.item.crafting.ShapedRecipes@631944d4
[22:10:40] [Server thread/TRACE] [FML]:   Registry: 119 minecraft:purple_shulker_box net.minecraft.item.crafting.ShapedRecipes@2fa212df
[22:10:40] [Server thread/TRACE] [FML]:   Registry: 120 minecraft:purple_dye net.minecraft.item.crafting.ShapelessRecipes@6591f8ea
[22:10:40] [Server thread/TRACE] [FML]:   Registry: 121 minecraft:purple_concrete_powder net.minecraft.item.crafting.ShapelessRecipes@7aa3857b
[22:10:40] [Server thread/TRACE] [FML]:   Registry: 122 minecraft:purple_carpet net.minecraft.item.crafting.ShapedRecipes@1d2046bb
[22:10:40] [Server thread/TRACE] [FML]:   Registry: 123 minecraft:purple_bed_from_white_bed net.minecraft.item.crafting.ShapelessRecipes@3b9c9b8b
[22:10:40] [Server thread/TRACE] [FML]:   Registry: 124 minecraft:purple_bed net.minecraft.item.crafting.ShapedRecipes@5af38a4a
[22:10:40] [Server thread/TRACE] [FML]:   Registry: 125 minecraft:purple_banner net.minecraft.item.crafting.ShapedRecipes@315cf170
[22:10:40] [Server thread/TRACE] [FML]:   Registry: 126 minecraft:pumpkin_seeds net.minecraft.item.crafting.ShapedRecipes@53e28097
[22:10:40] [Server thread/TRACE] [FML]:   Registry: 127 minecraft:pumpkin_pie net.minecraft.item.crafting.ShapelessRecipes@595ec862
[22:10:40] [Server thread/TRACE] [FML]:   Registry: 128 minecraft:prismarine_bricks net.minecraft.item.crafting.ShapedRecipes@56cd5d76
[22:10:40] [Server thread/TRACE] [FML]:   Registry: 129 minecraft:prismarine net.minecraft.item.crafting.ShapedRecipes@9f2376f
[22:10:40] [Server thread/TRACE] [FML]:   Registry: 130 minecraft:polished_granite net.minecraft.item.crafting.ShapedRecipes@204b0f07
[22:10:40] [Server thread/TRACE] [FML]:   Registry: 131 minecraft:polished_diorite net.minecraft.item.crafting.ShapedRecipes@25d0b918
[22:10:40] [Server thread/TRACE] [FML]:   Registry: 132 minecraft:polished_andesite net.minecraft.item.crafting.ShapedRecipes@5feb82b3
[22:10:40] [Server thread/TRACE] [FML]:   Registry: 133 minecraft:piston net.minecraft.item.crafting.ShapedRecipes@4b09d1c3
[22:10:40] [Server thread/TRACE] [FML]:   Registry: 134 minecraft:pink_wool net.minecraft.item.crafting.ShapelessRecipes@165aa43a
[22:10:40] [Server thread/TRACE] [FML]:   Registry: 135 minecraft:pink_stained_hardened_clay net.minecraft.item.crafting.ShapedRecipes@38667005
[22:10:40] [Server thread/TRACE] [FML]:   Registry: 136 minecraft:pink_stained_glass_pane net.minecraft.item.crafting.ShapedRecipes@76ffc17c
[22:10:40] [Server thread/TRACE] [FML]:   Registry: 137 minecraft:pink_stained_glass net.minecraft.item.crafting.ShapedRecipes@71a2df1
[22:10:40] [Server thread/TRACE] [FML]:   Registry: 138 minecraft:pink_dye_from_red_bonemeal net.minecraft.item.crafting.ShapelessRecipes@6d617b07
[22:10:40] [Server thread/TRACE] [FML]:   Registry: 139 minecraft:pink_dye_from_pink_tulip net.minecraft.item.crafting.ShapelessRecipes@1acc873b
[22:10:40] [Server thread/TRACE] [FML]:   Registry: 140 minecraft:pink_dye_from_peony net.minecraft.item.crafting.ShapelessRecipes@14201a90
[22:10:40] [Server thread/TRACE] [FML]:   Registry: 141 minecraft:pink_concrete_powder net.minecraft.item.crafting.ShapelessRecipes@3a4f8e8a
[22:10:40] [Server thread/TRACE] [FML]:   Registry: 142 minecraft:pink_carpet net.minecraft.item.crafting.ShapedRecipes@6fd7aba8
[22:10:40] [Server thread/TRACE] [FML]:   Registry: 143 minecraft:pink_bed_from_white_bed net.minecraft.item.crafting.ShapelessRecipes@7573c7b5
[22:10:40] [Server thread/TRACE] [FML]:   Registry: 144 minecraft:pink_bed net.minecraft.item.crafting.ShapedRecipes@29f95272
[22:10:40] [Server thread/TRACE] [FML]:   Registry: 145 minecraft:pink_banner net.minecraft.item.crafting.ShapedRecipes@b841713
[22:10:40] [Server thread/TRACE] [FML]:   Registry: 146 minecraft:pillar_quartz_block net.minecraft.item.crafting.ShapedRecipes@3a54638b
[22:10:40] [Server thread/TRACE] [FML]:   Registry: 147 minecraft:paper net.minecraft.item.crafting.ShapedRecipes@1884e671
[22:10:40] [Server thread/TRACE] [FML]:   Registry: 148 minecraft:painting net.minecraft.item.crafting.ShapedRecipes@1dbff71c
[22:10:40] [Server thread/TRACE] [FML]:   Registry: 149 minecraft:orange_wool net.minecraft.item.crafting.ShapelessRecipes@7cdc4070
[22:10:40] [Server thread/TRACE] [FML]:   Registry: 150 minecraft:orange_stained_hardened_clay net.minecraft.item.crafting.ShapedRecipes@29c25bbc
[22:10:40] [Server thread/TRACE] [FML]:   Registry: 151 minecraft:orange_stained_glass_pane net.minecraft.item.crafting.ShapedRecipes@1de12397
[22:10:40] [Server thread/TRACE] [FML]:   Registry: 152 minecraft:orange_stained_glass net.minecraft.item.crafting.ShapedRecipes@1029cf9
[22:10:40] [Server thread/TRACE] [FML]:   Registry: 153 minecraft:orange_dye_from_red_yellow net.minecraft.item.crafting.ShapelessRecipes@38cb1606
[22:10:40] [Server thread/TRACE] [FML]:   Registry: 154 minecraft:orange_dye_from_orange_tulip net.minecraft.item.crafting.ShapelessRecipes@1171ba7e
[22:10:40] [Server thread/TRACE] [FML]:   Registry: 155 minecraft:orange_concrete_powder net.minecraft.item.crafting.ShapelessRecipes@6630dd28
[22:10:40] [Server thread/TRACE] [FML]:   Registry: 156 minecraft:orange_carpet net.minecraft.item.crafting.ShapedRecipes@6fd9dbe6
[22:10:40] [Server thread/TRACE] [FML]:   Registry: 157 minecraft:orange_bed_from_white_bed net.minecraft.item.crafting.ShapelessRecipes@25d9291a
[22:10:40] [Server thread/TRACE] [FML]:   Registry: 158 minecraft:orange_bed net.minecraft.item.crafting.ShapedRecipes@70d687b8
[22:10:40] [Server thread/TRACE] [FML]:   Registry: 159 minecraft:orange_banner net.minecraft.item.crafting.ShapedRecipes@5ae66c98
[22:10:40] [Server thread/TRACE] [FML]:   Registry: 160 minecraft:observer net.minecraft.item.crafting.ShapedRecipes@7ac685ef
[22:10:40] [Server thread/TRACE] [FML]:   Registry: 161 minecraft:oak_wooden_slab net.minecraft.item.crafting.ShapedRecipes@4b7ab7ab
[22:10:40] [Server thread/TRACE] [FML]:   Registry: 162 minecraft:oak_stairs net.minecraft.item.crafting.ShapedRecipes@4f581211
[22:10:40] [Server thread/TRACE] [FML]:   Registry: 163 minecraft:oak_planks net.minecraft.item.crafting.ShapedRecipes@6697f3d
[22:10:40] [Server thread/TRACE] [FML]:   Registry: 164 minecraft:noteblock net.minecraft.item.crafting.ShapedRecipes@47ef5a33
[22:10:40] [Server thread/TRACE] [FML]:   Registry: 165 minecraft:nether_wart_block net.minecraft.item.crafting.ShapedRecipes@72a34537
[22:10:40] [Server thread/TRACE] [FML]:   Registry: 166 minecraft:nether_brick_stairs net.minecraft.item.crafting.ShapedRecipes@6654ca0d
[22:10:40] [Server thread/TRACE] [FML]:   Registry: 167 minecraft:nether_brick_slab net.minecraft.item.crafting.ShapedRecipes@67a6a2d0
[22:10:40] [Server thread/TRACE] [FML]:   Registry: 168 minecraft:nether_brick_fence net.minecraft.item.crafting.ShapedRecipes@4b360972
[22:10:40] [Server thread/TRACE] [FML]:   Registry: 169 minecraft:nether_brick net.minecraft.item.crafting.ShapedRecipes@40a28bda
[22:10:40] [Server thread/TRACE] [FML]:   Registry: 170 minecraft:mushroom_stew net.minecraft.item.crafting.ShapelessRecipes@15d79b70
[22:10:40] [Server thread/TRACE] [FML]:   Registry: 171 minecraft:mossy_stonebrick net.minecraft.item.crafting.ShapelessRecipes@299a43d9
[22:10:40] [Server thread/TRACE] [FML]:   Registry: 172 minecraft:mossy_cobblestone_wall net.minecraft.item.crafting.ShapedRecipes@768f4b42
[22:10:40] [Server thread/TRACE] [FML]:   Registry: 173 minecraft:mossy_cobblestone net.minecraft.item.crafting.ShapelessRecipes@45fb2354
[22:10:40] [Server thread/TRACE] [FML]:   Registry: 174 minecraft:minecart net.minecraft.item.crafting.ShapedRecipes@5f3f57ff
[22:10:40] [Server thread/TRACE] [FML]:   Registry: 175 minecraft:melon_seeds net.minecraft.item.crafting.ShapedRecipes@7a117dc2
[22:10:40] [Server thread/TRACE] [FML]:   Registry: 176 minecraft:melon_block net.minecraft.item.crafting.ShapedRecipes@6a902015
[22:10:40] [Server thread/TRACE] [FML]:   Registry: 177 minecraft:map net.minecraft.item.crafting.ShapedRecipes@4eb1943b
[22:10:40] [Server thread/TRACE] [FML]:   Registry: 178 minecraft:magma_cream net.minecraft.item.crafting.ShapelessRecipes@30c8c6ab
[22:10:40] [Server thread/TRACE] [FML]:   Registry: 179 minecraft:magma net.minecraft.item.crafting.ShapedRecipes@2dd8a273
[22:10:40] [Server thread/TRACE] [FML]:   Registry: 180 minecraft:magenta_wool net.minecraft.item.crafting.ShapelessRecipes@19ec5357
[22:10:40] [Server thread/TRACE] [FML]:   Registry: 181 minecraft:magenta_stained_hardened_clay net.minecraft.item.crafting.ShapedRecipes@60844992
[22:10:40] [Server thread/TRACE] [FML]:   Registry: 182 minecraft:magenta_stained_glass_pane net.minecraft.item.crafting.ShapedRecipes@7bdb4f17
[22:10:40] [Server thread/TRACE] [FML]:   Registry: 183 minecraft:magenta_stained_glass net.minecraft.item.crafting.ShapedRecipes@4f6fd101
[22:10:40] [Server thread/TRACE] [FML]:   Registry: 184 minecraft:magenta_dye_from_purple_and_pink net.minecraft.item.crafting.ShapelessRecipes@208e5b23
[22:10:40] [Server thread/TRACE] [FML]:   Registry: 185 minecraft:magenta_dye_from_lilac net.minecraft.item.crafting.ShapelessRecipes@794d28a3
[22:10:40] [Server thread/TRACE] [FML]:   Registry: 186 minecraft:magenta_dye_from_lapis_red_pink net.minecraft.item.crafting.ShapelessRecipes@2b2b7e3c
[22:10:40] [Server thread/TRACE] [FML]:   Registry: 187 minecraft:magenta_dye_from_lapis_ink_bonemeal net.minecraft.item.crafting.ShapelessRecipes@6b030101
[22:10:40] [Server thread/TRACE] [FML]:   Registry: 188 minecraft:magenta_dye_from_allium net.minecraft.item.crafting.ShapelessRecipes@628b503a
[22:10:40] [Server thread/TRACE] [FML]:   Registry: 189 minecraft:magenta_concrete_powder net.minecraft.item.crafting.ShapelessRecipes@66a472b9
[22:10:40] [Server thread/TRACE] [FML]:   Registry: 190 minecraft:magenta_carpet net.minecraft.item.crafting.ShapedRecipes@7aa15a80
[22:10:40] [Server thread/TRACE] [FML]:   Registry: 191 minecraft:magenta_bed_from_white_bed net.minecraft.item.crafting.ShapelessRecipes@62b786dc
[22:10:40] [Server thread/TRACE] [FML]:   Registry: 192 minecraft:magenta_bed net.minecraft.item.crafting.ShapedRecipes@9880a15
[22:10:40] [Server thread/TRACE] [FML]:   Registry: 193 minecraft:magenta_banner net.minecraft.item.crafting.ShapedRecipes@3722f39d
[22:10:40] [Server thread/TRACE] [FML]:   Registry: 194 minecraft:lit_pumpkin net.minecraft.item.crafting.ShapedRecipes@2493eec6
[22:10:40] [Server thread/TRACE] [FML]:   Registry: 195 minecraft:lime_wool net.minecraft.item.crafting.ShapelessRecipes@65d90b7f
[22:10:40] [Server thread/TRACE] [FML]:   Registry: 196 minecraft:lime_stained_hardened_clay net.minecraft.item.crafting.ShapedRecipes@7742a276
[22:10:40] [Server thread/TRACE] [FML]:   Registry: 197 minecraft:lime_stained_glass_pane net.minecraft.item.crafting.ShapedRecipes@2beee3e8
[22:10:40] [Server thread/TRACE] [FML]:   Registry: 198 minecraft:lime_stained_glass net.minecraft.item.crafting.ShapedRecipes@3ba97962
[22:10:40] [Server thread/TRACE] [FML]:   Registry: 199 minecraft:lime_dye net.minecraft.item.crafting.ShapelessRecipes@30fa8a6b
[22:10:40] [Server thread/TRACE] [FML]:   Registry: 200 minecraft:lime_concrete_powder net.minecraft.item.crafting.ShapelessRecipes@61b8c9de
[22:10:40] [Server thread/TRACE] [FML]:   Registry: 201 minecraft:lime_carpet net.minecraft.item.crafting.ShapedRecipes@26270b77
[22:10:40] [Server thread/TRACE] [FML]:   Registry: 202 minecraft:lime_bed_from_white_bed net.minecraft.item.crafting.ShapelessRecipes@3eee08f5
[22:10:40] [Server thread/TRACE] [FML]:   Registry: 203 minecraft:lime_bed net.minecraft.item.crafting.ShapedRecipes@290c266c
[22:10:40] [Server thread/TRACE] [FML]:   Registry: 204 minecraft:lime_banner net.minecraft.item.crafting.ShapedRecipes@2570b316
[22:10:40] [Server thread/TRACE] [FML]:   Registry: 205 minecraft:light_weighted_pressure_plate net.minecraft.item.crafting.ShapedRecipes@58ebee9
[22:10:40] [Server thread/TRACE] [FML]:   Registry: 206 minecraft:light_gray_wool net.minecraft.item.crafting.ShapelessRecipes@6be50b35
[22:10:40] [Server thread/TRACE] [FML]:   Registry: 207 minecraft:light_gray_stained_hardened_clay net.minecraft.item.crafting.ShapedRecipes@6814262d
[22:10:40] [Server thread/TRACE] [FML]:   Registry: 208 minecraft:light_gray_stained_glass_pane net.minecraft.item.crafting.ShapedRecipes@da5d5e1
[22:10:40] [Server thread/TRACE] [FML]:   Registry: 209 minecraft:light_gray_stained_glass net.minecraft.item.crafting.ShapedRecipes@7df3da0b
[22:10:40] [Server thread/TRACE] [FML]:   Registry: 210 minecraft:light_gray_dye_from_white_tulip net.minecraft.item.crafting.ShapelessRecipes@402f61f5
[22:10:40] [Server thread/TRACE] [FML]:   Registry: 211 minecraft:light_gray_dye_from_oxeye_daisy net.minecraft.item.crafting.ShapelessRecipes@49e62b17
[22:10:40] [Server thread/TRACE] [FML]:   Registry: 212 minecraft:light_gray_dye_from_ink_bonemeal net.minecraft.item.crafting.ShapelessRecipes@2e426dd2
[22:10:40] [Server thread/TRACE] [FML]:   Registry: 213 minecraft:light_gray_dye_from_gray_bonemeal net.minecraft.item.crafting.ShapelessRecipes@50f3ba6a
[22:10:40] [Server thread/TRACE] [FML]:   Registry: 214 minecraft:light_gray_dye_from_azure_bluet net.minecraft.item.crafting.ShapelessRecipes@4f541e67
[22:10:40] [Server thread/TRACE] [FML]:   Registry: 215 minecraft:light_gray_concrete_powder net.minecraft.item.crafting.ShapelessRecipes@2e7a9db7
[22:10:40] [Server thread/TRACE] [FML]:   Registry: 216 minecraft:light_gray_carpet net.minecraft.item.crafting.ShapedRecipes@5b0e9e0c
[22:10:40] [Server thread/TRACE] [FML]:   Registry: 217 minecraft:light_gray_bed_from_white_bed net.minecraft.item.crafting.ShapelessRecipes@78e387d6
[22:10:40] [Server thread/TRACE] [FML]:   Registry: 218 minecraft:light_gray_bed net.minecraft.item.crafting.ShapedRecipes@60a6840c
[22:10:40] [Server thread/TRACE] [FML]:   Registry: 219 minecraft:light_gray_banner net.minecraft.item.crafting.ShapedRecipes@6de33fde
[22:10:40] [Server thread/TRACE] [FML]:   Registry: 220 minecraft:light_blue_wool net.minecraft.item.crafting.ShapelessRecipes@2a16d4dc
[22:10:40] [Server thread/TRACE] [FML]:   Registry: 221 minecraft:light_blue_stained_hardened_clay net.minecraft.item.crafting.ShapedRecipes@241d1052
[22:10:40] [Server thread/TRACE] [FML]:   Registry: 222 minecraft:light_blue_stained_glass_pane net.minecraft.item.crafting.ShapedRecipes@4fd37449
[22:10:40] [Server thread/TRACE] [FML]:   Registry: 223 minecraft:light_blue_stained_glass net.minecraft.item.crafting.ShapedRecipes@5072e638
[22:10:40] [Server thread/TRACE] [FML]:   Registry: 224 minecraft:light_blue_dye_from_lapis_bonemeal net.minecraft.item.crafting.ShapelessRecipes@70c31b17
[22:10:40] [Server thread/TRACE] [FML]:   Registry: 225 minecraft:light_blue_dye_from_blue_orchid net.minecraft.item.crafting.ShapelessRecipes@4cf230bf
[22:10:40] [Server thread/TRACE] [FML]:   Registry: 226 minecraft:light_blue_concrete_powder net.minecraft.item.crafting.ShapelessRecipes@cf984d9
[22:10:40] [Server thread/TRACE] [FML]:   Registry: 227 minecraft:light_blue_carpet net.minecraft.item.crafting.ShapedRecipes@4045fd1f
[22:10:40] [Server thread/TRACE] [FML]:   Registry: 228 minecraft:light_blue_bed_from_white_bed net.minecraft.item.crafting.ShapelessRecipes@3cead673
[22:10:40] [Server thread/TRACE] [FML]:   Registry: 229 minecraft:light_blue_bed net.minecraft.item.crafting.ShapedRecipes@4152bd0f
[22:10:40] [Server thread/TRACE] [FML]:   Registry: 230 minecraft:light_blue_banner net.minecraft.item.crafting.ShapedRecipes@6e49b011
[22:10:40] [Server thread/TRACE] [FML]:   Registry: 231 minecraft:lever net.minecraft.item.crafting.ShapedRecipes@e706aa
[22:10:40] [Server thread/TRACE] [FML]:   Registry: 232 minecraft:leather_leggings net.minecraft.item.crafting.ShapedRecipes@6906be0f
[22:10:40] [Server thread/TRACE] [FML]:   Registry: 233 minecraft:leather_helmet net.minecraft.item.crafting.ShapedRecipes@62ab5e63
[22:10:40] [Server thread/TRACE] [FML]:   Registry: 234 minecraft:leather_chestplate net.minecraft.item.crafting.ShapedRecipes@5310e451
[22:10:40] [Server thread/TRACE] [FML]:   Registry: 235 minecraft:leather_boots net.minecraft.item.crafting.ShapedRecipes@4c41a177
[22:10:40] [Server thread/TRACE] [FML]:   Registry: 236 minecraft:leather net.minecraft.item.crafting.ShapedRecipes@25421809
[22:10:40] [Server thread/TRACE] [FML]:   Registry: 237 minecraft:lead net.minecraft.item.crafting.ShapedRecipes@5f3ddc86
[22:10:40] [Server thread/TRACE] [FML]:   Registry: 238 minecraft:lapis_lazuli net.minecraft.item.crafting.ShapedRecipes@42e202d7
[22:10:40] [Server thread/TRACE] [FML]:   Registry: 239 minecraft:lapis_block net.minecraft.item.crafting.ShapedRecipes@1255de25
[22:10:40] [Server thread/TRACE] [FML]:   Registry: 240 minecraft:ladder net.minecraft.item.crafting.ShapedRecipes@38e46765
[22:10:40] [Server thread/TRACE] [FML]:   Registry: 241 minecraft:jungle_wooden_slab net.minecraft.item.crafting.ShapedRecipes@3221588e
[22:10:40] [Server thread/TRACE] [FML]:   Registry: 242 minecraft:jungle_stairs net.minecraft.item.crafting.ShapedRecipes@d13379e
[22:10:40] [Server thread/TRACE] [FML]:   Registry: 243 minecraft:jungle_planks net.minecraft.item.crafting.ShapedRecipes@1f5d7fd5
[22:10:40] [Server thread/TRACE] [FML]:   Registry: 244 minecraft:jungle_fence_gate net.minecraft.item.crafting.ShapedRecipes@70697478
[22:10:40] [Server thread/TRACE] [FML]:   Registry: 245 minecraft:jungle_fence net.minecraft.item.crafting.ShapedRecipes@2e0652ab
[22:10:40] [Server thread/TRACE] [FML]:   Registry: 246 minecraft:jungle_door net.minecraft.item.crafting.ShapedRecipes@eb1d475
[22:10:40] [Server thread/TRACE] [FML]:   Registry: 247 minecraft:jungle_boat net.minecraft.item.crafting.ShapedRecipes@11bfd751
[22:10:40] [Server thread/TRACE] [FML]:   Registry: 248 minecraft:jukebox net.minecraft.item.crafting.ShapedRecipes@17df689e
[22:10:40] [Server thread/TRACE] [FML]:   Registry: 249 minecraft:item_frame net.minecraft.item.crafting.ShapedRecipes@713e7d9a
[22:10:40] [Server thread/TRACE] [FML]:   Registry: 250 minecraft:iron_trapdoor net.minecraft.item.crafting.ShapedRecipes@3e6acec2
[22:10:40] [Server thread/TRACE] [FML]:   Registry: 251 minecraft:iron_sword net.minecraft.item.crafting.ShapedRecipes@10d4b573
[22:10:40] [Server thread/TRACE] [FML]:   Registry: 252 minecraft:iron_shovel net.minecraft.item.crafting.ShapedRecipes@39f93225
[22:10:40] [Server thread/TRACE] [FML]:   Registry: 253 minecraft:iron_pickaxe net.minecraft.item.crafting.ShapedRecipes@839755f
[22:10:40] [Server thread/TRACE] [FML]:   Registry: 254 minecraft:iron_nugget net.minecraft.item.crafting.ShapedRecipes@17053b5
[22:10:40] [Server thread/TRACE] [FML]:   Registry: 255 minecraft:iron_leggings net.minecraft.item.crafting.ShapedRecipes@1b25d695
[22:10:40] [Server thread/TRACE] [FML]:   Registry: 256 minecraft:iron_ingot_from_nuggets net.minecraft.item.crafting.ShapedRecipes@75e4fe3c
[22:10:40] [Server thread/TRACE] [FML]:   Registry: 257 minecraft:iron_ingot_from_block net.minecraft.item.crafting.ShapedRecipes@77e6761f
[22:10:40] [Server thread/TRACE] [FML]:   Registry: 258 minecraft:iron_hoe net.minecraft.item.crafting.ShapedRecipes@380fdcf2
[22:10:40] [Server thread/TRACE] [FML]:   Registry: 259 minecraft:iron_helmet net.minecraft.item.crafting.ShapedRecipes@15d58530
[22:10:40] [Server thread/TRACE] [FML]:   Registry: 260 minecraft:iron_door net.minecraft.item.crafting.ShapedRecipes@4a890fdd
[22:10:40] [Server thread/TRACE] [FML]:   Registry: 261 minecraft:iron_chestplate net.minecraft.item.crafting.ShapedRecipes@2acb1264
[22:10:40] [Server thread/TRACE] [FML]:   Registry: 262 minecraft:iron_boots net.minecraft.item.crafting.ShapedRecipes@351ede23
[22:10:40] [Server thread/TRACE] [FML]:   Registry: 263 minecraft:iron_block net.minecraft.item.crafting.ShapedRecipes@7c69e1e1
[22:10:40] [Server thread/TRACE] [FML]:   Registry: 264 minecraft:iron_bars net.minecraft.item.crafting.ShapedRecipes@39b85a73
[22:10:40] [Server thread/TRACE] [FML]:   Registry: 265 minecraft:iron_axe net.minecraft.item.crafting.ShapedRecipes@71468613
[22:10:40] [Server thread/TRACE] [FML]:   Registry: 266 minecraft:hopper_minecart net.minecraft.item.crafting.ShapedRecipes@1b19712f
[22:10:40] [Server thread/TRACE] [FML]:   Registry: 267 minecraft:hopper net.minecraft.item.crafting.ShapedRecipes@6d35ff7b
[22:10:40] [Server thread/TRACE] [FML]:   Registry: 268 minecraft:heavy_weighted_pressure_plate net.minecraft.item.crafting.ShapedRecipes@588d630d
[22:10:40] [Server thread/TRACE] [FML]:   Registry: 269 minecraft:hay_block net.minecraft.item.crafting.ShapedRecipes@60e47aab
[22:10:40] [Server thread/TRACE] [FML]:   Registry: 270 minecraft:green_wool net.minecraft.item.crafting.ShapelessRecipes@7884f722
[22:10:40] [Server thread/TRACE] [FML]:   Registry: 271 minecraft:green_stained_hardened_clay net.minecraft.item.crafting.ShapedRecipes@186295cc
[22:10:40] [Server thread/TRACE] [FML]:   Registry: 272 minecraft:green_stained_glass_pane net.minecraft.item.crafting.ShapedRecipes@bfd97fb
[22:10:40] [Server thread/TRACE] [FML]:   Registry: 273 minecraft:green_stained_glass net.minecraft.item.crafting.ShapedRecipes@751686aa
[22:10:40] [Server thread/TRACE] [FML]:   Registry: 274 minecraft:green_concrete_powder net.minecraft.item.crafting.ShapelessRecipes@49d543a9
[22:10:40] [Server thread/TRACE] [FML]:   Registry: 275 minecraft:green_carpet net.minecraft.item.crafting.ShapedRecipes@492c9892
[22:10:40] [Server thread/TRACE] [FML]:   Registry: 276 minecraft:green_bed_from_white_bed net.minecraft.item.crafting.ShapelessRecipes@6475e778
[22:10:40] [Server thread/TRACE] [FML]:   Registry: 277 minecraft:green_bed net.minecraft.item.crafting.ShapedRecipes@356fa0d1
[22:10:40] [Server thread/TRACE] [FML]:   Registry: 278 minecraft:green_banner net.minecraft.item.crafting.ShapedRecipes@2cadcff6
[22:10:40] [Server thread/TRACE] [FML]:   Registry: 279 minecraft:gray_wool net.minecraft.item.crafting.ShapelessRecipes@e5c5e6
[22:10:40] [Server thread/TRACE] [FML]:   Registry: 280 minecraft:gray_stained_hardened_clay net.minecraft.item.crafting.ShapedRecipes@8cb7185
[22:10:40] [Server thread/TRACE] [FML]:   Registry: 281 minecraft:gray_stained_glass_pane net.minecraft.item.crafting.ShapedRecipes@58ec8271
[22:10:40] [Server thread/TRACE] [FML]:   Registry: 282 minecraft:gray_stained_glass net.minecraft.item.crafting.ShapedRecipes@5eb2972f
[22:10:40] [Server thread/TRACE] [FML]:   Registry: 283 minecraft:gray_dye net.minecraft.item.crafting.ShapelessRecipes@25b4754a
[22:10:40] [Server thread/TRACE] [FML]:   Registry: 284 minecraft:gray_concrete_powder net.minecraft.item.crafting.ShapelessRecipes@528f5b7f
[22:10:40] [Server thread/TRACE] [FML]:   Registry: 285 minecraft:gray_carpet net.minecraft.item.crafting.ShapedRecipes@5f166f2e
[22:10:40] [Server thread/TRACE] [FML]:   Registry: 286 minecraft:gray_bed_from_white_bed net.minecraft.item.crafting.ShapelessRecipes@578b2dec
[22:10:40] [Server thread/TRACE] [FML]:   Registry: 287 minecraft:gray_bed net.minecraft.item.crafting.ShapedRecipes@48ee3c2d
[22:10:40] [Server thread/TRACE] [FML]:   Registry: 288 minecraft:gray_banner net.minecraft.item.crafting.ShapedRecipes@218f2f51
[22:10:40] [Server thread/TRACE] [FML]:   Registry: 289 minecraft:granite net.minecraft.item.crafting.ShapelessRecipes@43756cb
[22:10:40] [Server thread/TRACE] [FML]:   Registry: 290 minecraft:golden_sword net.minecraft.item.crafting.ShapedRecipes@1a336906
[22:10:40] [Server thread/TRACE] [FML]:   Registry: 291 minecraft:golden_shovel net.minecraft.item.crafting.ShapedRecipes@69bc4024
[22:10:40] [Server thread/TRACE] [FML]:   Registry: 292 minecraft:golden_rail net.minecraft.item.crafting.ShapedRecipes@311d28f5
[22:10:40] [Server thread/TRACE] [FML]:   Registry: 293 minecraft:golden_pickaxe net.minecraft.item.crafting.ShapedRecipes@28e48b65
[22:10:40] [Server thread/TRACE] [FML]:   Registry: 294 minecraft:golden_leggings net.minecraft.item.crafting.ShapedRecipes@2e0516a3
[22:10:40] [Server thread/TRACE] [FML]:   Registry: 295 minecraft:golden_hoe net.minecraft.item.crafting.ShapedRecipes@35fb3209
[22:10:40] [Server thread/TRACE] [FML]:   Registry: 296 minecraft:golden_helmet net.minecraft.item.crafting.ShapedRecipes@70439c3
[22:10:40] [Server thread/TRACE] [FML]:   Registry: 297 minecraft:golden_chestplate net.minecraft.item.crafting.ShapedRecipes@51cca357
[22:10:40] [Server thread/TRACE] [FML]:   Registry: 298 minecraft:golden_carrot net.minecraft.item.crafting.ShapedRecipes@5a205ee5
[22:10:40] [Server thread/TRACE] [FML]:   Registry: 299 minecraft:golden_boots net.minecraft.item.crafting.ShapedRecipes@5256fbc
[22:10:40] [Server thread/TRACE] [FML]:   Registry: 300 minecraft:golden_axe net.minecraft.item.crafting.ShapedRecipes@56f2c9e8
[22:10:40] [Server thread/TRACE] [FML]:   Registry: 301 minecraft:golden_apple net.minecraft.item.crafting.ShapedRecipes@6cc56b32
[22:10:40] [Server thread/TRACE] [FML]:   Registry: 302 minecraft:gold_nugget net.minecraft.item.crafting.ShapedRecipes@2d0f548a
[22:10:40] [Server thread/TRACE] [FML]:   Registry: 303 minecraft:gold_ingot_from_nuggets net.minecraft.item.crafting.ShapedRecipes@900649e
[22:10:40] [Server thread/TRACE] [FML]:   Registry: 304 minecraft:gold_ingot_from_block net.minecraft.item.crafting.ShapedRecipes@37caecda
[22:10:40] [Server thread/TRACE] [FML]:   Registry: 305 minecraft:gold_block net.minecraft.item.crafting.ShapedRecipes@35554635
[22:10:40] [Server thread/TRACE] [FML]:   Registry: 306 minecraft:glowstone net.minecraft.item.crafting.ShapedRecipes@70592729
[22:10:40] [Server thread/TRACE] [FML]:   Registry: 307 minecraft:glass_pane net.minecraft.item.crafting.ShapedRecipes@304068
[22:10:40] [Server thread/TRACE] [FML]:   Registry: 308 minecraft:glass_bottle net.minecraft.item.crafting.ShapedRecipes@6dd38df2
[22:10:40] [Server thread/TRACE] [FML]:   Registry: 309 minecraft:furnace_minecart net.minecraft.item.crafting.ShapedRecipes@34eaf9c1
[22:10:40] [Server thread/TRACE] [FML]:   Registry: 310 minecraft:furnace net.minecraft.item.crafting.ShapedRecipes@248b2b61
[22:10:40] [Server thread/TRACE] [FML]:   Registry: 311 minecraft:flower_pot net.minecraft.item.crafting.ShapedRecipes@4ca5cb99
[22:10:40] [Server thread/TRACE] [FML]:   Registry: 312 minecraft:flint_and_steel net.minecraft.item.crafting.ShapelessRecipes@1115be8c
[22:10:40] [Server thread/TRACE] [FML]:   Registry: 313 minecraft:fishing_rod net.minecraft.item.crafting.ShapedRecipes@69f69078
[22:10:40] [Server thread/TRACE] [FML]:   Registry: 314 minecraft:fire_charge net.minecraft.item.crafting.ShapelessRecipes@7dddfc35
[22:10:40] [Server thread/TRACE] [FML]:   Registry: 315 minecraft:fermented_spider_eye net.minecraft.item.crafting.ShapelessRecipes@2b8cf049
[22:10:40] [Server thread/TRACE] [FML]:   Registry: 316 minecraft:fence_gate net.minecraft.item.crafting.ShapedRecipes@6c1e40d9
[22:10:40] [Server thread/TRACE] [FML]:   Registry: 317 minecraft:fence net.minecraft.item.crafting.ShapedRecipes@6f52a229
[22:10:40] [Server thread/TRACE] [FML]:   Registry: 318 minecraft:ender_eye net.minecraft.item.crafting.ShapelessRecipes@1c3d9e28
[22:10:40] [Server thread/TRACE] [FML]:   Registry: 319 minecraft:ender_chest net.minecraft.item.crafting.ShapedRecipes@49bb808f
[22:10:40] [Server thread/TRACE] [FML]:   Registry: 320 minecraft:end_rod net.minecraft.item.crafting.ShapedRecipes@185339ed
[22:10:40] [Server thread/TRACE] [FML]:   Registry: 321 minecraft:end_crystal net.minecraft.item.crafting.ShapedRecipes@68c4db77
[22:10:40] [Server thread/TRACE] [FML]:   Registry: 322 minecraft:end_bricks net.minecraft.item.crafting.ShapedRecipes@7e89eba7
[22:10:40] [Server thread/TRACE] [FML]:   Registry: 323 minecraft:enchanting_table net.minecraft.item.crafting.ShapedRecipes@72f35a31
[22:10:40] [Server thread/TRACE] [FML]:   Registry: 324 minecraft:emerald_block net.minecraft.item.crafting.ShapedRecipes@407f2029
[22:10:40] [Server thread/TRACE] [FML]:   Registry: 325 minecraft:emerald net.minecraft.item.crafting.ShapedRecipes@7a30e30b
[22:10:40] [Server thread/TRACE] [FML]:   Registry: 326 minecraft:dropper net.minecraft.item.crafting.ShapedRecipes@77cc6a28
[22:10:40] [Server thread/TRACE] [FML]:   Registry: 327 minecraft:dispenser net.minecraft.item.crafting.ShapedRecipes@6f65aa58
[22:10:40] [Server thread/TRACE] [FML]:   Registry: 328 minecraft:diorite net.minecraft.item.crafting.ShapedRecipes@fb5d334
[22:10:40] [Server thread/TRACE] [FML]:   Registry: 329 minecraft:diamond_sword net.minecraft.item.crafting.ShapedRecipes@27ec0d06
[22:10:40] [Server thread/TRACE] [FML]:   Registry: 330 minecraft:diamond_shovel net.minecraft.item.crafting.ShapedRecipes@3a48c398
[22:10:40] [Server thread/TRACE] [FML]:   Registry: 331 minecraft:diamond_pickaxe net.minecraft.item.crafting.ShapedRecipes@7be3abaa
[22:10:40] [Server thread/TRACE] [FML]:   Registry: 332 minecraft:diamond_leggings net.minecraft.item.crafting.ShapedRecipes@5aac6f9f
[22:10:40] [Server thread/TRACE] [FML]:   Registry: 333 minecraft:diamond_hoe net.minecraft.item.crafting.ShapedRecipes@38848217
[22:10:40] [Server thread/TRACE] [FML]:   Registry: 334 minecraft:diamond_helmet net.minecraft.item.crafting.ShapedRecipes@792e8181
[22:10:40] [Server thread/TRACE] [FML]:   Registry: 335 minecraft:diamond_chestplate net.minecraft.item.crafting.ShapedRecipes@23bd2f6e
[22:10:40] [Server thread/TRACE] [FML]:   Registry: 336 minecraft:diamond_boots net.minecraft.item.crafting.ShapedRecipes@54997f67
[22:10:40] [Server thread/TRACE] [FML]:   Registry: 337 minecraft:diamond_block net.minecraft.item.crafting.ShapedRecipes@76b05c0
[22:10:40] [Server thread/TRACE] [FML]:   Registry: 338 minecraft:diamond_axe net.minecraft.item.crafting.ShapedRecipes@13374ca6
[22:10:40] [Server thread/TRACE] [FML]:   Registry: 339 minecraft:diamond net.minecraft.item.crafting.ShapedRecipes@55c46ec1
[22:10:40] [Server thread/TRACE] [FML]:   Registry: 340 minecraft:detector_rail net.minecraft.item.crafting.ShapedRecipes@326706d
[22:10:40] [Server thread/TRACE] [FML]:   Registry: 341 minecraft:daylight_detector net.minecraft.item.crafting.ShapedRecipes@5e1d1524
[22:10:40] [Server thread/TRACE] [FML]:   Registry: 342 minecraft:dark_prismarine net.minecraft.item.crafting.ShapedRecipes@12608986
[22:10:40] [Server thread/TRACE] [FML]:   Registry: 343 minecraft:dark_oak_wooden_slab net.minecraft.item.crafting.ShapedRecipes@30e2016a
[22:10:40] [Server thread/TRACE] [FML]:   Registry: 344 minecraft:dark_oak_stairs net.minecraft.item.crafting.ShapedRecipes@61d09475
[22:10:40] [Server thread/TRACE] [FML]:   Registry: 345 minecraft:dark_oak_planks net.minecraft.item.crafting.ShapedRecipes@7f70e244
[22:10:40] [Server thread/TRACE] [FML]:   Registry: 346 minecraft:dark_oak_fence_gate net.minecraft.item.crafting.ShapedRecipes@6d2db15b
[22:10:40] [Server thread/TRACE] [FML]:   Registry: 347 minecraft:dark_oak_fence net.minecraft.item.crafting.ShapedRecipes@7bbd76b8
[22:10:40] [Server thread/TRACE] [FML]:   Registry: 348 minecraft:dark_oak_door net.minecraft.item.crafting.ShapedRecipes@ce19c86
[22:10:40] [Server thread/TRACE] [FML]:   Registry: 349 minecraft:dark_oak_boat net.minecraft.item.crafting.ShapedRecipes@1bb4c431
[22:10:40] [Server thread/TRACE] [FML]:   Registry: 350 minecraft:cyan_wool net.minecraft.item.crafting.ShapelessRecipes@56b66a26
[22:10:40] [Server thread/TRACE] [FML]:   Registry: 351 minecraft:cyan_stained_hardened_clay net.minecraft.item.crafting.ShapedRecipes@6dbb3d7d
[22:10:40] [Server thread/TRACE] [FML]:   Registry: 352 minecraft:cyan_stained_glass_pane net.minecraft.item.crafting.ShapedRecipes@3ea9a091
[22:10:40] [Server thread/TRACE] [FML]:   Registry: 353 minecraft:cyan_stained_glass net.minecraft.item.crafting.ShapedRecipes@543da15
[22:10:40] [Server thread/TRACE] [FML]:   Registry: 354 minecraft:cyan_dye net.minecraft.item.crafting.ShapelessRecipes@210d3a42
[22:10:40] [Server thread/TRACE] [FML]:   Registry: 355 minecraft:cyan_concrete_powder net.minecraft.item.crafting.ShapelessRecipes@4cef0747
[22:10:40] [Server thread/TRACE] [FML]:   Registry: 356 minecraft:cyan_carpet net.minecraft.item.crafting.ShapedRecipes@113d0f75
[22:10:40] [Server thread/TRACE] [FML]:   Registry: 357 minecraft:cyan_bed_from_white_bed net.minecraft.item.crafting.ShapelessRecipes@7d17906
[22:10:40] [Server thread/TRACE] [FML]:   Registry: 358 minecraft:cyan_bed net.minecraft.item.crafting.ShapedRecipes@5534e6f1
[22:10:40] [Server thread/TRACE] [FML]:   Registry: 359 minecraft:cyan_banner net.minecraft.item.crafting.ShapedRecipes@2ae2fa13
[22:10:40] [Server thread/TRACE] [FML]:   Registry: 360 minecraft:crafting_table net.minecraft.item.crafting.ShapedRecipes@22604c7e
[22:10:40] [Server thread/TRACE] [FML]:   Registry: 361 minecraft:cookie net.minecraft.item.crafting.ShapedRecipes@1e4d8770
[22:10:40] [Server thread/TRACE] [FML]:   Registry: 362 minecraft:compass net.minecraft.item.crafting.ShapedRecipes@13404f75
[22:10:40] [Server thread/TRACE] [FML]:   Registry: 363 minecraft:comparator net.minecraft.item.crafting.ShapedRecipes@53e4a19e
[22:10:40] [Server thread/TRACE] [FML]:   Registry: 364 minecraft:cobblestone_wall net.minecraft.item.crafting.ShapedRecipes@38ebc866
[22:10:40] [Server thread/TRACE] [FML]:   Registry: 365 minecraft:cobblestone_slab net.minecraft.item.crafting.ShapedRecipes@7a7f9d45
[22:10:40] [Server thread/TRACE] [FML]:   Registry: 366 minecraft:coarse_dirt net.minecraft.item.crafting.ShapedRecipes@1fc5c0b2
[22:10:40] [Server thread/TRACE] [FML]:   Registry: 367 minecraft:coal_block net.minecraft.item.crafting.ShapedRecipes@6bdedbbd
[22:10:40] [Server thread/TRACE] [FML]:   Registry: 368 minecraft:coal net.minecraft.item.crafting.ShapedRecipes@30bd39d5
[22:10:40] [Server thread/TRACE] [FML]:   Registry: 369 minecraft:clock net.minecraft.item.crafting.ShapedRecipes@3bc891f2
[22:10:40] [Server thread/TRACE] [FML]:   Registry: 370 minecraft:clay net.minecraft.item.crafting.ShapedRecipes@3534651a
[22:10:40] [Server thread/TRACE] [FML]:   Registry: 371 minecraft:chiseled_stonebrick net.minecraft.item.crafting.ShapedRecipes@3f122cdc
[22:10:40] [Server thread/TRACE] [FML]:   Registry: 372 minecraft:chiseled_sandstone net.minecraft.item.crafting.ShapedRecipes@4bff28e7
[22:10:40] [Server thread/TRACE] [FML]:   Registry: 373 minecraft:chiseled_red_sandstone net.minecraft.item.crafting.ShapedRecipes@5e95b0ab
[22:10:40] [Server thread/TRACE] [FML]:   Registry: 374 minecraft:chiseled_quartz_block net.minecraft.item.crafting.ShapedRecipes@141b011a
[22:10:40] [Server thread/TRACE] [FML]:   Registry: 375 minecraft:chest_minecart net.minecraft.item.crafting.ShapedRecipes@45311a99
[22:10:40] [Server thread/TRACE] [FML]:   Registry: 376 minecraft:chest net.minecraft.item.crafting.ShapedRecipes@f237ae7
[22:10:40] [Server thread/TRACE] [FML]:   Registry: 377 minecraft:cauldron net.minecraft.item.crafting.ShapedRecipes@6339e604
[22:10:40] [Server thread/TRACE] [FML]:   Registry: 378 minecraft:carrot_on_a_stick net.minecraft.item.crafting.ShapedRecipes@18463720
[22:10:40] [Server thread/TRACE] [FML]:   Registry: 379 minecraft:cake net.minecraft.item.crafting.ShapedRecipes@47e60b71
[22:10:40] [Server thread/TRACE] [FML]:   Registry: 380 minecraft:bucket net.minecraft.item.crafting.ShapedRecipes@1eb9d69a
[22:10:40] [Server thread/TRACE] [FML]:   Registry: 381 minecraft:brown_wool net.minecraft.item.crafting.ShapelessRecipes@49a06087
[22:10:40] [Server thread/TRACE] [FML]:   Registry: 382 minecraft:brown_stained_hardened_clay net.minecraft.item.crafting.ShapedRecipes@5a6efe33
[22:10:40] [Server thread/TRACE] [FML]:   Registry: 383 minecraft:brown_stained_glass_pane net.minecraft.item.crafting.ShapedRecipes@2ecdcfe3
[22:10:40] [Server thread/TRACE] [FML]:   Registry: 384 minecraft:brown_stained_glass net.minecraft.item.crafting.ShapedRecipes@46591e98
[22:10:40] [Server thread/TRACE] [FML]:   Registry: 385 minecraft:brown_concrete_powder net.minecraft.item.crafting.ShapelessRecipes@1cb44a2f
[22:10:40] [Server thread/TRACE] [FML]:   Registry: 386 minecraft:brown_carpet net.minecraft.item.crafting.ShapedRecipes@212e39ee
[22:10:40] [Server thread/TRACE] [FML]:   Registry: 387 minecraft:brown_bed_from_white_bed net.minecraft.item.crafting.ShapelessRecipes@131d977f
[22:10:40] [Server thread/TRACE] [FML]:   Registry: 388 minecraft:brown_bed net.minecraft.item.crafting.ShapedRecipes@5e2975ca
[22:10:40] [Server thread/TRACE] [FML]:   Registry: 389 minecraft:brown_banner net.minecraft.item.crafting.ShapedRecipes@5e681097
[22:10:40] [Server thread/TRACE] [FML]:   Registry: 390 minecraft:brick_stairs net.minecraft.item.crafting.ShapedRecipes@b56c222
[22:10:40] [Server thread/TRACE] [FML]:   Registry: 391 minecraft:brick_slab net.minecraft.item.crafting.ShapedRecipes@41bd6a0f
[22:10:40] [Server thread/TRACE] [FML]:   Registry: 392 minecraft:brick_block net.minecraft.item.crafting.ShapedRecipes@30bbe83
[22:10:40] [Server thread/TRACE] [FML]:   Registry: 393 minecraft:brewing_stand net.minecraft.item.crafting.ShapedRecipes@2c0fefac
[22:10:40] [Server thread/TRACE] [FML]:   Registry: 394 minecraft:bread net.minecraft.item.crafting.ShapedRecipes@688d619c
[22:10:40] [Server thread/TRACE] [FML]:   Registry: 395 minecraft:bowl net.minecraft.item.crafting.ShapedRecipes@362be0cd
[22:10:40] [Server thread/TRACE] [FML]:   Registry: 396 minecraft:bow net.minecraft.item.crafting.ShapedRecipes@2f75a9b1
[22:10:40] [Server thread/TRACE] [FML]:   Registry: 397 minecraft:bookshelf net.minecraft.item.crafting.ShapedRecipes@19e801b5
[22:10:40] [Server thread/TRACE] [FML]:   Registry: 398 minecraft:book net.minecraft.item.crafting.ShapelessRecipes@5ad40184
[22:10:40] [Server thread/TRACE] [FML]:   Registry: 399 minecraft:bone_meal_from_bone net.minecraft.item.crafting.ShapelessRecipes@3f908bc0
[22:10:40] [Server thread/TRACE] [FML]:   Registry: 400 minecraft:bone_meal_from_block net.minecraft.item.crafting.ShapelessRecipes@4b8a0d03
[22:10:40] [Server thread/TRACE] [FML]:   Registry: 401 minecraft:bone_block net.minecraft.item.crafting.ShapedRecipes@d6d683e
[22:10:40] [Server thread/TRACE] [FML]:   Registry: 402 minecraft:boat net.minecraft.item.crafting.ShapedRecipes@17f41739
[22:10:40] [Server thread/TRACE] [FML]:   Registry: 403 minecraft:blue_wool net.minecraft.item.crafting.ShapelessRecipes@144440f5
[22:10:40] [Server thread/TRACE] [FML]:   Registry: 404 minecraft:blue_stained_hardened_clay net.minecraft.item.crafting.ShapedRecipes@43f99817
[22:10:40] [Server thread/TRACE] [FML]:   Registry: 405 minecraft:blue_stained_glass_pane net.minecraft.item.crafting.ShapedRecipes@3ec7ad61
[22:10:40] [Server thread/TRACE] [FML]:   Registry: 406 minecraft:blue_stained_glass net.minecraft.item.crafting.ShapedRecipes@7c682e26
[22:10:40] [Server thread/TRACE] [FML]:   Registry: 407 minecraft:blue_concrete_powder net.minecraft.item.crafting.ShapelessRecipes@2a99fa07
[22:10:40] [Server thread/TRACE] [FML]:   Registry: 408 minecraft:blue_carpet net.minecraft.item.crafting.ShapedRecipes@323efafe
[22:10:40] [Server thread/TRACE] [FML]:   Registry: 409 minecraft:blue_bed_from_white_bed net.minecraft.item.crafting.ShapelessRecipes@4182a651
[22:10:40] [Server thread/TRACE] [FML]:   Registry: 410 minecraft:blue_bed net.minecraft.item.crafting.ShapedRecipes@799fb45e
[22:10:40] [Server thread/TRACE] [FML]:   Registry: 411 minecraft:blue_banner net.minecraft.item.crafting.ShapedRecipes@299cab08
[22:10:40] [Server thread/TRACE] [FML]:   Registry: 412 minecraft:blaze_powder net.minecraft.item.crafting.ShapelessRecipes@6ffc6ea7
[22:10:40] [Server thread/TRACE] [FML]:   Registry: 413 minecraft:black_wool net.minecraft.item.crafting.ShapelessRecipes@5627b8eb
[22:10:40] [Server thread/TRACE] [FML]:   Registry: 414 minecraft:black_stained_hardened_clay net.minecraft.item.crafting.ShapedRecipes@397a10df
[22:10:40] [Server thread/TRACE] [FML]:   Registry: 415 minecraft:black_stained_glass_pane net.minecraft.item.crafting.ShapedRecipes@63eea8c4
[22:10:40] [Server thread/TRACE] [FML]:   Registry: 416 minecraft:black_stained_glass net.minecraft.item.crafting.ShapedRecipes@280d6a20
[22:10:40] [Server thread/TRACE] [FML]:   Registry: 417 minecraft:black_concrete_powder net.minecraft.item.crafting.ShapelessRecipes@5960f17
[22:10:40] [Server thread/TRACE] [FML]:   Registry: 418 minecraft:black_carpet net.minecraft.item.crafting.ShapedRecipes@174e1b99
[22:10:40] [Server thread/TRACE] [FML]:   Registry: 419 minecraft:black_bed_from_white_bed net.minecraft.item.crafting.ShapelessRecipes@24068086
[22:10:40] [Server thread/TRACE] [FML]:   Registry: 420 minecraft:black_bed net.minecraft.item.crafting.ShapedRecipes@546083d6
[22:10:40] [Server thread/TRACE] [FML]:   Registry: 421 minecraft:black_banner net.minecraft.item.crafting.ShapedRecipes@5896b9f5
[22:10:40] [Server thread/TRACE] [FML]:   Registry: 422 minecraft:birch_wooden_slab net.minecraft.item.crafting.ShapedRecipes@570ed9c
[22:10:40] [Server thread/TRACE] [FML]:   Registry: 423 minecraft:birch_stairs net.minecraft.item.crafting.ShapedRecipes@1fe05fff
[22:10:40] [Server thread/TRACE] [FML]:   Registry: 424 minecraft:birch_planks net.minecraft.item.crafting.ShapedRecipes@6ffbf0ac
[22:10:40] [Server thread/TRACE] [FML]:   Registry: 425 minecraft:birch_fence_gate net.minecraft.item.crafting.ShapedRecipes@fceab5d
[22:10:40] [Server thread/TRACE] [FML]:   Registry: 426 minecraft:birch_fence net.minecraft.item.crafting.ShapedRecipes@1fa18f87
[22:10:40] [Server thread/TRACE] [FML]:   Registry: 427 minecraft:birch_door net.minecraft.item.crafting.ShapedRecipes@2b1d1a5
[22:10:40] [Server thread/TRACE] [FML]:   Registry: 428 minecraft:birch_boat net.minecraft.item.crafting.ShapedRecipes@5b88af70
[22:10:40] [Server thread/TRACE] [FML]:   Registry: 429 minecraft:beetroot_soup net.minecraft.item.crafting.ShapedRecipes@4bc21e34
[22:10:40] [Server thread/TRACE] [FML]:   Registry: 430 minecraft:beacon net.minecraft.item.crafting.ShapedRecipes@3573e19d
[22:10:40] [Server thread/TRACE] [FML]:   Registry: 431 minecraft:arrow net.minecraft.item.crafting.ShapedRecipes@377e90b0
[22:10:40] [Server thread/TRACE] [FML]:   Registry: 432 minecraft:armor_stand net.minecraft.item.crafting.ShapedRecipes@7d5ef1c3
[22:10:40] [Server thread/TRACE] [FML]:   Registry: 433 minecraft:anvil net.minecraft.item.crafting.ShapedRecipes@5bf7f15f
[22:10:40] [Server thread/TRACE] [FML]:   Registry: 434 minecraft:andesite net.minecraft.item.crafting.ShapelessRecipes@2c154508
[22:10:40] [Server thread/TRACE] [FML]:   Registry: 435 minecraft:activator_rail net.minecraft.item.crafting.ShapedRecipes@8b1202a
[22:10:40] [Server thread/TRACE] [FML]:   Registry: 436 minecraft:acacia_wooden_slab net.minecraft.item.crafting.ShapedRecipes@32646ecf
[22:10:40] [Server thread/TRACE] [FML]:   Registry: 437 minecraft:acacia_stairs net.minecraft.item.crafting.ShapedRecipes@2cff5aa3
[22:10:40] [Server thread/TRACE] [FML]:   Registry: 438 minecraft:acacia_planks net.minecraft.item.crafting.ShapedRecipes@25df2014
[22:10:40] [Server thread/TRACE] [FML]:   Registry: 439 minecraft:acacia_fence_gate net.minecraft.item.crafting.ShapedRecipes@35f01759
[22:10:40] [Server thread/TRACE] [FML]:   Registry: 440 minecraft:acacia_fence net.minecraft.item.crafting.ShapedRecipes@27fc0217
[22:10:40] [Server thread/TRACE] [FML]:   Registry: 441 minecraft:acacia_door net.minecraft.item.crafting.ShapedRecipes@c1a74d
[22:10:40] [Server thread/TRACE] [FML]:   Registry: 442 minecraft:acacia_boat net.minecraft.item.crafting.ShapedRecipes@413eaf5d
[22:10:40] [Server thread/TRACE] [FML]:   Registry: 443 dungeonsmod:saddle net.minecraft.item.crafting.ShapedRecipes@71cb4663
[22:10:40] [Server thread/TRACE] [FML]:   Registry: 444 dungeonsmod:home_gem net.minecraft.item.crafting.ShapedRecipes@43b16e7a
[22:10:40] [Server thread/TRACE] [FML]:   Registry: 445 sexmod:npc_editor_wand net.minecraft.item.crafting.ShapedRecipes@61b1c16b
[22:10:40] [Server thread/TRACE] [FML]:   Registry: 446 sexmod:dragonstaff net.minecraft.item.crafting.ShapedRecipes@258aeb86
[22:10:40] [Server thread/TRACE] [FML]:   Registry: 447 travelersbackpack:travelers_backpack_zombie com.tiviacz.travelersbackpack.common.ShapedBackpackRecipe@6ed4fe2c
[22:10:40] [Server thread/TRACE] [FML]:   Registry: 448 travelersbackpack:travelers_backpack_yellow com.tiviacz.travelersbackpack.common.ShapedBackpackRecipe@5730b160
[22:10:40] [Server thread/TRACE] [FML]:   Registry: 449 travelersbackpack:travelers_backpack_wolf com.tiviacz.travelersbackpack.common.ShapedBackpackRecipe@1d5649cb
[22:10:40] [Server thread/TRACE] [FML]:   Registry: 450 travelersbackpack:travelers_backpack_witherskeleton com.tiviacz.travelersbackpack.common.ShapedBackpackRecipe@870d380
[22:10:40] [Server thread/TRACE] [FML]:   Registry: 451 travelersbackpack:travelers_backpack_wither com.tiviacz.travelersbackpack.common.ShapedBackpackRecipe@13a18fc0
[22:10:40] [Server thread/TRACE] [FML]:   Registry: 452 travelersbackpack:travelers_backpack_white com.tiviacz.travelersbackpack.common.ShapedBackpackRecipe@59a316c1
[22:10:40] [Server thread/TRACE] [FML]:   Registry: 453 travelersbackpack:travelers_backpack_to_standard com.tiviacz.travelersbackpack.common.ShapelessBackpackRecipe@36b3e2d8
[22:10:40] [Server thread/TRACE] [FML]:   Registry: 454 travelersbackpack:travelers_backpack_sunflower com.tiviacz.travelersbackpack.common.ShapedBackpackRecipe@4c2b8e0b
[22:10:40] [Server thread/TRACE] [FML]:   Registry: 455 travelersbackpack:travelers_backpack_standard net.minecraft.item.crafting.ShapedRecipes@36e6c397
[22:10:40] [Server thread/TRACE] [FML]:   Registry: 456 travelersbackpack:travelers_backpack_squid com.tiviacz.travelersbackpack.common.ShapedBackpackRecipe@7a968f61
[22:10:40] [Server thread/TRACE] [FML]:   Registry: 457 travelersbackpack:travelers_backpack_sponge com.tiviacz.travelersbackpack.common.ShapedBackpackRecipe@3670aef9
[22:10:40] [Server thread/TRACE] [FML]:   Registry: 458 travelersbackpack:travelers_backpack_spider com.tiviacz.travelersbackpack.common.ShapedBackpackRecipe@c38ebfe
[22:10:40] [Server thread/TRACE] [FML]:   Registry: 459 travelersbackpack:travelers_backpack_snow com.tiviacz.travelersbackpack.common.ShapedBackpackRecipe@286abcea
[22:10:40] [Server thread/TRACE] [FML]:   Registry: 460 travelersbackpack:travelers_backpack_slime com.tiviacz.travelersbackpack.common.ShapedBackpackRecipe@a3d93b6
[22:10:40] [Server thread/TRACE] [FML]:   Registry: 461 travelersbackpack:travelers_backpack_skeleton com.tiviacz.travelersbackpack.common.ShapedBackpackRecipe@5307c2de
[22:10:40] [Server thread/TRACE] [FML]:   Registry: 462 travelersbackpack:travelers_backpack_silverfish com.tiviacz.travelersbackpack.common.ShapedBackpackRecipe@5ae43d7c
[22:10:40] [Server thread/TRACE] [FML]:   Registry: 463 travelersbackpack:travelers_backpack_sheep com.tiviacz.travelersbackpack.common.ShapedBackpackRecipe@258bcdf5
[22:10:40] [Server thread/TRACE] [FML]:   Registry: 464 travelersbackpack:travelers_backpack_sandstone com.tiviacz.travelersbackpack.common.ShapedBackpackRecipe@441a200c
[22:10:40] [Server thread/TRACE] [FML]:   Registry: 465 travelersbackpack:travelers_backpack_redstone com.tiviacz.travelersbackpack.common.ShapedBackpackRecipe@2a07331
[22:10:40] [Server thread/TRACE] [FML]:   Registry: 466 travelersbackpack:travelers_backpack_redmushroom com.tiviacz.travelersbackpack.common.ShapedBackpackRecipe@465597c6
[22:10:40] [Server thread/TRACE] [FML]:   Registry: 467 travelersbackpack:travelers_backpack_red com.tiviacz.travelersbackpack.common.ShapedBackpackRecipe@18649004
[22:10:40] [Server thread/TRACE] [FML]:   Registry: 468 travelersbackpack:travelers_backpack_rainbow com.tiviacz.travelersbackpack.common.ShapedBackpackRecipe@40fdf338
[22:10:40] [Server thread/TRACE] [FML]:   Registry: 469 travelersbackpack:travelers_backpack_quartz com.tiviacz.travelersbackpack.common.ShapedBackpackRecipe@1296369a
[22:10:40] [Server thread/TRACE] [FML]:   Registry: 470 travelersbackpack:travelers_backpack_purple com.tiviacz.travelersbackpack.common.ShapedBackpackRecipe@64283e1c
[22:10:40] [Server thread/TRACE] [FML]:   Registry: 471 travelersbackpack:travelers_backpack_pumpkin com.tiviacz.travelersbackpack.common.ShapedBackpackRecipe@4e33b8bc
[22:10:40] [Server thread/TRACE] [FML]:   Registry: 472 travelersbackpack:travelers_backpack_pink com.tiviacz.travelersbackpack.common.ShapedBackpackRecipe@614c37d2
[22:10:40] [Server thread/TRACE] [FML]:   Registry: 473 travelersbackpack:travelers_backpack_pig com.tiviacz.travelersbackpack.common.ShapedBackpackRecipe@641b300
[22:10:40] [Server thread/TRACE] [FML]:   Registry: 474 travelersbackpack:travelers_backpack_overworld com.tiviacz.travelersbackpack.common.ShapedBackpackRecipe@72a09d7f
[22:10:40] [Server thread/TRACE] [FML]:   Registry: 475 travelersbackpack:travelers_backpack_orange com.tiviacz.travelersbackpack.common.ShapedBackpackRecipe@485e5676
[22:10:40] [Server thread/TRACE] [FML]:   Registry: 476 travelersbackpack:travelers_backpack_ocelot com.tiviacz.travelersbackpack.common.ShapedBackpackRecipe@1ae8f315
[22:10:40] [Server thread/TRACE] [FML]:   Registry: 477 travelersbackpack:travelers_backpack_obsidian com.tiviacz.travelersbackpack.common.ShapedBackpackRecipe@45b96e6a
[22:10:40] [Server thread/TRACE] [FML]:   Registry: 478 travelersbackpack:travelers_backpack_nether com.tiviacz.travelersbackpack.common.ShapedBackpackRecipe@4d16459
[22:10:40] [Server thread/TRACE] [FML]:   Registry: 479 travelersbackpack:travelers_backpack_mooshroom com.tiviacz.travelersbackpack.common.ShapedBackpackRecipe@35b7c264
[22:10:40] [Server thread/TRACE] [FML]:   Registry: 480 travelersbackpack:travelers_backpack_moddednetwork com.tiviacz.travelersbackpack.common.ShapedBackpackRecipe@5f19eac4
[22:10:40] [Server thread/TRACE] [FML]:   Registry: 481 travelersbackpack:travelers_backpack_melon com.tiviacz.travelersbackpack.common.ShapedBackpackRecipe@3d80bd07
[22:10:40] [Server thread/TRACE] [FML]:   Registry: 482 travelersbackpack:travelers_backpack_magmacube com.tiviacz.travelersbackpack.common.ShapedBackpackRecipe@668f1850
[22:10:40] [Server thread/TRACE] [FML]:   Registry: 483 travelersbackpack:travelers_backpack_magenta com.tiviacz.travelersbackpack.common.ShapedBackpackRecipe@72bb46c6
[22:10:40] [Server thread/TRACE] [FML]:   Registry: 484 travelersbackpack:travelers_backpack_lime com.tiviacz.travelersbackpack.common.ShapedBackpackRecipe@7c1b4e63
[22:10:40] [Server thread/TRACE] [FML]:   Registry: 485 travelersbackpack:travelers_backpack_lightgray com.tiviacz.travelersbackpack.common.ShapedBackpackRecipe@3a7b04f6
[22:10:40] [Server thread/TRACE] [FML]:   Registry: 486 travelersbackpack:travelers_backpack_lightblue com.tiviacz.travelersbackpack.common.ShapedBackpackRecipe@781210e7
[22:10:40] [Server thread/TRACE] [FML]:   Registry: 487 travelersbackpack:travelers_backpack_leather com.tiviacz.travelersbackpack.common.ShapedBackpackRecipe@26209b78
[22:10:40] [Server thread/TRACE] [FML]:   Registry: 488 travelersbackpack:travelers_backpack_lapis com.tiviacz.travelersbackpack.common.ShapedBackpackRecipe@64ea5345
[22:10:40] [Server thread/TRACE] [FML]:   Registry: 489 travelersbackpack:travelers_backpack_iron com.tiviacz.travelersbackpack.common.ShapedBackpackRecipe@f869814
[22:10:40] [Server thread/TRACE] [FML]:   Registry: 490 travelersbackpack:travelers_backpack_horse com.tiviacz.travelersbackpack.common.ShapedBackpackRecipe@3dff2afb
[22:10:40] [Server thread/TRACE] [FML]:   Registry: 491 travelersbackpack:travelers_backpack_haybale com.tiviacz.travelersbackpack.common.ShapedBackpackRecipe@5078d14e
[22:10:40] [Server thread/TRACE] [FML]:   Registry: 492 travelersbackpack:travelers_backpack_green com.tiviacz.travelersbackpack.common.ShapedBackpackRecipe@344854
[22:10:40] [Server thread/TRACE] [FML]:   Registry: 493 travelersbackpack:travelers_backpack_gray com.tiviacz.travelersbackpack.common.ShapedBackpackRecipe@1cb41efd
[22:10:40] [Server thread/TRACE] [FML]:   Registry: 494 travelersbackpack:travelers_backpack_gold com.tiviacz.travelersbackpack.common.ShapedBackpackRecipe@74f98e10
[22:10:40] [Server thread/TRACE] [FML]:   Registry: 495 travelersbackpack:travelers_backpack_glowstone com.tiviacz.travelersbackpack.common.ShapedBackpackRecipe@76a9848b
[22:10:40] [Server thread/TRACE] [FML]:   Registry: 496 travelersbackpack:travelers_backpack_ghast com.tiviacz.travelersbackpack.common.ShapedBackpackRecipe@43b30af2
[22:10:40] [Server thread/TRACE] [FML]:   Registry: 497 travelersbackpack:travelers_backpack_enderman com.tiviacz.travelersbackpack.common.ShapedBackpackRecipe@426d1984
[22:10:40] [Server thread/TRACE] [FML]:   Registry: 498 travelersbackpack:travelers_backpack_end com.tiviacz.travelersbackpack.common.ShapedBackpackRecipe@3771cce3
[22:10:40] [Server thread/TRACE] [FML]:   Registry: 499 travelersbackpack:travelers_backpack_emerald com.tiviacz.travelersbackpack.common.ShapedBackpackRecipe@7231f3dd
[22:10:40] [Server thread/TRACE] [FML]:   Registry: 500 travelersbackpack:travelers_backpack_egg com.tiviacz.travelersbackpack.common.ShapedBackpackRecipe@3f7fface
[22:10:40] [Server thread/TRACE] [FML]:   Registry: 501 travelersbackpack:travelers_backpack_dragon com.tiviacz.travelersbackpack.common.ShapedBackpackRecipe@789a9b0b
[22:10:40] [Server thread/TRACE] [FML]:   Registry: 502 travelersbackpack:travelers_backpack_diamond com.tiviacz.travelersbackpack.common.ShapedBackpackRecipe@35d69c24
[22:10:40] [Server thread/TRACE] [FML]:   Registry: 503 travelersbackpack:travelers_backpack_cyan com.tiviacz.travelersbackpack.common.ShapedBackpackRecipe@31b4c357
[22:10:40] [Server thread/TRACE] [FML]:   Registry: 504 travelersbackpack:travelers_backpack_creeper com.tiviacz.travelersbackpack.common.ShapedBackpackRecipe@52db7d31
[22:10:40] [Server thread/TRACE] [FML]:   Registry: 505 travelersbackpack:travelers_backpack_cow com.tiviacz.travelersbackpack.common.ShapedBackpackRecipe@62888b1f
[22:10:40] [Server thread/TRACE] [FML]:   Registry: 506 travelersbackpack:travelers_backpack_cookie com.tiviacz.travelersbackpack.common.ShapedBackpackRecipe@4581108
[22:10:40] [Server thread/TRACE] [FML]:   Registry: 507 travelersbackpack:travelers_backpack_coal com.tiviacz.travelersbackpack.common.ShapedBackpackRecipe@44dfbf9b
[22:10:40] [Server thread/TRACE] [FML]:   Registry: 508 travelersbackpack:travelers_backpack_chicken com.tiviacz.travelersbackpack.common.ShapedBackpackRecipe@a1c725c
[22:10:40] [Server thread/TRACE] [FML]:   Registry: 509 travelersbackpack:travelers_backpack_chest com.tiviacz.travelersbackpack.common.ShapedBackpackRecipe@3b46cbf5
[22:10:40] [Server thread/TRACE] [FML]:   Registry: 510 travelersbackpack:travelers_backpack_carrot com.tiviacz.travelersbackpack.common.ShapedBackpackRecipe@6bf67908
[22:10:40] [Server thread/TRACE] [FML]:   Registry: 511 travelersbackpack:travelers_backpack_cake com.tiviacz.travelersbackpack.common.ShapedBackpackRecipe@7e6abc4f
[22:10:40] [Server thread/TRACE] [FML]:   Registry: 512 travelersbackpack:travelers_backpack_cactus com.tiviacz.travelersbackpack.common.ShapedBackpackRecipe@cba6506
[22:10:40] [Server thread/TRACE] [FML]:   Registry: 513 travelersbackpack:travelers_backpack_brownmushroom com.tiviacz.travelersbackpack.common.ShapedBackpackRecipe@6dd7e0e2
[22:10:40] [Server thread/TRACE] [FML]:   Registry: 514 travelersbackpack:travelers_backpack_brown com.tiviacz.travelersbackpack.common.ShapedBackpackRecipe@6570fd0d
[22:10:40] [Server thread/TRACE] [FML]:   Registry: 515 travelersbackpack:travelers_backpack_bookshelf com.tiviacz.travelersbackpack.common.ShapedBackpackRecipe@18ad3d4a
[22:10:40] [Server thread/TRACE] [FML]:   Registry: 516 travelersbackpack:travelers_backpack_blue com.tiviacz.travelersbackpack.common.ShapedBackpackRecipe@1bd7a146
[22:10:40] [Server thread/TRACE] [FML]:   Registry: 517 travelersbackpack:travelers_backpack_blaze com.tiviacz.travelersbackpack.common.ShapedBackpackRecipe@47fbe9f1
[22:10:40] [Server thread/TRACE] [FML]:   Registry: 518 travelersbackpack:travelers_backpack_black com.tiviacz.travelersbackpack.common.ShapedBackpackRecipe@346385db
[22:10:40] [Server thread/TRACE] [FML]:   Registry: 519 travelersbackpack:sleeping_bag_bottom net.minecraft.item.crafting.ShapedRecipes@4081f99d
[22:10:40] [Server thread/TRACE] [FML]:   Registry: 520 travelersbackpack:hose_nozzle net.minecraft.item.crafting.ShapedRecipes@cb6e1e2
[22:10:40] [Server thread/TRACE] [FML]:   Registry: 521 travelersbackpack:hose net.minecraft.item.crafting.ShapedRecipes@325f974a
[22:10:40] [Server thread/TRACE] [FML]:   Registry: 522 travelersbackpack:backpack_tank net.minecraft.item.crafting.ShapedRecipes@25036c90
[22:10:40] [Server thread/TRACE] [FML]: Registry Name : minecraft:villagerprofessions
[22:10:40] [Server thread/TRACE] [FML]:   Registry: 0 minecraft:farmer net.minecraftforge.fml.common.registry.VillagerRegistry$VillagerProfession@25b74370
[22:10:40] [Server thread/TRACE] [FML]:   Registry: 1 minecraft:librarian net.minecraftforge.fml.common.registry.VillagerRegistry$VillagerProfession@2513155a
[22:10:40] [Server thread/TRACE] [FML]:   Registry: 2 minecraft:priest net.minecraftforge.fml.common.registry.VillagerRegistry$VillagerProfession@6313b441
[22:10:40] [Server thread/TRACE] [FML]:   Registry: 3 minecraft:smith net.minecraftforge.fml.common.registry.VillagerRegistry$VillagerProfession@47fa3671
[22:10:40] [Server thread/TRACE] [FML]:   Registry: 4 minecraft:butcher net.minecraftforge.fml.common.registry.VillagerRegistry$VillagerProfession@60f662bd
[22:10:40] [Server thread/TRACE] [FML]:   Registry: 5 minecraft:nitwit net.minecraftforge.fml.common.registry.VillagerRegistry$VillagerProfession@5df2023c
[22:10:40] [Server thread/TRACE] [FML]:   Registry: 6 dungeonsmod:traveler net.minecraftforge.fml.common.registry.VillagerRegistry$VillagerProfession@26c6055d
[22:10:40] [Server thread/TRACE] [FML]: Registry Name : minecraft:dataserializers
[22:10:40] [Server thread/TRACE] [FML]: Registry Name : minecraft:entities
[22:10:40] [Server thread/TRACE] [FML]:   Registry: 0 dungeonsmod:rogue net.minecraftforge.fml.common.registry.EntityEntry@5cf78ee3
[22:10:40] [Server thread/TRACE] [FML]:   Registry: 1 minecraft:item net.minecraftforge.fml.common.registry.EntityEntry@7893c715
[22:10:40] [Server thread/TRACE] [FML]:   Registry: 2 minecraft:xp_orb net.minecraftforge.fml.common.registry.EntityEntry@5f935d49
[22:10:40] [Server thread/TRACE] [FML]:   Registry: 3 minecraft:area_effect_cloud net.minecraftforge.fml.common.registry.EntityEntry@76af34b5
[22:10:40] [Server thread/TRACE] [FML]:   Registry: 4 minecraft:elder_guardian net.minecraftforge.fml.common.registry.EntityEntry@74a85515
[22:10:40] [Server thread/TRACE] [FML]:   Registry: 5 minecraft:wither_skeleton net.minecraftforge.fml.common.registry.EntityEntry@31c7c281
[22:10:40] [Server thread/TRACE] [FML]:   Registry: 6 minecraft:stray net.minecraftforge.fml.common.registry.EntityEntry@6d8b7ea9
[22:10:40] [Server thread/TRACE] [FML]:   Registry: 7 minecraft:egg net.minecraftforge.fml.common.registry.EntityEntry@16c5b50a
[22:10:40] [Server thread/TRACE] [FML]:   Registry: 8 minecraft:leash_knot net.minecraftforge.fml.common.registry.EntityEntry@278fe428
[22:10:40] [Server thread/TRACE] [FML]:   Registry: 9 minecraft:painting net.minecraftforge.fml.common.registry.EntityEntry@1d4cc7
[22:10:40] [Server thread/TRACE] [FML]:   Registry: 10 minecraft:arrow net.minecraftforge.fml.common.registry.EntityEntry@255ed8e4
[22:10:40] [Server thread/TRACE] [FML]:   Registry: 11 minecraft:snowball net.minecraftforge.fml.common.registry.EntityEntry@2a7bc16b
[22:10:40] [Server thread/TRACE] [FML]:   Registry: 12 minecraft:fireball net.minecraftforge.fml.common.registry.EntityEntry@205159dc
[22:10:40] [Server thread/TRACE] [FML]:   Registry: 13 minecraft:small_fireball net.minecraftforge.fml.common.registry.EntityEntry@6fde6f05
[22:10:40] [Server thread/TRACE] [FML]:   Registry: 14 minecraft:ender_pearl net.minecraftforge.fml.common.registry.EntityEntry@f9b8129
[22:10:40] [Server thread/TRACE] [FML]:   Registry: 15 minecraft:eye_of_ender_signal net.minecraftforge.fml.common.registry.EntityEntry@4492b393
[22:10:40] [Server thread/TRACE] [FML]:   Registry: 16 minecraft:potion net.minecraftforge.fml.common.registry.EntityEntry@63a7781
[22:10:40] [Server thread/TRACE] [FML]:   Registry: 17 minecraft:xp_bottle net.minecraftforge.fml.common.registry.EntityEntry@22686ddb
[22:10:40] [Server thread/TRACE] [FML]:   Registry: 18 minecraft:item_frame net.minecraftforge.fml.common.registry.EntityEntry@7bfa1eb5
[22:10:40] [Server thread/TRACE] [FML]:   Registry: 19 minecraft:wither_skull net.minecraftforge.fml.common.registry.EntityEntry@320ff86f
[22:10:40] [Server thread/TRACE] [FML]:   Registry: 20 minecraft:tnt net.minecraftforge.fml.common.registry.EntityEntry@84f51d9
[22:10:40] [Server thread/TRACE] [FML]:   Registry: 21 minecraft:falling_block net.minecraftforge.fml.common.registry.EntityEntry@8383a14
[22:10:40] [Server thread/TRACE] [FML]:   Registry: 22 minecraft:fireworks_rocket net.minecraftforge.fml.common.registry.EntityEntry@395a573c
[22:10:40] [Server thread/TRACE] [FML]:   Registry: 23 minecraft:husk net.minecraftforge.fml.common.registry.EntityEntry@d84418a
[22:10:40] [Server thread/TRACE] [FML]:   Registry: 24 minecraft:spectral_arrow net.minecraftforge.fml.common.registry.EntityEntry@ec5f944
[22:10:40] [Server thread/TRACE] [FML]:   Registry: 25 minecraft:shulker_bullet net.minecraftforge.fml.common.registry.EntityEntry@3973b6d4
[22:10:40] [Server thread/TRACE] [FML]:   Registry: 26 minecraft:dragon_fireball net.minecraftforge.fml.common.registry.EntityEntry@5c8ab9de
[22:10:40] [Server thread/TRACE] [FML]:   Registry: 27 minecraft:zombie_villager net.minecraftforge.fml.common.registry.EntityEntry@2e7bb00e
[22:10:40] [Server thread/TRACE] [FML]:   Registry: 28 minecraft:skeleton_horse net.minecraftforge.fml.common.registry.EntityEntry@704d3b00
[22:10:40] [Server thread/TRACE] [FML]:   Registry: 29 minecraft:zombie_horse net.minecraftforge.fml.common.registry.EntityEntry@138a85d3
[22:10:40] [Server thread/TRACE] [FML]:   Registry: 30 minecraft:armor_stand net.minecraftforge.fml.common.registry.EntityEntry@59baf2c7
[22:10:40] [Server thread/TRACE] [FML]:   Registry: 31 minecraft:donkey net.minecraftforge.fml.common.registry.EntityEntry@4ad896f7
[22:10:40] [Server thread/TRACE] [FML]:   Registry: 32 minecraft:mule net.minecraftforge.fml.common.registry.EntityEntry@7d61468c
[22:10:40] [Server thread/TRACE] [FML]:   Registry: 33 minecraft:evocation_fangs net.minecraftforge.fml.common.registry.EntityEntry@4beae1e3
[22:10:40] [Server thread/TRACE] [FML]:   Registry: 34 minecraft:evocation_illager net.minecraftforge.fml.common.registry.EntityEntry@77e9dca8
[22:10:40] [Server thread/TRACE] [FML]:   Registry: 35 minecraft:vex net.minecraftforge.fml.common.registry.EntityEntry@7cd1ec54
[22:10:40] [Server thread/TRACE] [FML]:   Registry: 36 minecraft:vindication_illager net.minecraftforge.fml.common.registry.EntityEntry@5c9a4f3b
[22:10:40] [Server thread/TRACE] [FML]:   Registry: 37 minecraft:illusion_illager net.minecraftforge.fml.common.registry.EntityEntry@2cea921a
[22:10:40] [Server thread/TRACE] [FML]:   Registry: 38 dungeonsmod:anthermite net.minecraftforge.fml.common.registry.EntityEntry@1a641916
[22:10:40] [Server thread/TRACE] [FML]:   Registry: 39 dungeonsmod:mimic net.minecraftforge.fml.common.registry.EntityEntry@661b209a
[22:10:40] [Server thread/TRACE] [FML]:   Registry: 40 minecraft:commandblock_minecart net.minecraftforge.fml.common.registry.EntityEntry@520a95ff
[22:10:40] [Server thread/TRACE] [FML]:   Registry: 41 minecraft:boat net.minecraftforge.fml.common.registry.EntityEntry@5c573229
[22:10:40] [Server thread/TRACE] [FML]:   Registry: 42 minecraft:minecart net.minecraftforge.fml.common.registry.EntityEntry@714f1a44
[22:10:40] [Server thread/TRACE] [FML]:   Registry: 43 minecraft:chest_minecart net.minecraftforge.fml.common.registry.EntityEntry@41a23470
[22:10:40] [Server thread/TRACE] [FML]:   Registry: 44 minecraft:furnace_minecart net.minecraftforge.fml.common.registry.EntityEntry@39a7eca5
[22:10:40] [Server thread/TRACE] [FML]:   Registry: 45 minecraft:tnt_minecart net.minecraftforge.fml.common.registry.EntityEntry@156cfa20
[22:10:40] [Server thread/TRACE] [FML]:   Registry: 46 minecraft:hopper_minecart net.minecraftforge.fml.common.registry.EntityEntry@c11332b
[22:10:40] [Server thread/TRACE] [FML]:   Registry: 47 minecraft:spawner_minecart net.minecraftforge.fml.common.registry.EntityEntry@5d27b4c1
[22:10:40] [Server thread/TRACE] [FML]:   Registry: 48 dungeonsmod:crawler net.minecraftforge.fml.common.registry.EntityEntry@1ab1d897
[22:10:40] [Server thread/TRACE] [FML]:   Registry: 49 dungeonsmod:slimond net.minecraftforge.fml.common.registry.EntityEntry@adec813
[22:10:40] [Server thread/TRACE] [FML]:   Registry: 50 minecraft:creeper net.minecraftforge.fml.common.registry.EntityEntry@21f50d2c
[22:10:40] [Server thread/TRACE] [FML]:   Registry: 51 minecraft:skeleton net.minecraftforge.fml.common.registry.EntityEntry@270f28cf
[22:10:40] [Server thread/TRACE] [FML]:   Registry: 52 minecraft:spider net.minecraftforge.fml.common.registry.EntityEntry@e3ed455
[22:10:40] [Server thread/TRACE] [FML]:   Registry: 53 minecraft:giant net.minecraftforge.fml.common.registry.EntityEntry@2ab8589a
[22:10:40] [Server thread/TRACE] [FML]:   Registry: 54 minecraft:zombie net.minecraftforge.fml.common.registry.EntityEntry@697a92af
[22:10:40] [Server thread/TRACE] [FML]:   Registry: 55 minecraft:slime net.minecraftforge.fml.common.registry.EntityEntry@3d3930fe
[22:10:40] [Server thread/TRACE] [FML]:   Registry: 56 minecraft:ghast net.minecraftforge.fml.common.registry.EntityEntry@52909a97
[22:10:40] [Server thread/TRACE] [FML]:   Registry: 57 minecraft:zombie_pigman net.minecraftforge.fml.common.registry.EntityEntry@25cde5bb
[22:10:40] [Server thread/TRACE] [FML]:   Registry: 58 minecraft:enderman net.minecraftforge.fml.common.registry.EntityEntry@2c678c7b
[22:10:40] [Server thread/TRACE] [FML]:   Registry: 59 minecraft:cave_spider net.minecraftforge.fml.common.registry.EntityEntry@243c4346
[22:10:40] [Server thread/TRACE] [FML]:   Registry: 60 minecraft:silverfish net.minecraftforge.fml.common.registry.EntityEntry@5d08976a
[22:10:40] [Server thread/TRACE] [FML]:   Registry: 61 minecraft:blaze net.minecraftforge.fml.common.registry.EntityEntry@52cb52bd
[22:10:40] [Server thread/TRACE] [FML]:   Registry: 62 minecraft:magma_cube net.minecraftforge.fml.common.registry.EntityEntry@55053f81
[22:10:40] [Server thread/TRACE] [FML]:   Registry: 63 minecraft:ender_dragon net.minecraftforge.fml.common.registry.EntityEntry@5cffec7
[22:10:40] [Server thread/TRACE] [FML]:   Registry: 64 minecraft:wither net.minecraftforge.fml.common.registry.EntityEntry@44eb2452
[22:10:40] [Server thread/TRACE] [FML]:   Registry: 65 minecraft:bat net.minecraftforge.fml.common.registry.EntityEntry@49c83262
[22:10:40] [Server thread/TRACE] [FML]:   Registry: 66 minecraft:witch net.minecraftforge.fml.common.registry.EntityEntry@5a48d186
[22:10:40] [Server thread/TRACE] [FML]:   Registry: 67 minecraft:endermite net.minecraftforge.fml.common.registry.EntityEntry@2086d469
[22:10:40] [Server thread/TRACE] [FML]:   Registry: 68 minecraft:guardian net.minecraftforge.fml.common.registry.EntityEntry@17c53dfb
[22:10:40] [Server thread/TRACE] [FML]:   Registry: 69 minecraft:shulker net.minecraftforge.fml.common.registry.EntityEntry@38022758
[22:10:40] [Server thread/TRACE] [FML]:   Registry: 70 dungeonsmod:piranha net.minecraftforge.fml.common.registry.EntityEntry@165d3b02
[22:10:40] [Server thread/TRACE] [FML]:   Registry: 71 dungeonsmod:shark net.minecraftforge.fml.common.registry.EntityEntry@2dc0ae4c
[22:10:40] [Server thread/TRACE] [FML]:   Registry: 72 dungeonsmod:kraken net.minecraftforge.fml.common.registry.EntityEntry@6e528fce
[22:10:40] [Server thread/TRACE] [FML]:   Registry: 73 dungeonsmod:king net.minecraftforge.fml.common.registry.EntityEntry@325fc731
[22:10:40] [Server thread/TRACE] [FML]:   Registry: 74 dungeonsmod:deserted net.minecraftforge.fml.common.registry.EntityEntry@50d6e5a8
[22:10:40] [Server thread/TRACE] [FML]:   Registry: 75 dungeonsmod:traveler net.minecraftforge.fml.common.registry.EntityEntry@353c24b5
[22:10:40] [Server thread/TRACE] [FML]:   Registry: 76 dungeonsmod:ironslime net.minecraftforge.fml.common.registry.EntityEntry@4323a763
[22:10:40] [Server thread/TRACE] [FML]:   Registry: 77 dungeonsmod:kingguard net.minecraftforge.fml.common.registry.EntityEntry@1943e08a
[22:10:40] [Server thread/TRACE] [FML]:   Registry: 78 dungeonsmod:ninja net.minecraftforge.fml.common.registry.EntityEntry@778ef8e8
[22:10:40] [Server thread/TRACE] [FML]:   Registry: 79 dungeonsmod:refractor net.minecraftforge.fml.common.registry.EntityEntry@39322ed8
[22:10:40] [Server thread/TRACE] [FML]:   Registry: 80 dungeonsmod:scientist net.minecraftforge.fml.common.registry.EntityEntry@697bf65d
[22:10:40] [Server thread/TRACE] [FML]:   Registry: 81 dungeonsmod:phoenix net.minecraftforge.fml.common.registry.EntityEntry@184ba330
[22:10:40] [Server thread/TRACE] [FML]:   Registry: 82 dungeonsmod:sun net.minecraftforge.fml.common.registry.EntityEntry@2487c34b
[22:10:40] [Server thread/TRACE] [FML]:   Registry: 83 dungeonsmod:slimewolf net.minecraftforge.fml.common.registry.EntityEntry@2e9a5121
[22:10:40] [Server thread/TRACE] [FML]:   Registry: 84 sexmod:jenny net.minecraftforge.fml.common.registry.EntityEntry@34428553
[22:10:40] [Server thread/TRACE] [FML]:   Registry: 85 sexmod:ellie net.minecraftforge.fml.common.registry.EntityEntry@3c504797
[22:10:40] [Server thread/TRACE] [FML]:   Registry: 86 sexmod:slime net.minecraftforge.fml.common.registry.EntityEntry@6a90e4b3
[22:10:40] [Server thread/TRACE] [FML]:   Registry: 87 sexmod:bia net.minecraftforge.fml.common.registry.EntityEntry@1bffcc48
[22:10:40] [Server thread/TRACE] [FML]:   Registry: 88 sexmod:bee net.minecraftforge.fml.common.registry.EntityEntry@24f1fb2a
[22:10:40] [Server thread/TRACE] [FML]:   Registry: 89 sexmod:luna net.minecraftforge.fml.common.registry.EntityEntry@2032289a
[22:10:40] [Server thread/TRACE] [FML]:   Registry: 90 minecraft:pig net.minecraftforge.fml.common.registry.EntityEntry@5d221b20
[22:10:40] [Server thread/TRACE] [FML]:   Registry: 91 minecraft:sheep net.minecraftforge.fml.common.registry.EntityEntry@78eafad
[22:10:40] [Server thread/TRACE] [FML]:   Registry: 92 minecraft:cow net.minecraftforge.fml.common.registry.EntityEntry@2dd3d39d
[22:10:40] [Server thread/TRACE] [FML]:   Registry: 93 minecraft:chicken net.minecraftforge.fml.common.registry.EntityEntry@6f2d3391
[22:10:40] [Server thread/TRACE] [FML]:   Registry: 94 minecraft:squid net.minecraftforge.fml.common.registry.EntityEntry@5d84e363
[22:10:40] [Server thread/TRACE] [FML]:   Registry: 95 minecraft:wolf net.minecraftforge.fml.common.registry.EntityEntry@bb12f41
[22:10:40] [Server thread/TRACE] [FML]:   Registry: 96 minecraft:mooshroom net.minecraftforge.fml.common.registry.EntityEntry@3739f3c9
[22:10:40] [Server thread/TRACE] [FML]:   Registry: 97 minecraft:snowman net.minecraftforge.fml.common.registry.EntityEntry@40fe8fd5
[22:10:40] [Server thread/TRACE] [FML]:   Registry: 98 minecraft:ocelot net.minecraftforge.fml.common.registry.EntityEntry@1410d645
[22:10:40] [Server thread/TRACE] [FML]:   Registry: 99 minecraft:villager_golem net.minecraftforge.fml.common.registry.EntityEntry@329b331f
[22:10:40] [Server thread/TRACE] [FML]:   Registry: 100 minecraft:horse net.minecraftforge.fml.common.registry.EntityEntry@74ce7fdf
[22:10:40] [Server thread/TRACE] [FML]:   Registry: 101 minecraft:rabbit net.minecraftforge.fml.common.registry.EntityEntry@2dc21583
[22:10:40] [Server thread/TRACE] [FML]:   Registry: 102 minecraft:polar_bear net.minecraftforge.fml.common.registry.EntityEntry@786ff0ea
[22:10:40] [Server thread/TRACE] [FML]:   Registry: 103 minecraft:llama net.minecraftforge.fml.common.registry.EntityEntry@6785c9fa
[22:10:40] [Server thread/TRACE] [FML]:   Registry: 104 minecraft:llama_spit net.minecraftforge.fml.common.registry.EntityEntry@194b9783
[22:10:40] [Server thread/TRACE] [FML]:   Registry: 105 minecraft:parrot net.minecraftforge.fml.common.registry.EntityEntry@297bd171
[22:10:40] [Server thread/TRACE] [FML]:   Registry: 106 sexmod:allie net.minecraftforge.fml.common.registry.EntityEntry@32bc0a3e
[22:10:40] [Server thread/TRACE] [FML]:   Registry: 107 sexmod:kobold net.minecraftforge.fml.common.registry.EntityEntry@6ed1a2d8
[22:10:40] [Server thread/TRACE] [FML]:   Registry: 108 sexmod:kobold_egg net.minecraftforge.fml.common.registry.EntityEntry@3ae1f297
[22:10:40] [Server thread/TRACE] [FML]:   Registry: 109 sexmod:goblin net.minecraftforge.fml.common.registry.EntityEntry@114d244
[22:10:40] [Server thread/TRACE] [FML]:   Registry: 110 sexmod:galath net.minecraftforge.fml.common.registry.EntityEntry@58fc8665
[22:10:40] [Server thread/TRACE] [FML]:   Registry: 111 sexmod:manglelie net.minecraftforge.fml.common.registry.EntityEntry@26d8a312
[22:10:40] [Server thread/TRACE] [FML]:   Registry: 112 sexmod:custom_model net.minecraftforge.fml.common.registry.EntityEntry@4a4a044f
[22:10:40] [Server thread/TRACE] [FML]:   Registry: 113 sexmod:player_jenny net.minecraftforge.fml.common.registry.EntityEntry@292d2d7b
[22:10:40] [Server thread/TRACE] [FML]:   Registry: 114 sexmod:player_ellie net.minecraftforge.fml.common.registry.EntityEntry@9fef864
[22:10:40] [Server thread/TRACE] [FML]:   Registry: 115 sexmod:player_slime net.minecraftforge.fml.common.registry.EntityEntry@55256032
[22:10:40] [Server thread/TRACE] [FML]:   Registry: 116 sexmod:player_bia net.minecraftforge.fml.common.registry.EntityEntry@b25e9ab
[22:10:40] [Server thread/TRACE] [FML]:   Registry: 117 sexmod:player_bee net.minecraftforge.fml.common.registry.EntityEntry@50b55127
[22:10:40] [Server thread/TRACE] [FML]:   Registry: 118 sexmod:player_allie net.minecraftforge.fml.common.registry.EntityEntry@6d92ffed
[22:10:40] [Server thread/TRACE] [FML]:   Registry: 119 sexmod:player_kobold net.minecraftforge.fml.common.registry.EntityEntry@46853c55
[22:10:40] [Server thread/TRACE] [FML]:   Registry: 120 minecraft:villager net.minecraftforge.fml.common.registry.EntityEntry@984de01
[22:10:40] [Server thread/TRACE] [FML]:   Registry: 121 sexmod:player_goblin net.minecraftforge.fml.common.registry.EntityEntry@2cfe1dd5
[22:10:40] [Server thread/TRACE] [FML]:   Registry: 122 sexmod:player_luna net.minecraftforge.fml.common.registry.EntityEntry@2982ca25
[22:10:40] [Server thread/TRACE] [FML]:   Registry: 123 sexmod:player_galath net.minecraftforge.fml.common.registry.EntityEntry@5d158eec
[22:10:40] [Server thread/TRACE] [FML]:   Registry: 124 sexmod:friendly_slime net.minecraftforge.fml.common.registry.EntityEntry@5ba7143e
[22:10:40] [Server thread/TRACE] [FML]:   Registry: 125 sexmod:luna_hook net.minecraftforge.fml.common.registry.EntityEntry@3d89ee04
[22:10:40] [Server thread/TRACE] [FML]:   Registry: 126 sexmod:energy_ball net.minecraftforge.fml.common.registry.EntityEntry@31908e08
[22:10:40] [Server thread/TRACE] [FML]:   Registry: 127 sexmod:pyrocinical net.minecraftforge.fml.common.registry.EntityEntry@4caaaac1
[22:10:40] [Server thread/TRACE] [FML]:   Registry: 128 battletowers:golem net.minecraftforge.fml.common.registry.EntityEntry@57599937
[22:10:40] [Server thread/TRACE] [FML]:   Registry: 129 battletowers:golemfireball net.minecraftforge.fml.common.registry.EntityEntry@4ef08418
[22:10:40] [Server thread/TRACE] [FML]:   Registry: 200 minecraft:ender_crystal net.minecraftforge.fml.common.registry.EntityEntry@7757a37f
[22:10:40] [Server thread/TRACE] [FML]: Registry Name : minecraft:blocks
[22:10:40] [Server thread/TRACE] [FML]:   Registry: 0 minecraft:air Block{minecraft:air}
[22:10:40] [Server thread/TRACE] [FML]:   Registry: 1 minecraft:stone Block{minecraft:stone}
[22:10:40] [Server thread/TRACE] [FML]:   Registry: 2 minecraft:grass Block{minecraft:grass}
[22:10:40] [Server thread/TRACE] [FML]:   Registry: 3 minecraft:dirt Block{minecraft:dirt}
[22:10:40] [Server thread/TRACE] [FML]:   Registry: 4 minecraft:cobblestone Block{minecraft:cobblestone}
[22:10:40] [Server thread/TRACE] [FML]:   Registry: 5 minecraft:planks Block{minecraft:planks}
[22:10:40] [Server thread/TRACE] [FML]:   Registry: 6 minecraft:sapling Block{minecraft:sapling}
[22:10:40] [Server thread/TRACE] [FML]:   Registry: 7 minecraft:bedrock Block{minecraft:bedrock}
[22:10:40] [Server thread/TRACE] [FML]:   Registry: 8 minecraft:flowing_water Block{minecraft:flowing_water}
[22:10:40] [Server thread/TRACE] [FML]:   Registry: 9 minecraft:water Block{minecraft:water}
[22:10:40] [Server thread/TRACE] [FML]:   Registry: 10 minecraft:flowing_lava Block{minecraft:flowing_lava}
[22:10:40] [Server thread/TRACE] [FML]:   Registry: 11 minecraft:lava Block{minecraft:lava}
[22:10:40] [Server thread/TRACE] [FML]:   Registry: 12 minecraft:sand Block{minecraft:sand}
[22:10:40] [Server thread/TRACE] [FML]:   Registry: 13 minecraft:gravel Block{minecraft:gravel}
[22:10:40] [Server thread/TRACE] [FML]:   Registry: 14 minecraft:gold_ore Block{minecraft:gold_ore}
[22:10:40] [Server thread/TRACE] [FML]:   Registry: 15 minecraft:iron_ore Block{minecraft:iron_ore}
[22:10:40] [Server thread/TRACE] [FML]:   Registry: 16 minecraft:coal_ore Block{minecraft:coal_ore}
[22:10:40] [Server thread/TRACE] [FML]:   Registry: 17 minecraft:log Block{minecraft:log}
[22:10:40] [Server thread/TRACE] [FML]:   Registry: 18 minecraft:leaves Block{minecraft:leaves}
[22:10:40] [Server thread/TRACE] [FML]:   Registry: 19 minecraft:sponge Block{minecraft:sponge}
[22:10:40] [Server thread/TRACE] [FML]:   Registry: 20 minecraft:glass Block{minecraft:glass}
[22:10:40] [Server thread/TRACE] [FML]:   Registry: 21 minecraft:lapis_ore Block{minecraft:lapis_ore}
[22:10:40] [Server thread/TRACE] [FML]:   Registry: 22 minecraft:lapis_block Block{minecraft:lapis_block}
[22:10:40] [Server thread/TRACE] [FML]:   Registry: 23 minecraft:dispenser Block{minecraft:dispenser}
[22:10:40] [Server thread/TRACE] [FML]:   Registry: 24 minecraft:sandstone Block{minecraft:sandstone}
[22:10:40] [Server thread/TRACE] [FML]:   Registry: 25 minecraft:noteblock Block{minecraft:noteblock}
[22:10:40] [Server thread/TRACE] [FML]:   Registry: 26 minecraft:bed Block{minecraft:bed}
[22:10:40] [Server thread/TRACE] [FML]:   Registry: 27 minecraft:golden_rail Block{minecraft:golden_rail}
[22:10:40] [Server thread/TRACE] [FML]:   Registry: 28 minecraft:detector_rail Block{minecraft:detector_rail}
[22:10:40] [Server thread/TRACE] [FML]:   Registry: 29 minecraft:sticky_piston Block{minecraft:sticky_piston}
[22:10:40] [Server thread/TRACE] [FML]:   Registry: 30 minecraft:web Block{minecraft:web}
[22:10:40] [Server thread/TRACE] [FML]:   Registry: 31 minecraft:tallgrass Block{minecraft:tallgrass}
[22:10:40] [Server thread/TRACE] [FML]:   Registry: 32 minecraft:deadbush Block{minecraft:deadbush}
[22:10:40] [Server thread/TRACE] [FML]:   Registry: 33 minecraft:piston Block{minecraft:piston}
[22:10:40] [Server thread/TRACE] [FML]:   Registry: 34 minecraft:piston_head Block{minecraft:piston_head}
[22:10:40] [Server thread/TRACE] [FML]:   Registry: 35 minecraft:wool Block{minecraft:wool}
[22:10:40] [Server thread/TRACE] [FML]:   Registry: 36 minecraft:piston_extension Block{minecraft:piston_extension}
[22:10:40] [Server thread/TRACE] [FML]:   Registry: 37 minecraft:yellow_flower Block{minecraft:yellow_flower}
[22:10:40] [Server thread/TRACE] [FML]:   Registry: 38 minecraft:red_flower Block{minecraft:red_flower}
[22:10:40] [Server thread/TRACE] [FML]:   Registry: 39 minecraft:brown_mushroom Block{minecraft:brown_mushroom}
[22:10:40] [Server thread/TRACE] [FML]:   Registry: 40 minecraft:red_mushroom Block{minecraft:red_mushroom}
[22:10:40] [Server thread/TRACE] [FML]:   Registry: 41 minecraft:gold_block Block{minecraft:gold_block}
[22:10:40] [Server thread/TRACE] [FML]:   Registry: 42 minecraft:iron_block Block{minecraft:iron_block}
[22:10:40] [Server thread/TRACE] [FML]:   Registry: 43 minecraft:double_stone_slab Block{minecraft:double_stone_slab}
[22:10:40] [Server thread/TRACE] [FML]:   Registry: 44 minecraft:stone_slab Block{minecraft:stone_slab}
[22:10:40] [Server thread/TRACE] [FML]:   Registry: 45 minecraft:brick_block Block{minecraft:brick_block}
[22:10:40] [Server thread/TRACE] [FML]:   Registry: 46 minecraft:tnt Block{minecraft:tnt}
[22:10:40] [Server thread/TRACE] [FML]:   Registry: 47 minecraft:bookshelf Block{minecraft:bookshelf}
[22:10:40] [Server thread/TRACE] [FML]:   Registry: 48 minecraft:mossy_cobblestone Block{minecraft:mossy_cobblestone}
[22:10:40] [Server thread/TRACE] [FML]:   Registry: 49 minecraft:obsidian Block{minecraft:obsidian}
[22:10:40] [Server thread/TRACE] [FML]:   Registry: 50 minecraft:torch Block{minecraft:torch}
[22:10:40] [Server thread/TRACE] [FML]:   Registry: 51 minecraft:fire Block{minecraft:fire}
[22:10:40] [Server thread/TRACE] [FML]:   Registry: 52 minecraft:mob_spawner Block{minecraft:mob_spawner}
[22:10:40] [Server thread/TRACE] [FML]:   Registry: 53 minecraft:oak_stairs Block{minecraft:oak_stairs}
[22:10:40] [Server thread/TRACE] [FML]:   Registry: 54 minecraft:chest Block{minecraft:chest}
[22:10:40] [Server thread/TRACE] [FML]:   Registry: 55 minecraft:redstone_wire Block{minecraft:redstone_wire}
[22:10:40] [Server thread/TRACE] [FML]:   Registry: 56 minecraft:diamond_ore Block{minecraft:diamond_ore}
[22:10:40] [Server thread/TRACE] [FML]:   Registry: 57 minecraft:diamond_block Block{minecraft:diamond_block}
[22:10:40] [Server thread/TRACE] [FML]:   Registry: 58 minecraft:crafting_table Block{minecraft:crafting_table}
[22:10:40] [Server thread/TRACE] [FML]:   Registry: 59 minecraft:wheat Block{minecraft:wheat}
[22:10:40] [Server thread/TRACE] [FML]:   Registry: 60 minecraft:farmland Block{minecraft:farmland}
[22:10:40] [Server thread/TRACE] [FML]:   Registry: 61 minecraft:furnace Block{minecraft:furnace}
[22:10:40] [Server thread/TRACE] [FML]:   Registry: 62 minecraft:lit_furnace Block{minecraft:lit_furnace}
[22:10:40] [Server thread/TRACE] [FML]:   Registry: 63 minecraft:standing_sign Block{minecraft:standing_sign}
[22:10:40] [Server thread/TRACE] [FML]:   Registry: 64 minecraft:wooden_door Block{minecraft:wooden_door}
[22:10:40] [Server thread/TRACE] [FML]:   Registry: 65 minecraft:ladder Block{minecraft:ladder}
[22:10:40] [Server thread/TRACE] [FML]:   Registry: 66 minecraft:rail Block{minecraft:rail}
[22:10:40] [Server thread/TRACE] [FML]:   Registry: 67 minecraft:stone_stairs Block{minecraft:stone_stairs}
[22:10:40] [Server thread/TRACE] [FML]:   Registry: 68 minecraft:wall_sign Block{minecraft:wall_sign}
[22:10:40] [Server thread/TRACE] [FML]:   Registry: 69 minecraft:lever Block{minecraft:lever}
[22:10:40] [Server thread/TRACE] [FML]:   Registry: 70 minecraft:stone_pressure_plate Block{minecraft:stone_pressure_plate}
[22:10:40] [Server thread/TRACE] [FML]:   Registry: 71 minecraft:iron_door Block{minecraft:iron_door}
[22:10:40] [Server thread/TRACE] [FML]:   Registry: 72 minecraft:wooden_pressure_plate Block{minecraft:wooden_pressure_plate}
[22:10:40] [Server thread/TRACE] [FML]:   Registry: 73 minecraft:redstone_ore Block{minecraft:redstone_ore}
[22:10:40] [Server thread/TRACE] [FML]:   Registry: 74 minecraft:lit_redstone_ore Block{minecraft:lit_redstone_ore}
[22:10:40] [Server thread/TRACE] [FML]:   Registry: 75 minecraft:unlit_redstone_torch Block{minecraft:unlit_redstone_torch}
[22:10:40] [Server thread/TRACE] [FML]:   Registry: 76 minecraft:redstone_torch Block{minecraft:redstone_torch}
[22:10:40] [Server thread/TRACE] [FML]:   Registry: 77 minecraft:stone_button Block{minecraft:stone_button}
[22:10:40] [Server thread/TRACE] [FML]:   Registry: 78 minecraft:snow_layer Block{minecraft:snow_layer}
[22:10:40] [Server thread/TRACE] [FML]:   Registry: 79 minecraft:ice Block{minecraft:ice}
[22:10:40] [Server thread/TRACE] [FML]:   Registry: 80 minecraft:snow Block{minecraft:snow}
[22:10:40] [Server thread/TRACE] [FML]:   Registry: 81 minecraft:cactus Block{minecraft:cactus}
[22:10:40] [Server thread/TRACE] [FML]:   Registry: 82 minecraft:clay Block{minecraft:clay}
[22:10:40] [Server thread/TRACE] [FML]:   Registry: 83 minecraft:reeds Block{minecraft:reeds}
[22:10:40] [Server thread/TRACE] [FML]:   Registry: 84 minecraft:jukebox Block{minecraft:jukebox}
[22:10:40] [Server thread/TRACE] [FML]:   Registry: 85 minecraft:fence Block{minecraft:fence}
[22:10:40] [Server thread/TRACE] [FML]:   Registry: 86 minecraft:pumpkin Block{minecraft:pumpkin}
[22:10:40] [Server thread/TRACE] [FML]:   Registry: 87 minecraft:netherrack Block{minecraft:netherrack}
[22:10:40] [Server thread/TRACE] [FML]:   Registry: 88 minecraft:soul_sand Block{minecraft:soul_sand}
[22:10:40] [Server thread/TRACE] [FML]:   Registry: 89 minecraft:glowstone Block{minecraft:glowstone}
[22:10:40] [Server thread/TRACE] [FML]:   Registry: 90 minecraft:portal Block{minecraft:portal}
[22:10:40] [Server thread/TRACE] [FML]:   Registry: 91 minecraft:lit_pumpkin Block{minecraft:lit_pumpkin}
[22:10:40] [Server thread/TRACE] [FML]:   Registry: 92 minecraft:cake Block{minecraft:cake}
[22:10:40] [Server thread/TRACE] [FML]:   Registry: 93 minecraft:unpowered_repeater Block{minecraft:unpowered_repeater}
[22:10:40] [Server thread/TRACE] [FML]:   Registry: 94 minecraft:powered_repeater Block{minecraft:powered_repeater}
[22:10:40] [Server thread/TRACE] [FML]:   Registry: 95 minecraft:stained_glass Block{minecraft:stained_glass}
[22:10:40] [Server thread/TRACE] [FML]:   Registry: 96 minecraft:trapdoor Block{minecraft:trapdoor}
[22:10:40] [Server thread/TRACE] [FML]:   Registry: 97 minecraft:monster_egg Block{minecraft:monster_egg}
[22:10:40] [Server thread/TRACE] [FML]:   Registry: 98 minecraft:stonebrick Block{minecraft:stonebrick}
[22:10:40] [Server thread/TRACE] [FML]:   Registry: 99 minecraft:brown_mushroom_block Block{minecraft:brown_mushroom_block}
[22:10:40] [Server thread/TRACE] [FML]:   Registry: 100 minecraft:red_mushroom_block Block{minecraft:red_mushroom_block}
[22:10:40] [Server thread/TRACE] [FML]:   Registry: 101 minecraft:iron_bars Block{minecraft:iron_bars}
[22:10:40] [Server thread/TRACE] [FML]:   Registry: 102 minecraft:glass_pane Block{minecraft:glass_pane}
[22:10:40] [Server thread/TRACE] [FML]:   Registry: 103 minecraft:melon_block Block{minecraft:melon_block}
[22:10:40] [Server thread/TRACE] [FML]:   Registry: 104 minecraft:pumpkin_stem Block{minecraft:pumpkin_stem}
[22:10:40] [Server thread/TRACE] [FML]:   Registry: 105 minecraft:melon_stem Block{minecraft:melon_stem}
[22:10:40] [Server thread/TRACE] [FML]:   Registry: 106 minecraft:vine Block{minecraft:vine}
[22:10:40] [Server thread/TRACE] [FML]:   Registry: 107 minecraft:fence_gate Block{minecraft:fence_gate}
[22:10:40] [Server thread/TRACE] [FML]:   Registry: 108 minecraft:brick_stairs Block{minecraft:brick_stairs}
[22:10:40] [Server thread/TRACE] [FML]:   Registry: 109 minecraft:stone_brick_stairs Block{minecraft:stone_brick_stairs}
[22:10:40] [Server thread/TRACE] [FML]:   Registry: 110 minecraft:mycelium Block{minecraft:mycelium}
[22:10:40] [Server thread/TRACE] [FML]:   Registry: 111 minecraft:waterlily Block{minecraft:waterlily}
[22:10:40] [Server thread/TRACE] [FML]:   Registry: 112 minecraft:nether_brick Block{minecraft:nether_brick}
[22:10:40] [Server thread/TRACE] [FML]:   Registry: 113 minecraft:nether_brick_fence Block{minecraft:nether_brick_fence}
[22:10:40] [Server thread/TRACE] [FML]:   Registry: 114 minecraft:nether_brick_stairs Block{minecraft:nether_brick_stairs}
[22:10:40] [Server thread/TRACE] [FML]:   Registry: 115 minecraft:nether_wart Block{minecraft:nether_wart}
[22:10:40] [Server thread/TRACE] [FML]:   Registry: 116 minecraft:enchanting_table Block{minecraft:enchanting_table}
[22:10:40] [Server thread/TRACE] [FML]:   Registry: 117 minecraft:brewing_stand Block{minecraft:brewing_stand}
[22:10:40] [Server thread/TRACE] [FML]:   Registry: 118 minecraft:cauldron Block{minecraft:cauldron}
[22:10:40] [Server thread/TRACE] [FML]:   Registry: 119 minecraft:end_portal Block{minecraft:end_portal}
[22:10:40] [Server thread/TRACE] [FML]:   Registry: 120 minecraft:end_portal_frame Block{minecraft:end_portal_frame}
[22:10:40] [Server thread/TRACE] [FML]:   Registry: 121 minecraft:end_stone Block{minecraft:end_stone}
[22:10:40] [Server thread/TRACE] [FML]:   Registry: 122 minecraft:dragon_egg Block{minecraft:dragon_egg}
[22:10:40] [Server thread/TRACE] [FML]:   Registry: 123 minecraft:redstone_lamp Block{minecraft:redstone_lamp}
[22:10:40] [Server thread/TRACE] [FML]:   Registry: 124 minecraft:lit_redstone_lamp Block{minecraft:lit_redstone_lamp}
[22:10:40] [Server thread/TRACE] [FML]:   Registry: 125 minecraft:double_wooden_slab Block{minecraft:double_wooden_slab}
[22:10:40] [Server thread/TRACE] [FML]:   Registry: 126 minecraft:wooden_slab Block{minecraft:wooden_slab}
[22:10:40] [Server thread/TRACE] [FML]:   Registry: 127 minecraft:cocoa Block{minecraft:cocoa}
[22:10:40] [Server thread/TRACE] [FML]:   Registry: 128 minecraft:sandstone_stairs Block{minecraft:sandstone_stairs}
[22:10:40] [Server thread/TRACE] [FML]:   Registry: 129 minecraft:emerald_ore Block{minecraft:emerald_ore}
[22:10:40] [Server thread/TRACE] [FML]:   Registry: 130 minecraft:ender_chest Block{minecraft:ender_chest}
[22:10:40] [Server thread/TRACE] [FML]:   Registry: 131 minecraft:tripwire_hook Block{minecraft:tripwire_hook}
[22:10:40] [Server thread/TRACE] [FML]:   Registry: 132 minecraft:tripwire Block{minecraft:tripwire}
[22:10:40] [Server thread/TRACE] [FML]:   Registry: 133 minecraft:emerald_block Block{minecraft:emerald_block}
[22:10:40] [Server thread/TRACE] [FML]:   Registry: 134 minecraft:spruce_stairs Block{minecraft:spruce_stairs}
[22:10:40] [Server thread/TRACE] [FML]:   Registry: 135 minecraft:birch_stairs Block{minecraft:birch_stairs}
[22:10:40] [Server thread/TRACE] [FML]:   Registry: 136 minecraft:jungle_stairs Block{minecraft:jungle_stairs}
[22:10:40] [Server thread/TRACE] [FML]:   Registry: 137 minecraft:command_block Block{minecraft:command_block}
[22:10:40] [Server thread/TRACE] [FML]:   Registry: 138 minecraft:beacon Block{minecraft:beacon}
[22:10:40] [Server thread/TRACE] [FML]:   Registry: 139 minecraft:cobblestone_wall Block{minecraft:cobblestone_wall}
[22:10:40] [Server thread/TRACE] [FML]:   Registry: 140 minecraft:flower_pot Block{minecraft:flower_pot}
[22:10:40] [Server thread/TRACE] [FML]:   Registry: 141 minecraft:carrots Block{minecraft:carrots}
[22:10:40] [Server thread/TRACE] [FML]:   Registry: 142 minecraft:potatoes Block{minecraft:potatoes}
[22:10:40] [Server thread/TRACE] [FML]:   Registry: 143 minecraft:wooden_button Block{minecraft:wooden_button}
[22:10:40] [Server thread/TRACE] [FML]:   Registry: 144 minecraft:skull Block{minecraft:skull}
[22:10:40] [Server thread/TRACE] [FML]:   Registry: 145 minecraft:anvil Block{minecraft:anvil}
[22:10:40] [Server thread/TRACE] [FML]:   Registry: 146 minecraft:trapped_chest Block{minecraft:trapped_chest}
[22:10:40] [Server thread/TRACE] [FML]:   Registry: 147 minecraft:light_weighted_pressure_plate Block{minecraft:light_weighted_pressure_plate}
[22:10:40] [Server thread/TRACE] [FML]:   Registry: 148 minecraft:heavy_weighted_pressure_plate Block{minecraft:heavy_weighted_pressure_plate}
[22:10:40] [Server thread/TRACE] [FML]:   Registry: 149 minecraft:unpowered_comparator Block{minecraft:unpowered_comparator}
[22:10:40] [Server thread/TRACE] [FML]:   Registry: 150 minecraft:powered_comparator Block{minecraft:powered_comparator}
[22:10:40] [Server thread/TRACE] [FML]:   Registry: 151 minecraft:daylight_detector Block{minecraft:daylight_detector}
[22:10:40] [Server thread/TRACE] [FML]:   Registry: 152 minecraft:redstone_block Block{minecraft:redstone_block}
[22:10:40] [Server thread/TRACE] [FML]:   Registry: 153 minecraft:quartz_ore Block{minecraft:quartz_ore}
[22:10:40] [Server thread/TRACE] [FML]:   Registry: 154 minecraft:hopper Block{minecraft:hopper}
[22:10:40] [Server thread/TRACE] [FML]:   Registry: 155 minecraft:quartz_block Block{minecraft:quartz_block}
[22:10:40] [Server thread/TRACE] [FML]:   Registry: 156 minecraft:quartz_stairs Block{minecraft:quartz_stairs}
[22:10:40] [Server thread/TRACE] [FML]:   Registry: 157 minecraft:activator_rail Block{minecraft:activator_rail}
[22:10:40] [Server thread/TRACE] [FML]:   Registry: 158 minecraft:dropper Block{minecraft:dropper}
[22:10:40] [Server thread/TRACE] [FML]:   Registry: 159 minecraft:stained_hardened_clay Block{minecraft:stained_hardened_clay}
[22:10:40] [Server thread/TRACE] [FML]:   Registry: 160 minecraft:stained_glass_pane Block{minecraft:stained_glass_pane}
[22:10:40] [Server thread/TRACE] [FML]:   Registry: 161 minecraft:leaves2 Block{minecraft:leaves2}
[22:10:40] [Server thread/TRACE] [FML]:   Registry: 162 minecraft:log2 Block{minecraft:log2}
[22:10:40] [Server thread/TRACE] [FML]:   Registry: 163 minecraft:acacia_stairs Block{minecraft:acacia_stairs}
[22:10:40] [Server thread/TRACE] [FML]:   Registry: 164 minecraft:dark_oak_stairs Block{minecraft:dark_oak_stairs}
[22:10:40] [Server thread/TRACE] [FML]:   Registry: 165 minecraft:slime Block{minecraft:slime}
[22:10:40] [Server thread/TRACE] [FML]:   Registry: 166 minecraft:barrier Block{minecraft:barrier}
[22:10:40] [Server thread/TRACE] [FML]:   Registry: 167 minecraft:iron_trapdoor Block{minecraft:iron_trapdoor}
[22:10:40] [Server thread/TRACE] [FML]:   Registry: 168 minecraft:prismarine Block{minecraft:prismarine}
[22:10:40] [Server thread/TRACE] [FML]:   Registry: 169 minecraft:sea_lantern Block{minecraft:sea_lantern}
[22:10:40] [Server thread/TRACE] [FML]:   Registry: 170 minecraft:hay_block Block{minecraft:hay_block}
[22:10:40] [Server thread/TRACE] [FML]:   Registry: 171 minecraft:carpet Block{minecraft:carpet}
[22:10:40] [Server thread/TRACE] [FML]:   Registry: 172 minecraft:hardened_clay Block{minecraft:hardened_clay}
[22:10:40] [Server thread/TRACE] [FML]:   Registry: 173 minecraft:coal_block Block{minecraft:coal_block}
[22:10:40] [Server thread/TRACE] [FML]:   Registry: 174 minecraft:packed_ice Block{minecraft:packed_ice}
[22:10:40] [Server thread/TRACE] [FML]:   Registry: 175 minecraft:double_plant Block{minecraft:double_plant}
[22:10:40] [Server thread/TRACE] [FML]:   Registry: 176 minecraft:standing_banner Block{minecraft:standing_banner}
[22:10:40] [Server thread/TRACE] [FML]:   Registry: 177 minecraft:wall_banner Block{minecraft:wall_banner}
[22:10:40] [Server thread/TRACE] [FML]:   Registry: 178 minecraft:daylight_detector_inverted Block{minecraft:daylight_detector_inverted}
[22:10:40] [Server thread/TRACE] [FML]:   Registry: 179 minecraft:red_sandstone Block{minecraft:red_sandstone}
[22:10:40] [Server thread/TRACE] [FML]:   Registry: 180 minecraft:red_sandstone_stairs Block{minecraft:red_sandstone_stairs}
[22:10:40] [Server thread/TRACE] [FML]:   Registry: 181 minecraft:double_stone_slab2 Block{minecraft:double_stone_slab2}
[22:10:40] [Server thread/TRACE] [FML]:   Registry: 182 minecraft:stone_slab2 Block{minecraft:stone_slab2}
[22:10:40] [Server thread/TRACE] [FML]:   Registry: 183 minecraft:spruce_fence_gate Block{minecraft:spruce_fence_gate}
[22:10:40] [Server thread/TRACE] [FML]:   Registry: 184 minecraft:birch_fence_gate Block{minecraft:birch_fence_gate}
[22:10:40] [Server thread/TRACE] [FML]:   Registry: 185 minecraft:jungle_fence_gate Block{minecraft:jungle_fence_gate}
[22:10:40] [Server thread/TRACE] [FML]:   Registry: 186 minecraft:dark_oak_fence_gate Block{minecraft:dark_oak_fence_gate}
[22:10:40] [Server thread/TRACE] [FML]:   Registry: 187 minecraft:acacia_fence_gate Block{minecraft:acacia_fence_gate}
[22:10:40] [Server thread/TRACE] [FML]:   Registry: 188 minecraft:spruce_fence Block{minecraft:spruce_fence}
[22:10:40] [Server thread/TRACE] [FML]:   Registry: 189 minecraft:birch_fence Block{minecraft:birch_fence}
[22:10:40] [Server thread/TRACE] [FML]:   Registry: 190 minecraft:jungle_fence Block{minecraft:jungle_fence}
[22:10:40] [Server thread/TRACE] [FML]:   Registry: 191 minecraft:dark_oak_fence Block{minecraft:dark_oak_fence}
[22:10:40] [Server thread/TRACE] [FML]:   Registry: 192 minecraft:acacia_fence Block{minecraft:acacia_fence}
[22:10:40] [Server thread/TRACE] [FML]:   Registry: 193 minecraft:spruce_door Block{minecraft:spruce_door}
[22:10:40] [Server thread/TRACE] [FML]:   Registry: 194 minecraft:birch_door Block{minecraft:birch_door}
[22:10:40] [Server thread/TRACE] [FML]:   Registry: 195 minecraft:jungle_door Block{minecraft:jungle_door}
[22:10:40] [Server thread/TRACE] [FML]:   Registry: 196 minecraft:acacia_door Block{minecraft:acacia_door}
[22:10:40] [Server thread/TRACE] [FML]:   Registry: 197 minecraft:dark_oak_door Block{minecraft:dark_oak_door}
[22:10:40] [Server thread/TRACE] [FML]:   Registry: 198 minecraft:end_rod Block{minecraft:end_rod}
[22:10:40] [Server thread/TRACE] [FML]:   Registry: 199 minecraft:chorus_plant Block{minecraft:chorus_plant}
[22:10:40] [Server thread/TRACE] [FML]:   Registry: 200 minecraft:chorus_flower Block{minecraft:chorus_flower}
[22:10:40] [Server thread/TRACE] [FML]:   Registry: 201 minecraft:purpur_block Block{minecraft:purpur_block}
[22:10:40] [Server thread/TRACE] [FML]:   Registry: 202 minecraft:purpur_pillar Block{minecraft:purpur_pillar}
[22:10:40] [Server thread/TRACE] [FML]:   Registry: 203 minecraft:purpur_stairs Block{minecraft:purpur_stairs}
[22:10:40] [Server thread/TRACE] [FML]:   Registry: 204 minecraft:purpur_double_slab Block{minecraft:purpur_double_slab}
[22:10:40] [Server thread/TRACE] [FML]:   Registry: 205 minecraft:purpur_slab Block{minecraft:purpur_slab}
[22:10:40] [Server thread/TRACE] [FML]:   Registry: 206 minecraft:end_bricks Block{minecraft:end_bricks}
[22:10:40] [Server thread/TRACE] [FML]:   Registry: 207 minecraft:beetroots Block{minecraft:beetroots}
[22:10:40] [Server thread/TRACE] [FML]:   Registry: 208 minecraft:grass_path Block{minecraft:grass_path}
[22:10:40] [Server thread/TRACE] [FML]:   Registry: 209 minecraft:end_gateway Block{minecraft:end_gateway}
[22:10:40] [Server thread/TRACE] [FML]:   Registry: 210 minecraft:repeating_command_block Block{minecraft:repeating_command_block}
[22:10:40] [Server thread/TRACE] [FML]:   Registry: 211 minecraft:chain_command_block Block{minecraft:chain_command_block}
[22:10:40] [Server thread/TRACE] [FML]:   Registry: 212 minecraft:frosted_ice Block{minecraft:frosted_ice}
[22:10:40] [Server thread/TRACE] [FML]:   Registry: 213 minecraft:magma Block{minecraft:magma}
[22:10:40] [Server thread/TRACE] [FML]:   Registry: 214 minecraft:nether_wart_block Block{minecraft:nether_wart_block}
[22:10:40] [Server thread/TRACE] [FML]:   Registry: 215 minecraft:red_nether_brick Block{minecraft:red_nether_brick}
[22:10:40] [Server thread/TRACE] [FML]:   Registry: 216 minecraft:bone_block Block{minecraft:bone_block}
[22:10:40] [Server thread/TRACE] [FML]:   Registry: 217 minecraft:structure_void Block{minecraft:structure_void}
[22:10:40] [Server thread/TRACE] [FML]:   Registry: 218 minecraft:observer Block{minecraft:observer}
[22:10:40] [Server thread/TRACE] [FML]:   Registry: 219 minecraft:white_shulker_box Block{minecraft:white_shulker_box}
[22:10:40] [Server thread/TRACE] [FML]:   Registry: 220 minecraft:orange_shulker_box Block{minecraft:orange_shulker_box}
[22:10:40] [Server thread/TRACE] [FML]:   Registry: 221 minecraft:magenta_shulker_box Block{minecraft:magenta_shulker_box}
[22:10:40] [Server thread/TRACE] [FML]:   Registry: 222 minecraft:light_blue_shulker_box Block{minecraft:light_blue_shulker_box}
[22:10:40] [Server thread/TRACE] [FML]:   Registry: 223 minecraft:yellow_shulker_box Block{minecraft:yellow_shulker_box}
[22:10:40] [Server thread/TRACE] [FML]:   Registry: 224 minecraft:lime_shulker_box Block{minecraft:lime_shulker_box}
[22:10:40] [Server thread/TRACE] [FML]:   Registry: 225 minecraft:pink_shulker_box Block{minecraft:pink_shulker_box}
[22:10:40] [Server thread/TRACE] [FML]:   Registry: 226 minecraft:gray_shulker_box Block{minecraft:gray_shulker_box}
[22:10:40] [Server thread/TRACE] [FML]:   Registry: 227 minecraft:silver_shulker_box Block{minecraft:silver_shulker_box}
[22:10:40] [Server thread/TRACE] [FML]:   Registry: 228 minecraft:cyan_shulker_box Block{minecraft:cyan_shulker_box}
[22:10:40] [Server thread/TRACE] [FML]:   Registry: 229 minecraft:purple_shulker_box Block{minecraft:purple_shulker_box}
[22:10:40] [Server thread/TRACE] [FML]:   Registry: 230 minecraft:blue_shulker_box Block{minecraft:blue_shulker_box}
[22:10:40] [Server thread/TRACE] [FML]:   Registry: 231 minecraft:brown_shulker_box Block{minecraft:brown_shulker_box}
[22:10:40] [Server thread/TRACE] [FML]:   Registry: 232 minecraft:green_shulker_box Block{minecraft:green_shulker_box}
[22:10:40] [Server thread/TRACE] [FML]:   Registry: 233 minecraft:red_shulker_box Block{minecraft:red_shulker_box}
[22:10:40] [Server thread/TRACE] [FML]:   Registry: 234 minecraft:black_shulker_box Block{minecraft:black_shulker_box}
[22:10:40] [Server thread/TRACE] [FML]:   Registry: 235 minecraft:white_glazed_terracotta Block{minecraft:white_glazed_terracotta}
[22:10:40] [Server thread/TRACE] [FML]:   Registry: 236 minecraft:orange_glazed_terracotta Block{minecraft:orange_glazed_terracotta}
[22:10:40] [Server thread/TRACE] [FML]:   Registry: 237 minecraft:magenta_glazed_terracotta Block{minecraft:magenta_glazed_terracotta}
[22:10:40] [Server thread/TRACE] [FML]:   Registry: 238 minecraft:light_blue_glazed_terracotta Block{minecraft:light_blue_glazed_terracotta}
[22:10:40] [Server thread/TRACE] [FML]:   Registry: 239 minecraft:yellow_glazed_terracotta Block{minecraft:yellow_glazed_terracotta}
[22:10:40] [Server thread/TRACE] [FML]:   Registry: 240 minecraft:lime_glazed_terracotta Block{minecraft:lime_glazed_terracotta}
[22:10:40] [Server thread/TRACE] [FML]:   Registry: 241 minecraft:pink_glazed_terracotta Block{minecraft:pink_glazed_terracotta}
[22:10:40] [Server thread/TRACE] [FML]:   Registry: 242 minecraft:gray_glazed_terracotta Block{minecraft:gray_glazed_terracotta}
[22:10:40] [Server thread/TRACE] [FML]:   Registry: 243 minecraft:silver_glazed_terracotta Block{minecraft:silver_glazed_terracotta}
[22:10:40] [Server thread/TRACE] [FML]:   Registry: 244 minecraft:cyan_glazed_terracotta Block{minecraft:cyan_glazed_terracotta}
[22:10:40] [Server thread/TRACE] [FML]:   Registry: 245 minecraft:purple_glazed_terracotta Block{minecraft:purple_glazed_terracotta}
[22:10:40] [Server thread/TRACE] [FML]:   Registry: 246 minecraft:blue_glazed_terracotta Block{minecraft:blue_glazed_terracotta}
[22:10:40] [Server thread/TRACE] [FML]:   Registry: 247 minecraft:brown_glazed_terracotta Block{minecraft:brown_glazed_terracotta}
[22:10:40] [Server thread/TRACE] [FML]:   Registry: 248 minecraft:green_glazed_terracotta Block{minecraft:green_glazed_terracotta}
[22:10:40] [Server thread/TRACE] [FML]:   Registry: 249 minecraft:red_glazed_terracotta Block{minecraft:red_glazed_terracotta}
[22:10:40] [Server thread/TRACE] [FML]:   Registry: 250 minecraft:black_glazed_terracotta Block{minecraft:black_glazed_terracotta}
[22:10:40] [Server thread/TRACE] [FML]:   Registry: 251 minecraft:concrete Block{minecraft:concrete}
[22:10:40] [Server thread/TRACE] [FML]:   Registry: 252 minecraft:concrete_powder Block{minecraft:concrete_powder}
[22:10:40] [Server thread/TRACE] [FML]:   Registry: 253 travelersbackpack:travelers_backpack Block{travelersbackpack:travelers_backpack}
[22:10:40] [Server thread/TRACE] [FML]:   Registry: 254 travelersbackpack:sleeping_bag_top Block{travelersbackpack:sleeping_bag_top}
[22:10:40] [Server thread/TRACE] [FML]:   Registry: 255 minecraft:structure_block Block{minecraft:structure_block}
[22:10:40] [Server thread/TRACE] [FML]:   Registry: 256 travelersbackpack:sleeping_bag_bottom Block{travelersbackpack:sleeping_bag_bottom}
[22:10:40] [Server thread/TRACE] [FML]:   Registry: 257 sexmod:fire Block{sexmod:fire}
[22:10:40] [Server thread/TRACE] [FML]: Registry Name : minecraft:items
[22:10:40] [Server thread/TRACE] [FML]:   Registry: 0 minecraft:air net.minecraft.item.ItemAir@759a678a
[22:10:40] [Server thread/TRACE] [FML]:   Registry: 1 minecraft:stone net.minecraft.item.ItemMultiTexture@66020d69
[22:10:40] [Server thread/TRACE] [FML]:   Registry: 2 minecraft:grass net.minecraft.item.ItemColored@6b832551
[22:10:40] [Server thread/TRACE] [FML]:   Registry: 3 minecraft:dirt net.minecraft.item.ItemMultiTexture@63124022
[22:10:40] [Server thread/TRACE] [FML]:   Registry: 4 minecraft:cobblestone net.minecraft.item.ItemBlock@591f6f83
[22:10:40] [Server thread/TRACE] [FML]:   Registry: 5 minecraft:planks net.minecraft.item.ItemMultiTexture@55421b8d
[22:10:40] [Server thread/TRACE] [FML]:   Registry: 6 minecraft:sapling net.minecraft.item.ItemMultiTexture@6615237
[22:10:40] [Server thread/TRACE] [FML]:   Registry: 7 minecraft:bedrock net.minecraft.item.ItemBlock@eaf8427
[22:10:40] [Server thread/TRACE] [FML]:   Registry: 12 minecraft:sand net.minecraft.item.ItemMultiTexture@6d6039df
[22:10:40] [Server thread/TRACE] [FML]:   Registry: 13 minecraft:gravel net.minecraft.item.ItemBlock@611c3eae
[22:10:40] [Server thread/TRACE] [FML]:   Registry: 14 minecraft:gold_ore net.minecraft.item.ItemBlock@13e00016
[22:10:40] [Server thread/TRACE] [FML]:   Registry: 15 minecraft:iron_ore net.minecraft.item.ItemBlock@7b3cbe6e
[22:10:40] [Server thread/TRACE] [FML]:   Registry: 16 minecraft:coal_ore net.minecraft.item.ItemBlock@177ede17
[22:10:40] [Server thread/TRACE] [FML]:   Registry: 17 minecraft:log net.minecraft.item.ItemMultiTexture@4e4395c
[22:10:40] [Server thread/TRACE] [FML]:   Registry: 18 minecraft:leaves net.minecraft.item.ItemLeaves@41f785e3
[22:10:40] [Server thread/TRACE] [FML]:   Registry: 19 minecraft:sponge net.minecraft.item.ItemMultiTexture@1600a8a2
[22:10:40] [Server thread/TRACE] [FML]:   Registry: 20 minecraft:glass net.minecraft.item.ItemBlock@6b25ef1c
[22:10:40] [Server thread/TRACE] [FML]:   Registry: 21 minecraft:lapis_ore net.minecraft.item.ItemBlock@56b1e527
[22:10:40] [Server thread/TRACE] [FML]:   Registry: 22 minecraft:lapis_block net.minecraft.item.ItemBlock@68c34db2
[22:10:40] [Server thread/TRACE] [FML]:   Registry: 23 minecraft:dispenser net.minecraft.item.ItemBlock@7b95bdb0
[22:10:40] [Server thread/TRACE] [FML]:   Registry: 24 minecraft:sandstone net.minecraft.item.ItemMultiTexture@664db2ca
[22:10:40] [Server thread/TRACE] [FML]:   Registry: 25 minecraft:noteblock net.minecraft.item.ItemBlock@1491cd6c
[22:10:40] [Server thread/TRACE] [FML]:   Registry: 27 minecraft:golden_rail net.minecraft.item.ItemBlock@423f8a73
[22:10:40] [Server thread/TRACE] [FML]:   Registry: 28 minecraft:detector_rail net.minecraft.item.ItemBlock@1aedf08d
[22:10:40] [Server thread/TRACE] [FML]:   Registry: 29 minecraft:sticky_piston net.minecraft.item.ItemPiston@b5d9f1e
[22:10:40] [Server thread/TRACE] [FML]:   Registry: 30 minecraft:web net.minecraft.item.ItemBlock@350ff014
[22:10:40] [Server thread/TRACE] [FML]:   Registry: 31 minecraft:tallgrass net.minecraft.item.ItemColored@401317a0
[22:10:40] [Server thread/TRACE] [FML]:   Registry: 32 minecraft:deadbush net.minecraft.item.ItemBlock@3f866f50
[22:10:40] [Server thread/TRACE] [FML]:   Registry: 33 minecraft:piston net.minecraft.item.ItemPiston@5844a2d1
[22:10:40] [Server thread/TRACE] [FML]:   Registry: 35 minecraft:wool net.minecraft.item.ItemCloth@4607d78b
[22:10:40] [Server thread/TRACE] [FML]:   Registry: 37 minecraft:yellow_flower net.minecraft.item.ItemMultiTexture@22048bd6
[22:10:40] [Server thread/TRACE] [FML]:   Registry: 38 minecraft:red_flower net.minecraft.item.ItemMultiTexture@2e2f20b8
[22:10:40] [Server thread/TRACE] [FML]:   Registry: 39 minecraft:brown_mushroom net.minecraft.item.ItemBlock@504497fa
[22:10:40] [Server thread/TRACE] [FML]:   Registry: 40 minecraft:red_mushroom net.minecraft.item.ItemBlock@5618fc1f
[22:10:40] [Server thread/TRACE] [FML]:   Registry: 41 minecraft:gold_block net.minecraft.item.ItemBlock@60b1ff3b
[22:10:40] [Server thread/TRACE] [FML]:   Registry: 42 minecraft:iron_block net.minecraft.item.ItemBlock@374c3975
[22:10:40] [Server thread/TRACE] [FML]:   Registry: 44 minecraft:stone_slab net.minecraft.item.ItemSlab@3d0d120b
[22:10:40] [Server thread/TRACE] [FML]:   Registry: 45 minecraft:brick_block net.minecraft.item.ItemBlock@6b5c134e
[22:10:40] [Server thread/TRACE] [FML]:   Registry: 46 minecraft:tnt net.minecraft.item.ItemBlock@34d9df9f
[22:10:40] [Server thread/TRACE] [FML]:   Registry: 47 minecraft:bookshelf net.minecraft.item.ItemBlock@35c8be21
[22:10:40] [Server thread/TRACE] [FML]:   Registry: 48 minecraft:mossy_cobblestone net.minecraft.item.ItemBlock@60807fd9
[22:10:40] [Server thread/TRACE] [FML]:   Registry: 49 minecraft:obsidian net.minecraft.item.ItemBlock@6bcdd6e4
[22:10:40] [Server thread/TRACE] [FML]:   Registry: 50 minecraft:torch net.minecraft.item.ItemBlock@1192c925
[22:10:40] [Server thread/TRACE] [FML]:   Registry: 52 minecraft:mob_spawner net.minecraft.item.ItemBlock@6bb4cc0e
[22:10:40] [Server thread/TRACE] [FML]:   Registry: 53 minecraft:oak_stairs net.minecraft.item.ItemBlock@5cc1bf20
[22:10:40] [Server thread/TRACE] [FML]:   Registry: 54 minecraft:chest net.minecraft.item.ItemBlock@2e3f324e
[22:10:40] [Server thread/TRACE] [FML]:   Registry: 56 minecraft:diamond_ore net.minecraft.item.ItemBlock@46cf8c07
[22:10:40] [Server thread/TRACE] [FML]:   Registry: 57 minecraft:diamond_block net.minecraft.item.ItemBlock@b56ec6c
[22:10:40] [Server thread/TRACE] [FML]:   Registry: 58 minecraft:crafting_table net.minecraft.item.ItemBlock@5abf6a99
[22:10:40] [Server thread/TRACE] [FML]:   Registry: 60 minecraft:farmland net.minecraft.item.ItemBlock@dc59ec2
[22:10:40] [Server thread/TRACE] [FML]:   Registry: 61 minecraft:furnace net.minecraft.item.ItemBlock@375084c9
[22:10:40] [Server thread/TRACE] [FML]:   Registry: 65 minecraft:ladder net.minecraft.item.ItemBlock@bd93bc3
[22:10:40] [Server thread/TRACE] [FML]:   Registry: 66 minecraft:rail net.minecraft.item.ItemBlock@2a136383
[22:10:40] [Server thread/TRACE] [FML]:   Registry: 67 minecraft:stone_stairs net.minecraft.item.ItemBlock@b01cb8d
[22:10:40] [Server thread/TRACE] [FML]:   Registry: 69 minecraft:lever net.minecraft.item.ItemBlock@38c460e8
[22:10:40] [Server thread/TRACE] [FML]:   Registry: 70 minecraft:stone_pressure_plate net.minecraft.item.ItemBlock@7a814310
[22:10:40] [Server thread/TRACE] [FML]:   Registry: 72 minecraft:wooden_pressure_plate net.minecraft.item.ItemBlock@4bbf38b8
[22:10:40] [Server thread/TRACE] [FML]:   Registry: 73 minecraft:redstone_ore net.minecraft.item.ItemBlock@4e67cfe1
[22:10:40] [Server thread/TRACE] [FML]:   Registry: 76 minecraft:redstone_torch net.minecraft.item.ItemBlock@55bf35e5
[22:10:40] [Server thread/TRACE] [FML]:   Registry: 77 minecraft:stone_button net.minecraft.item.ItemBlock@25567581
[22:10:40] [Server thread/TRACE] [FML]:   Registry: 78 minecraft:snow_layer net.minecraft.item.ItemSnow@67763ebe
[22:10:40] [Server thread/TRACE] [FML]:   Registry: 79 minecraft:ice net.minecraft.item.ItemBlock@4b4a2fa8
[22:10:40] [Server thread/TRACE] [FML]:   Registry: 80 minecraft:snow net.minecraft.item.ItemBlock@5da6b13d
[22:10:40] [Server thread/TRACE] [FML]:   Registry: 81 minecraft:cactus net.minecraft.item.ItemBlock@3dc39459
[22:10:40] [Server thread/TRACE] [FML]:   Registry: 82 minecraft:clay net.minecraft.item.ItemBlock@6b16de91
[22:10:40] [Server thread/TRACE] [FML]:   Registry: 84 minecraft:jukebox net.minecraft.item.ItemBlock@71bb8b34
[22:10:40] [Server thread/TRACE] [FML]:   Registry: 85 minecraft:fence net.minecraft.item.ItemBlock@197ce367
[22:10:40] [Server thread/TRACE] [FML]:   Registry: 86 minecraft:pumpkin net.minecraft.item.ItemBlock@16d41725
[22:10:40] [Server thread/TRACE] [FML]:   Registry: 87 minecraft:netherrack net.minecraft.item.ItemBlock@3b6c2be6
[22:10:40] [Server thread/TRACE] [FML]:   Registry: 88 minecraft:soul_sand net.minecraft.item.ItemBlock@25533bba
[22:10:40] [Server thread/TRACE] [FML]:   Registry: 89 minecraft:glowstone net.minecraft.item.ItemBlock@26d0ece6
[22:10:40] [Server thread/TRACE] [FML]:   Registry: 91 minecraft:lit_pumpkin net.minecraft.item.ItemBlock@100bba26
[22:10:40] [Server thread/TRACE] [FML]:   Registry: 95 minecraft:stained_glass net.minecraft.item.ItemCloth@2bdab835
[22:10:40] [Server thread/TRACE] [FML]:   Registry: 96 minecraft:trapdoor net.minecraft.item.ItemBlock@4ae280da
[22:10:40] [Server thread/TRACE] [FML]:   Registry: 97 minecraft:monster_egg net.minecraft.item.ItemMultiTexture@57c69937
[22:10:40] [Server thread/TRACE] [FML]:   Registry: 98 minecraft:stonebrick net.minecraft.item.ItemMultiTexture@446b64b3
[22:10:40] [Server thread/TRACE] [FML]:   Registry: 99 minecraft:brown_mushroom_block net.minecraft.item.ItemBlock@35ac9ebd
[22:10:40] [Server thread/TRACE] [FML]:   Registry: 100 minecraft:red_mushroom_block net.minecraft.item.ItemBlock@56c0a61e
[22:10:40] [Server thread/TRACE] [FML]:   Registry: 101 minecraft:iron_bars net.minecraft.item.ItemBlock@421ead7e
[22:10:40] [Server thread/TRACE] [FML]:   Registry: 102 minecraft:glass_pane net.minecraft.item.ItemBlock@5dcf0772
[22:10:40] [Server thread/TRACE] [FML]:   Registry: 103 minecraft:melon_block net.minecraft.item.ItemBlock@c472300
[22:10:40] [Server thread/TRACE] [FML]:   Registry: 106 minecraft:vine net.minecraft.item.ItemColored@5f6494c0
[22:10:40] [Server thread/TRACE] [FML]:   Registry: 107 minecraft:fence_gate net.minecraft.item.ItemBlock@6826b70f
[22:10:40] [Server thread/TRACE] [FML]:   Registry: 108 minecraft:brick_stairs net.minecraft.item.ItemBlock@38c761e9
[22:10:40] [Server thread/TRACE] [FML]:   Registry: 109 minecraft:stone_brick_stairs net.minecraft.item.ItemBlock@1cee2e10
[22:10:40] [Server thread/TRACE] [FML]:   Registry: 110 minecraft:mycelium net.minecraft.item.ItemBlock@7f4e5a39
[22:10:40] [Server thread/TRACE] [FML]:   Registry: 111 minecraft:waterlily net.minecraft.item.ItemLilyPad@30159886
[22:10:40] [Server thread/TRACE] [FML]:   Registry: 112 minecraft:nether_brick net.minecraft.item.ItemBlock@5d66ae3a
[22:10:40] [Server thread/TRACE] [FML]:   Registry: 113 minecraft:nether_brick_fence net.minecraft.item.ItemBlock@50f4b83d
[22:10:40] [Server thread/TRACE] [FML]:   Registry: 114 minecraft:nether_brick_stairs net.minecraft.item.ItemBlock@10131289
[22:10:40] [Server thread/TRACE] [FML]:   Registry: 116 minecraft:enchanting_table net.minecraft.item.ItemBlock@c5e69a5
[22:10:40] [Server thread/TRACE] [FML]:   Registry: 120 minecraft:end_portal_frame net.minecraft.item.ItemBlock@64a1116a
[22:10:40] [Server thread/TRACE] [FML]:   Registry: 121 minecraft:end_stone net.minecraft.item.ItemBlock@11e17893
[22:10:40] [Server thread/TRACE] [FML]:   Registry: 122 minecraft:dragon_egg net.minecraft.item.ItemBlock@6682e6a5
[22:10:40] [Server thread/TRACE] [FML]:   Registry: 123 minecraft:redstone_lamp net.minecraft.item.ItemBlock@ac4915e
[22:10:40] [Server thread/TRACE] [FML]:   Registry: 126 minecraft:wooden_slab net.minecraft.item.ItemSlab@10fb4575
[22:10:40] [Server thread/TRACE] [FML]:   Registry: 128 minecraft:sandstone_stairs net.minecraft.item.ItemBlock@7cc2c551
[22:10:40] [Server thread/TRACE] [FML]:   Registry: 129 minecraft:emerald_ore net.minecraft.item.ItemBlock@d84b3a2
[22:10:40] [Server thread/TRACE] [FML]:   Registry: 130 minecraft:ender_chest net.minecraft.item.ItemBlock@23648d2d
[22:10:40] [Server thread/TRACE] [FML]:   Registry: 131 minecraft:tripwire_hook net.minecraft.item.ItemBlock@69feb4d9
[22:10:40] [Server thread/TRACE] [FML]:   Registry: 133 minecraft:emerald_block net.minecraft.item.ItemBlock@37c1cfa
[22:10:40] [Server thread/TRACE] [FML]:   Registry: 134 minecraft:spruce_stairs net.minecraft.item.ItemBlock@2bcda694
[22:10:40] [Server thread/TRACE] [FML]:   Registry: 135 minecraft:birch_stairs net.minecraft.item.ItemBlock@2cc75b25
[22:10:40] [Server thread/TRACE] [FML]:   Registry: 136 minecraft:jungle_stairs net.minecraft.item.ItemBlock@30036a18
[22:10:40] [Server thread/TRACE] [FML]:   Registry: 137 minecraft:command_block net.minecraft.item.ItemBlock@537b3b2e
[22:10:40] [Server thread/TRACE] [FML]:   Registry: 138 minecraft:beacon net.minecraft.item.ItemBlock@1544ded3
[22:10:40] [Server thread/TRACE] [FML]:   Registry: 139 minecraft:cobblestone_wall net.minecraft.item.ItemMultiTexture@28b458e6
[22:10:40] [Server thread/TRACE] [FML]:   Registry: 143 minecraft:wooden_button net.minecraft.item.ItemBlock@221ca495
[22:10:40] [Server thread/TRACE] [FML]:   Registry: 145 minecraft:anvil net.minecraft.item.ItemAnvilBlock@3a38e4dc
[22:10:40] [Server thread/TRACE] [FML]:   Registry: 146 minecraft:trapped_chest net.minecraft.item.ItemBlock@41fc0084
[22:10:40] [Server thread/TRACE] [FML]:   Registry: 147 minecraft:light_weighted_pressure_plate net.minecraft.item.ItemBlock@401788d5
[22:10:40] [Server thread/TRACE] [FML]:   Registry: 148 minecraft:heavy_weighted_pressure_plate net.minecraft.item.ItemBlock@3ec9f8d
[22:10:40] [Server thread/TRACE] [FML]:   Registry: 151 minecraft:daylight_detector net.minecraft.item.ItemBlock@7e0f9528
[22:10:40] [Server thread/TRACE] [FML]:   Registry: 152 minecraft:redstone_block net.minecraft.item.ItemBlock@5f56424d
[22:10:40] [Server thread/TRACE] [FML]:   Registry: 153 minecraft:quartz_ore net.minecraft.item.ItemBlock@237b2852
[22:10:40] [Server thread/TRACE] [FML]:   Registry: 154 minecraft:hopper net.minecraft.item.ItemBlock@448cdb47
[22:10:40] [Server thread/TRACE] [FML]:   Registry: 155 minecraft:quartz_block net.minecraft.item.ItemMultiTexture@4628a02b
[22:10:40] [Server thread/TRACE] [FML]:   Registry: 156 minecraft:quartz_stairs net.minecraft.item.ItemBlock@2b01c689
[22:10:40] [Server thread/TRACE] [FML]:   Registry: 157 minecraft:activator_rail net.minecraft.item.ItemBlock@51424203
[22:10:40] [Server thread/TRACE] [FML]:   Registry: 158 minecraft:dropper net.minecraft.item.ItemBlock@7336fd8f
[22:10:40] [Server thread/TRACE] [FML]:   Registry: 159 minecraft:stained_hardened_clay net.minecraft.item.ItemCloth@701c223a
[22:10:40] [Server thread/TRACE] [FML]:   Registry: 160 minecraft:stained_glass_pane net.minecraft.item.ItemCloth@7b8aebd0
[22:10:40] [Server thread/TRACE] [FML]:   Registry: 161 minecraft:leaves2 net.minecraft.item.ItemLeaves@6c9a3661
[22:10:40] [Server thread/TRACE] [FML]:   Registry: 162 minecraft:log2 net.minecraft.item.ItemMultiTexture@7b5ac347
[22:10:40] [Server thread/TRACE] [FML]:   Registry: 163 minecraft:acacia_stairs net.minecraft.item.ItemBlock@7e94e331
[22:10:40] [Server thread/TRACE] [FML]:   Registry: 164 minecraft:dark_oak_stairs net.minecraft.item.ItemBlock@539fc5d1
[22:10:40] [Server thread/TRACE] [FML]:   Registry: 165 minecraft:slime net.minecraft.item.ItemBlock@4cae66a8
[22:10:40] [Server thread/TRACE] [FML]:   Registry: 166 minecraft:barrier net.minecraft.item.ItemBlock@550c973e
[22:10:40] [Server thread/TRACE] [FML]:   Registry: 167 minecraft:iron_trapdoor net.minecraft.item.ItemBlock@161d95c6
[22:10:40] [Server thread/TRACE] [FML]:   Registry: 168 minecraft:prismarine net.minecraft.item.ItemMultiTexture@3181d4de
[22:10:40] [Server thread/TRACE] [FML]:   Registry: 169 minecraft:sea_lantern net.minecraft.item.ItemBlock@4f64d9cb
[22:10:40] [Server thread/TRACE] [FML]:   Registry: 170 minecraft:hay_block net.minecraft.item.ItemBlock@5203c80f
[22:10:40] [Server thread/TRACE] [FML]:   Registry: 171 minecraft:carpet net.minecraft.item.ItemCloth@439f2d87
[22:10:40] [Server thread/TRACE] [FML]:   Registry: 172 minecraft:hardened_clay net.minecraft.item.ItemBlock@721bf7ad
[22:10:40] [Server thread/TRACE] [FML]:   Registry: 173 minecraft:coal_block net.minecraft.item.ItemBlock@852ef8d
[22:10:40] [Server thread/TRACE] [FML]:   Registry: 174 minecraft:packed_ice net.minecraft.item.ItemBlock@44dd0d38
[22:10:40] [Server thread/TRACE] [FML]:   Registry: 175 minecraft:double_plant net.minecraft.item.ItemMultiTexture@147e0734
[22:10:40] [Server thread/TRACE] [FML]:   Registry: 179 minecraft:red_sandstone net.minecraft.item.ItemMultiTexture@270d5060
[22:10:40] [Server thread/TRACE] [FML]:   Registry: 180 minecraft:red_sandstone_stairs net.minecraft.item.ItemBlock@1815577b
[22:10:40] [Server thread/TRACE] [FML]:   Registry: 182 minecraft:stone_slab2 net.minecraft.item.ItemSlab@71567f33
[22:10:40] [Server thread/TRACE] [FML]:   Registry: 183 minecraft:spruce_fence_gate net.minecraft.item.ItemBlock@4df7d9ee
[22:10:40] [Server thread/TRACE] [FML]:   Registry: 184 minecraft:birch_fence_gate net.minecraft.item.ItemBlock@781dac73
[22:10:40] [Server thread/TRACE] [FML]:   Registry: 185 minecraft:jungle_fence_gate net.minecraft.item.ItemBlock@3a4e524
[22:10:40] [Server thread/TRACE] [FML]:   Registry: 186 minecraft:dark_oak_fence_gate net.minecraft.item.ItemBlock@5e67a490
[22:10:40] [Server thread/TRACE] [FML]:   Registry: 187 minecraft:acacia_fence_gate net.minecraft.item.ItemBlock@2dac2e1b
[22:10:40] [Server thread/TRACE] [FML]:   Registry: 188 minecraft:spruce_fence net.minecraft.item.ItemBlock@383cdd4d
[22:10:40] [Server thread/TRACE] [FML]:   Registry: 189 minecraft:birch_fence net.minecraft.item.ItemBlock@65036e8d
[22:10:40] [Server thread/TRACE] [FML]:   Registry: 190 minecraft:jungle_fence net.minecraft.item.ItemBlock@48ccbb32
[22:10:40] [Server thread/TRACE] [FML]:   Registry: 191 minecraft:dark_oak_fence net.minecraft.item.ItemBlock@36551e97
[22:10:40] [Server thread/TRACE] [FML]:   Registry: 192 minecraft:acacia_fence net.minecraft.item.ItemBlock@685d7ba5
[22:10:40] [Server thread/TRACE] [FML]:   Registry: 198 minecraft:end_rod net.minecraft.item.ItemBlock@615b5480
[22:10:40] [Server thread/TRACE] [FML]:   Registry: 199 minecraft:chorus_plant net.minecraft.item.ItemBlock@24691c5
[22:10:40] [Server thread/TRACE] [FML]:   Registry: 200 minecraft:chorus_flower net.minecraft.item.ItemBlock@7b91d9f
[22:10:40] [Server thread/TRACE] [FML]:   Registry: 201 minecraft:purpur_block net.minecraft.item.ItemBlock@6537ac
[22:10:40] [Server thread/TRACE] [FML]:   Registry: 202 minecraft:purpur_pillar net.minecraft.item.ItemBlock@3b218c74
[22:10:40] [Server thread/TRACE] [FML]:   Registry: 203 minecraft:purpur_stairs net.minecraft.item.ItemBlock@ddffa6c
[22:10:40] [Server thread/TRACE] [FML]:   Registry: 205 minecraft:purpur_slab net.minecraft.item.ItemSlab@42c54bad
[22:10:40] [Server thread/TRACE] [FML]:   Registry: 206 minecraft:end_bricks net.minecraft.item.ItemBlock@19eea77c
[22:10:40] [Server thread/TRACE] [FML]:   Registry: 208 minecraft:grass_path net.minecraft.item.ItemBlock@60b616c8
[22:10:40] [Server thread/TRACE] [FML]:   Registry: 210 minecraft:repeating_command_block net.minecraft.item.ItemBlock@71369e1a
[22:10:40] [Server thread/TRACE] [FML]:   Registry: 211 minecraft:chain_command_block net.minecraft.item.ItemBlock@3cf55e0c
[22:10:40] [Server thread/TRACE] [FML]:   Registry: 213 minecraft:magma net.minecraft.item.ItemBlock@ee96866
[22:10:40] [Server thread/TRACE] [FML]:   Registry: 214 minecraft:nether_wart_block net.minecraft.item.ItemBlock@4c04216f
[22:10:40] [Server thread/TRACE] [FML]:   Registry: 215 minecraft:red_nether_brick net.minecraft.item.ItemBlock@987a0bb
[22:10:40] [Server thread/TRACE] [FML]:   Registry: 216 minecraft:bone_block net.minecraft.item.ItemBlock@1f949ab9
[22:10:40] [Server thread/TRACE] [FML]:   Registry: 217 minecraft:structure_void net.minecraft.item.ItemBlock@5a7b6b75
[22:10:40] [Server thread/TRACE] [FML]:   Registry: 218 minecraft:observer net.minecraft.item.ItemBlock@3719360c
[22:10:40] [Server thread/TRACE] [FML]:   Registry: 219 minecraft:white_shulker_box net.minecraft.item.ItemShulkerBox@3855d9b2
[22:10:40] [Server thread/TRACE] [FML]:   Registry: 220 minecraft:orange_shulker_box net.minecraft.item.ItemShulkerBox@39f42d0e
[22:10:40] [Server thread/TRACE] [FML]:   Registry: 221 minecraft:magenta_shulker_box net.minecraft.item.ItemShulkerBox@47a3d56a
[22:10:40] [Server thread/TRACE] [FML]:   Registry: 222 minecraft:light_blue_shulker_box net.minecraft.item.ItemShulkerBox@3a209918
[22:10:40] [Server thread/TRACE] [FML]:   Registry: 223 minecraft:yellow_shulker_box net.minecraft.item.ItemShulkerBox@2cae5fa7
[22:10:40] [Server thread/TRACE] [FML]:   Registry: 224 minecraft:lime_shulker_box net.minecraft.item.ItemShulkerBox@34aa8b61
[22:10:40] [Server thread/TRACE] [FML]:   Registry: 225 minecraft:pink_shulker_box net.minecraft.item.ItemShulkerBox@6d7b001b
[22:10:40] [Server thread/TRACE] [FML]:   Registry: 226 minecraft:gray_shulker_box net.minecraft.item.ItemShulkerBox@532dacf5
[22:10:40] [Server thread/TRACE] [FML]:   Registry: 227 minecraft:silver_shulker_box net.minecraft.item.ItemShulkerBox@da09250
[22:10:40] [Server thread/TRACE] [FML]:   Registry: 228 minecraft:cyan_shulker_box net.minecraft.item.ItemShulkerBox@6d31f106
[22:10:40] [Server thread/TRACE] [FML]:   Registry: 229 minecraft:purple_shulker_box net.minecraft.item.ItemShulkerBox@587f4f63
[22:10:40] [Server thread/TRACE] [FML]:   Registry: 230 minecraft:blue_shulker_box net.minecraft.item.ItemShulkerBox@660b1a9d
[22:10:40] [Server thread/TRACE] [FML]:   Registry: 231 minecraft:brown_shulker_box net.minecraft.item.ItemShulkerBox@6fb0261e
[22:10:40] [Server thread/TRACE] [FML]:   Registry: 232 minecraft:green_shulker_box net.minecraft.item.ItemShulkerBox@d6b532f
[22:10:40] [Server thread/TRACE] [FML]:   Registry: 233 minecraft:red_shulker_box net.minecraft.item.ItemShulkerBox@2f4d01b6
[22:10:40] [Server thread/TRACE] [FML]:   Registry: 234 minecraft:black_shulker_box net.minecraft.item.ItemShulkerBox@112c2930
[22:10:40] [Server thread/TRACE] [FML]:   Registry: 235 minecraft:white_glazed_terracotta net.minecraft.item.ItemBlock@7f426ddd
[22:10:40] [Server thread/TRACE] [FML]:   Registry: 236 minecraft:orange_glazed_terracotta net.minecraft.item.ItemBlock@28e7bb31
[22:10:40] [Server thread/TRACE] [FML]:   Registry: 237 minecraft:magenta_glazed_terracotta net.minecraft.item.ItemBlock@6fe04f2a
[22:10:40] [Server thread/TRACE] [FML]:   Registry: 238 minecraft:light_blue_glazed_terracotta net.minecraft.item.ItemBlock@1f758e4f
[22:10:40] [Server thread/TRACE] [FML]:   Registry: 239 minecraft:yellow_glazed_terracotta net.minecraft.item.ItemBlock@733534f9
[22:10:40] [Server thread/TRACE] [FML]:   Registry: 240 minecraft:lime_glazed_terracotta net.minecraft.item.ItemBlock@661e279d
[22:10:40] [Server thread/TRACE] [FML]:   Registry: 241 minecraft:pink_glazed_terracotta net.minecraft.item.ItemBlock@beabd6b
[22:10:40] [Server thread/TRACE] [FML]:   Registry: 242 minecraft:gray_glazed_terracotta net.minecraft.item.ItemBlock@38de5daf
[22:10:40] [Server thread/TRACE] [FML]:   Registry: 243 minecraft:silver_glazed_terracotta net.minecraft.item.ItemBlock@621624b1
[22:10:40] [Server thread/TRACE] [FML]:   Registry: 244 minecraft:cyan_glazed_terracotta net.minecraft.item.ItemBlock@7523d5a1
[22:10:40] [Server thread/TRACE] [FML]:   Registry: 245 minecraft:purple_glazed_terracotta net.minecraft.item.ItemBlock@2bfc2f8b
[22:10:40] [Server thread/TRACE] [FML]:   Registry: 246 minecraft:blue_glazed_terracotta net.minecraft.item.ItemBlock@61853c7e
[22:10:40] [Server thread/TRACE] [FML]:   Registry: 247 minecraft:brown_glazed_terracotta net.minecraft.item.ItemBlock@32e5af53
[22:10:40] [Server thread/TRACE] [FML]:   Registry: 248 minecraft:green_glazed_terracotta net.minecraft.item.ItemBlock@5980fa73
[22:10:40] [Server thread/TRACE] [FML]:   Registry: 249 minecraft:red_glazed_terracotta net.minecraft.item.ItemBlock@13ca16bf
[22:10:40] [Server thread/TRACE] [FML]:   Registry: 250 minecraft:black_glazed_terracotta net.minecraft.item.ItemBlock@5be4be74
[22:10:40] [Server thread/TRACE] [FML]:   Registry: 251 minecraft:concrete net.minecraft.item.ItemCloth@44641d6c
[22:10:40] [Server thread/TRACE] [FML]:   Registry: 252 minecraft:concrete_powder net.minecraft.item.ItemCloth@1ae924f1
[22:10:40] [Server thread/TRACE] [FML]:   Registry: 255 minecraft:structure_block net.minecraft.item.ItemBlock@59d5a6fd
[22:10:40] [Server thread/TRACE] [FML]:   Registry: 256 minecraft:iron_shovel net.minecraft.item.ItemSpade@166b11e
[22:10:40] [Server thread/TRACE] [FML]:   Registry: 257 minecraft:iron_pickaxe net.minecraft.item.ItemPickaxe@5323999f
[22:10:40] [Server thread/TRACE] [FML]:   Registry: 258 minecraft:iron_axe net.minecraft.item.ItemAxe@3bc20984
[22:10:40] [Server thread/TRACE] [FML]:   Registry: 259 minecraft:flint_and_steel net.minecraft.item.ItemFlintAndSteel@f017dd0
[22:10:40] [Server thread/TRACE] [FML]:   Registry: 260 minecraft:apple net.minecraft.item.ItemFood@6fb22ae3
[22:10:40] [Server thread/TRACE] [FML]:   Registry: 261 minecraft:bow net.minecraft.item.ItemBow@6df11e91
[22:10:40] [Server thread/TRACE] [FML]:   Registry: 262 minecraft:arrow net.minecraft.item.ItemArrow@53cddaf8
[22:10:40] [Server thread/TRACE] [FML]:   Registry: 263 minecraft:coal net.minecraft.item.ItemCoal@4044589a
[22:10:40] [Server thread/TRACE] [FML]:   Registry: 264 minecraft:diamond net.minecraft.item.Item@7de35070
[22:10:40] [Server thread/TRACE] [FML]:   Registry: 265 minecraft:iron_ingot net.minecraft.item.Item@216f01
[22:10:40] [Server thread/TRACE] [FML]:   Registry: 266 minecraft:gold_ingot net.minecraft.item.Item@7c901203
[22:10:40] [Server thread/TRACE] [FML]:   Registry: 267 minecraft:iron_sword net.minecraft.item.ItemSword@722787b5
[22:10:40] [Server thread/TRACE] [FML]:   Registry: 268 minecraft:wooden_sword net.minecraft.item.ItemSword@edb83f8
[22:10:40] [Server thread/TRACE] [FML]:   Registry: 269 minecraft:wooden_shovel net.minecraft.item.ItemSpade@8b41ad
[22:10:40] [Server thread/TRACE] [FML]:   Registry: 270 minecraft:wooden_pickaxe net.minecraft.item.ItemPickaxe@541d4d9f
[22:10:40] [Server thread/TRACE] [FML]:   Registry: 271 minecraft:wooden_axe net.minecraft.item.ItemAxe@1a497286
[22:10:40] [Server thread/TRACE] [FML]:   Registry: 272 minecraft:stone_sword net.minecraft.item.ItemSword@48dff674
[22:10:40] [Server thread/TRACE] [FML]:   Registry: 273 minecraft:stone_shovel net.minecraft.item.ItemSpade@120350eb
[22:10:40] [Server thread/TRACE] [FML]:   Registry: 274 minecraft:stone_pickaxe net.minecraft.item.ItemPickaxe@2ccc9681
[22:10:40] [Server thread/TRACE] [FML]:   Registry: 275 minecraft:stone_axe net.minecraft.item.ItemAxe@7d401cdc
[22:10:40] [Server thread/TRACE] [FML]:   Registry: 276 minecraft:diamond_sword net.minecraft.item.ItemSword@4a9b3956
[22:10:40] [Server thread/TRACE] [FML]:   Registry: 277 minecraft:diamond_shovel net.minecraft.item.ItemSpade@4217bce6
[22:10:40] [Server thread/TRACE] [FML]:   Registry: 278 minecraft:diamond_pickaxe net.minecraft.item.ItemPickaxe@aa752bb
[22:10:40] [Server thread/TRACE] [FML]:   Registry: 279 minecraft:diamond_axe net.minecraft.item.ItemAxe@77fc19cf
[22:10:40] [Server thread/TRACE] [FML]:   Registry: 280 minecraft:stick net.minecraft.item.Item@643ecfef
[22:10:40] [Server thread/TRACE] [FML]:   Registry: 281 minecraft:bowl net.minecraft.item.Item@1b31af02
[22:10:40] [Server thread/TRACE] [FML]:   Registry: 282 minecraft:mushroom_stew net.minecraft.item.ItemSoup@2e45a357
[22:10:40] [Server thread/TRACE] [FML]:   Registry: 283 minecraft:golden_sword net.minecraft.item.ItemSword@389a5022
[22:10:40] [Server thread/TRACE] [FML]:   Registry: 284 minecraft:golden_shovel net.minecraft.item.ItemSpade@bb8ead8
[22:10:40] [Server thread/TRACE] [FML]:   Registry: 285 minecraft:golden_pickaxe net.minecraft.item.ItemPickaxe@5b44318
[22:10:40] [Server thread/TRACE] [FML]:   Registry: 286 minecraft:golden_axe net.minecraft.item.ItemAxe@6e807e2
[22:10:40] [Server thread/TRACE] [FML]:   Registry: 287 minecraft:string net.minecraft.item.ItemBlockSpecial@730bea0
[22:10:40] [Server thread/TRACE] [FML]:   Registry: 288 minecraft:feather net.minecraft.item.Item@41a16eb3
[22:10:40] [Server thread/TRACE] [FML]:   Registry: 289 minecraft:gunpowder net.minecraft.item.Item@677cb96e
[22:10:40] [Server thread/TRACE] [FML]:   Registry: 290 minecraft:wooden_hoe net.minecraft.item.ItemHoe@53cb0bcb
[22:10:40] [Server thread/TRACE] [FML]:   Registry: 291 minecraft:stone_hoe net.minecraft.item.ItemHoe@51fe7f15
[22:10:40] [Server thread/TRACE] [FML]:   Registry: 292 minecraft:iron_hoe net.minecraft.item.ItemHoe@5873f3f0
[22:10:40] [Server thread/TRACE] [FML]:   Registry: 293 minecraft:diamond_hoe net.minecraft.item.ItemHoe@684372d0
[22:10:40] [Server thread/TRACE] [FML]:   Registry: 294 minecraft:golden_hoe net.minecraft.item.ItemHoe@63dda940
[22:10:40] [Server thread/TRACE] [FML]:   Registry: 295 minecraft:wheat_seeds net.minecraft.item.ItemSeeds@7574d4ad
[22:10:40] [Server thread/TRACE] [FML]:   Registry: 296 minecraft:wheat net.minecraft.item.Item@7bede4ea
[22:10:40] [Server thread/TRACE] [FML]:   Registry: 297 minecraft:bread net.minecraft.item.ItemFood@713999c2
[22:10:40] [Server thread/TRACE] [FML]:   Registry: 298 minecraft:leather_helmet net.minecraft.item.ItemArmor@1d2d8846
[22:10:40] [Server thread/TRACE] [FML]:   Registry: 299 minecraft:leather_chestplate net.minecraft.item.ItemArmor@34cd65ac
[22:10:40] [Server thread/TRACE] [FML]:   Registry: 300 minecraft:leather_leggings net.minecraft.item.ItemArmor@61911947
[22:10:40] [Server thread/TRACE] [FML]:   Registry: 301 minecraft:leather_boots net.minecraft.item.ItemArmor@5c53c235
[22:10:40] [Server thread/TRACE] [FML]:   Registry: 302 minecraft:chainmail_helmet net.minecraft.item.ItemArmor@2dcd0e41
[22:10:40] [Server thread/TRACE] [FML]:   Registry: 303 minecraft:chainmail_chestplate net.minecraft.item.ItemArmor@7272ee51
[22:10:40] [Server thread/TRACE] [FML]:   Registry: 304 minecraft:chainmail_leggings net.minecraft.item.ItemArmor@1b409a79
[22:10:40] [Server thread/TRACE] [FML]:   Registry: 305 minecraft:chainmail_boots net.minecraft.item.ItemArmor@5940b14e
[22:10:40] [Server thread/TRACE] [FML]:   Registry: 306 minecraft:iron_helmet net.minecraft.item.ItemArmor@1cba0321
[22:10:40] [Server thread/TRACE] [FML]:   Registry: 307 minecraft:iron_chestplate net.minecraft.item.ItemArmor@795f6681
[22:10:40] [Server thread/TRACE] [FML]:   Registry: 308 minecraft:iron_leggings net.minecraft.item.ItemArmor@66d3b881
[22:10:40] [Server thread/TRACE] [FML]:   Registry: 309 minecraft:iron_boots net.minecraft.item.ItemArmor@3a45afd4
[22:10:40] [Server thread/TRACE] [FML]:   Registry: 310 minecraft:diamond_helmet net.minecraft.item.ItemArmor@762a10b6
[22:10:40] [Server thread/TRACE] [FML]:   Registry: 311 minecraft:diamond_chestplate net.minecraft.item.ItemArmor@74431b9c
[22:10:40] [Server thread/TRACE] [FML]:   Registry: 312 minecraft:diamond_leggings net.minecraft.item.ItemArmor@f2fb225
[22:10:40] [Server thread/TRACE] [FML]:   Registry: 313 minecraft:diamond_boots net.minecraft.item.ItemArmor@1883871b
[22:10:40] [Server thread/TRACE] [FML]:   Registry: 314 minecraft:golden_helmet net.minecraft.item.ItemArmor@3e0a9b1d
[22:10:40] [Server thread/TRACE] [FML]:   Registry: 315 minecraft:golden_chestplate net.minecraft.item.ItemArmor@52f9e8bb
[22:10:40] [Server thread/TRACE] [FML]:   Registry: 316 minecraft:golden_leggings net.minecraft.item.ItemArmor@2035d65b
[22:10:40] [Server thread/TRACE] [FML]:   Registry: 317 minecraft:golden_boots net.minecraft.item.ItemArmor@240a2619
[22:10:40] [Server thread/TRACE] [FML]:   Registry: 318 minecraft:flint net.minecraft.item.Item@4e3283f6
[22:10:40] [Server thread/TRACE] [FML]:   Registry: 319 minecraft:porkchop net.minecraft.item.ItemFood@539316bb
[22:10:40] [Server thread/TRACE] [FML]:   Registry: 320 minecraft:cooked_porkchop net.minecraft.item.ItemFood@5d1a859c
[22:10:40] [Server thread/TRACE] [FML]:   Registry: 321 minecraft:painting net.minecraft.item.ItemHangingEntity@21516c88
[22:10:40] [Server thread/TRACE] [FML]:   Registry: 322 minecraft:golden_apple net.minecraft.item.ItemAppleGold@4fc6e776
[22:10:40] [Server thread/TRACE] [FML]:   Registry: 323 minecraft:sign net.minecraft.item.ItemSign@e01a26b
[22:10:40] [Server thread/TRACE] [FML]:   Registry: 324 minecraft:wooden_door net.minecraft.item.ItemDoor@314b7945
[22:10:40] [Server thread/TRACE] [FML]:   Registry: 325 minecraft:bucket net.minecraft.item.ItemBucket@27df5806
[22:10:40] [Server thread/TRACE] [FML]:   Registry: 326 minecraft:water_bucket net.minecraft.item.ItemBucket@69bc9584
[22:10:40] [Server thread/TRACE] [FML]:   Registry: 327 minecraft:lava_bucket net.minecraft.item.ItemBucket@3214bad
[22:10:40] [Server thread/TRACE] [FML]:   Registry: 328 minecraft:minecart net.minecraft.item.ItemMinecart@3d40498a
[22:10:40] [Server thread/TRACE] [FML]:   Registry: 329 minecraft:saddle net.minecraft.item.ItemSaddle@3e74fd84
[22:10:40] [Server thread/TRACE] [FML]:   Registry: 330 minecraft:iron_door net.minecraft.item.ItemDoor@147efd9
[22:10:40] [Server thread/TRACE] [FML]:   Registry: 331 minecraft:redstone net.minecraft.item.ItemRedstone@1de5cc88
[22:10:40] [Server thread/TRACE] [FML]:   Registry: 332 minecraft:snowball net.minecraft.item.ItemSnowball@baa9ce4
[22:10:40] [Server thread/TRACE] [FML]:   Registry: 333 minecraft:boat net.minecraft.item.ItemBoat@2755617b
[22:10:40] [Server thread/TRACE] [FML]:   Registry: 334 minecraft:leather net.minecraft.item.Item@65859b44
[22:10:40] [Server thread/TRACE] [FML]:   Registry: 335 minecraft:milk_bucket net.minecraft.item.ItemBucketMilk@45b7c97f
[22:10:40] [Server thread/TRACE] [FML]:   Registry: 336 minecraft:brick net.minecraft.item.Item@c212536
[22:10:40] [Server thread/TRACE] [FML]:   Registry: 337 minecraft:clay_ball net.minecraft.item.Item@7b377a53
[22:10:40] [Server thread/TRACE] [FML]:   Registry: 338 minecraft:reeds net.minecraft.item.ItemBlockSpecial@1b0e031b
[22:10:40] [Server thread/TRACE] [FML]:   Registry: 339 minecraft:paper net.minecraft.item.Item@6009cd34
[22:10:40] [Server thread/TRACE] [FML]:   Registry: 340 minecraft:book net.minecraft.item.ItemBook@4e5c8ef3
[22:10:40] [Server thread/TRACE] [FML]:   Registry: 341 minecraft:slime_ball net.minecraft.item.Item@60928a61
[22:10:40] [Server thread/TRACE] [FML]:   Registry: 342 minecraft:chest_minecart net.minecraft.item.ItemMinecart@27358a19
[22:10:40] [Server thread/TRACE] [FML]:   Registry: 343 minecraft:furnace_minecart net.minecraft.item.ItemMinecart@8077c97
[22:10:40] [Server thread/TRACE] [FML]:   Registry: 344 minecraft:egg net.minecraft.item.ItemEgg@305b43ca
[22:10:40] [Server thread/TRACE] [FML]:   Registry: 345 minecraft:compass net.minecraft.item.ItemCompass@50a7c72b
[22:10:40] [Server thread/TRACE] [FML]:   Registry: 346 minecraft:fishing_rod net.minecraft.item.ItemFishingRod@d108406
[22:10:40] [Server thread/TRACE] [FML]:   Registry: 347 minecraft:clock net.minecraft.item.ItemClock@6a5dd083
[22:10:40] [Server thread/TRACE] [FML]:   Registry: 348 minecraft:glowstone_dust net.minecraft.item.Item@77663cd7
[22:10:40] [Server thread/TRACE] [FML]:   Registry: 349 minecraft:fish net.minecraft.item.ItemFishFood@582dcd35
[22:10:40] [Server thread/TRACE] [FML]:   Registry: 350 minecraft:cooked_fish net.minecraft.item.ItemFishFood@1e6bd263
[22:10:40] [Server thread/TRACE] [FML]:   Registry: 351 minecraft:dye net.minecraft.item.ItemDye@58164e9a
[22:10:40] [Server thread/TRACE] [FML]:   Registry: 352 minecraft:bone net.minecraft.item.Item@11bfffb3
[22:10:40] [Server thread/TRACE] [FML]:   Registry: 353 minecraft:sugar net.minecraft.item.Item@6a7a1a0d
[22:10:40] [Server thread/TRACE] [FML]:   Registry: 354 minecraft:cake net.minecraft.item.ItemBlockSpecial@1c6e3ff9
[22:10:40] [Server thread/TRACE] [FML]:   Registry: 355 minecraft:bed net.minecraft.item.ItemBed@22da200e
[22:10:40] [Server thread/TRACE] [FML]:   Registry: 356 minecraft:repeater net.minecraft.item.ItemBlockSpecial@4f26425b
[22:10:40] [Server thread/TRACE] [FML]:   Registry: 357 minecraft:cookie net.minecraft.item.ItemFood@f03ee8f
[22:10:40] [Server thread/TRACE] [FML]:   Registry: 358 minecraft:filled_map net.minecraft.item.ItemMap@18c7f6b5
[22:10:40] [Server thread/TRACE] [FML]:   Registry: 359 minecraft:shears net.minecraft.item.ItemShears@609b041c
[22:10:40] [Server thread/TRACE] [FML]:   Registry: 360 minecraft:melon net.minecraft.item.ItemFood@474e34e4
[22:10:40] [Server thread/TRACE] [FML]:   Registry: 361 minecraft:pumpkin_seeds net.minecraft.item.ItemSeeds@7e2c6702
[22:10:40] [Server thread/TRACE] [FML]:   Registry: 362 minecraft:melon_seeds net.minecraft.item.ItemSeeds@5fb7ab9c
[22:10:40] [Server thread/TRACE] [FML]:   Registry: 363 minecraft:beef net.minecraft.item.ItemFood@6734ff92
[22:10:40] [Server thread/TRACE] [FML]:   Registry: 364 minecraft:cooked_beef net.minecraft.item.ItemFood@51eb0e84
[22:10:40] [Server thread/TRACE] [FML]:   Registry: 365 minecraft:chicken net.minecraft.item.ItemFood@38f617f4
[22:10:40] [Server thread/TRACE] [FML]:   Registry: 366 minecraft:cooked_chicken net.minecraft.item.ItemFood@4899799b
[22:10:40] [Server thread/TRACE] [FML]:   Registry: 367 minecraft:rotten_flesh net.minecraft.item.ItemFood@3dea226b
[22:10:40] [Server thread/TRACE] [FML]:   Registry: 368 minecraft:ender_pearl net.minecraft.item.ItemEnderPearl@1412682c
[22:10:40] [Server thread/TRACE] [FML]:   Registry: 369 minecraft:blaze_rod net.minecraft.item.Item@53bb71e5
[22:10:40] [Server thread/TRACE] [FML]:   Registry: 370 minecraft:ghast_tear net.minecraft.item.Item@54a056e4
[22:10:40] [Server thread/TRACE] [FML]:   Registry: 371 minecraft:gold_nugget net.minecraft.item.Item@15994b0b
[22:10:40] [Server thread/TRACE] [FML]:   Registry: 372 minecraft:nether_wart net.minecraft.item.ItemSeeds@12cd129c
[22:10:40] [Server thread/TRACE] [FML]:   Registry: 373 minecraft:potion net.minecraft.item.ItemPotion@4cb00fa5
[22:10:40] [Server thread/TRACE] [FML]:   Registry: 374 minecraft:glass_bottle net.minecraft.item.ItemGlassBottle@78065fcd
[22:10:40] [Server thread/TRACE] [FML]:   Registry: 375 minecraft:spider_eye net.minecraft.item.ItemFood@3407aa4f
[22:10:40] [Server thread/TRACE] [FML]:   Registry: 376 minecraft:fermented_spider_eye net.minecraft.item.Item@51ed2f68
[22:10:40] [Server thread/TRACE] [FML]:   Registry: 377 minecraft:blaze_powder net.minecraft.item.Item@538b3c88
[22:10:40] [Server thread/TRACE] [FML]:   Registry: 378 minecraft:magma_cream net.minecraft.item.Item@19b9f903
[22:10:40] [Server thread/TRACE] [FML]:   Registry: 379 minecraft:brewing_stand net.minecraft.item.ItemBlockSpecial@10e56da9
[22:10:40] [Server thread/TRACE] [FML]:   Registry: 380 minecraft:cauldron net.minecraft.item.ItemBlockSpecial@28cb86b2
[22:10:40] [Server thread/TRACE] [FML]:   Registry: 381 minecraft:ender_eye net.minecraft.item.ItemEnderEye@3b3056a6
[22:10:40] [Server thread/TRACE] [FML]:   Registry: 382 minecraft:speckled_melon net.minecraft.item.Item@6d4a05f7
[22:10:40] [Server thread/TRACE] [FML]:   Registry: 383 minecraft:spawn_egg net.minecraft.item.ItemMonsterPlacer@72fb989b
[22:10:40] [Server thread/TRACE] [FML]:   Registry: 384 minecraft:experience_bottle net.minecraft.item.ItemExpBottle@586843bc
[22:10:40] [Server thread/TRACE] [FML]:   Registry: 385 minecraft:fire_charge net.minecraft.item.ItemFireball@5599b5bb
[22:10:40] [Server thread/TRACE] [FML]:   Registry: 386 minecraft:writable_book net.minecraft.item.ItemWritableBook@647fb583
[22:10:40] [Server thread/TRACE] [FML]:   Registry: 387 minecraft:written_book net.minecraft.item.ItemWrittenBook@7ead1d80
[22:10:40] [Server thread/TRACE] [FML]:   Registry: 388 minecraft:emerald net.minecraft.item.Item@1d1bf7bf
[22:10:40] [Server thread/TRACE] [FML]:   Registry: 389 minecraft:item_frame net.minecraft.item.ItemHangingEntity@1182413a
[22:10:40] [Server thread/TRACE] [FML]:   Registry: 390 minecraft:flower_pot net.minecraft.item.ItemBlockSpecial@4d43a1b7
[22:10:40] [Server thread/TRACE] [FML]:   Registry: 391 minecraft:carrot net.minecraft.item.ItemSeedFood@1a785fd5
[22:10:40] [Server thread/TRACE] [FML]:   Registry: 392 minecraft:potato net.minecraft.item.ItemSeedFood@4a660b34
[22:10:40] [Server thread/TRACE] [FML]:   Registry: 393 minecraft:baked_potato net.minecraft.item.ItemFood@362a561e
[22:10:40] [Server thread/TRACE] [FML]:   Registry: 394 minecraft:poisonous_potato net.minecraft.item.ItemFood@2df3545d
[22:10:40] [Server thread/TRACE] [FML]:   Registry: 395 minecraft:map net.minecraft.item.ItemEmptyMap@6b9697ae
[22:10:40] [Server thread/TRACE] [FML]:   Registry: 396 minecraft:golden_carrot net.minecraft.item.ItemFood@5cf0673d
[22:10:40] [Server thread/TRACE] [FML]:   Registry: 397 minecraft:skull net.minecraft.item.ItemSkull@5546e754
[22:10:40] [Server thread/TRACE] [FML]:   Registry: 398 minecraft:carrot_on_a_stick net.minecraft.item.ItemCarrotOnAStick@6a6da47a
[22:10:40] [Server thread/TRACE] [FML]:   Registry: 399 minecraft:nether_star net.minecraft.item.ItemSimpleFoiled@43e3a390
[22:10:40] [Server thread/TRACE] [FML]:   Registry: 400 minecraft:pumpkin_pie net.minecraft.item.ItemFood@44aa91e2
[22:10:40] [Server thread/TRACE] [FML]:   Registry: 401 minecraft:fireworks net.minecraft.item.ItemFirework@2b9e69fb
[22:10:40] [Server thread/TRACE] [FML]:   Registry: 402 minecraft:firework_charge net.minecraft.item.ItemFireworkCharge@49ced9c7
[22:10:40] [Server thread/TRACE] [FML]:   Registry: 403 minecraft:enchanted_book net.minecraft.item.ItemEnchantedBook@653a5967
[22:10:40] [Server thread/TRACE] [FML]:   Registry: 404 minecraft:comparator net.minecraft.item.ItemBlockSpecial@5a85b4e6
[22:10:40] [Server thread/TRACE] [FML]:   Registry: 405 minecraft:netherbrick net.minecraft.item.Item@766b6d02
[22:10:40] [Server thread/TRACE] [FML]:   Registry: 406 minecraft:quartz net.minecraft.item.Item@6b09ce57
[22:10:40] [Server thread/TRACE] [FML]:   Registry: 407 minecraft:tnt_minecart net.minecraft.item.ItemMinecart@5c4f4330
[22:10:40] [Server thread/TRACE] [FML]:   Registry: 408 minecraft:hopper_minecart net.minecraft.item.ItemMinecart@2b9aeedb
[22:10:40] [Server thread/TRACE] [FML]:   Registry: 409 minecraft:prismarine_shard net.minecraft.item.Item@63485d7
[22:10:40] [Server thread/TRACE] [FML]:   Registry: 410 minecraft:prismarine_crystals net.minecraft.item.Item@23ea8830
[22:10:40] [Server thread/TRACE] [FML]:   Registry: 411 minecraft:rabbit net.minecraft.item.ItemFood@59a09be
[22:10:40] [Server thread/TRACE] [FML]:   Registry: 412 minecraft:cooked_rabbit net.minecraft.item.ItemFood@790ac3e0
[22:10:40] [Server thread/TRACE] [FML]:   Registry: 413 minecraft:rabbit_stew net.minecraft.item.ItemSoup@5bb2fb2b
[22:10:40] [Server thread/TRACE] [FML]:   Registry: 414 minecraft:rabbit_foot net.minecraft.item.Item@2cee5365
[22:10:40] [Server thread/TRACE] [FML]:   Registry: 415 minecraft:rabbit_hide net.minecraft.item.Item@796c68bf
[22:10:40] [Server thread/TRACE] [FML]:   Registry: 416 minecraft:armor_stand net.minecraft.item.ItemArmorStand@2c2e3460
[22:10:40] [Server thread/TRACE] [FML]:   Registry: 417 minecraft:iron_horse_armor net.minecraft.item.Item@3b96f8b0
[22:10:40] [Server thread/TRACE] [FML]:   Registry: 418 minecraft:golden_horse_armor net.minecraft.item.Item@2b170932
[22:10:40] [Server thread/TRACE] [FML]:   Registry: 419 minecraft:diamond_horse_armor net.minecraft.item.Item@1fc0d9b4
[22:10:40] [Server thread/TRACE] [FML]:   Registry: 420 minecraft:lead net.minecraft.item.ItemLead@4416e18d
[22:10:40] [Server thread/TRACE] [FML]:   Registry: 421 minecraft:name_tag net.minecraft.item.ItemNameTag@781c2497
[22:10:40] [Server thread/TRACE] [FML]:   Registry: 422 minecraft:command_block_minecart net.minecraft.item.ItemMinecart@b75b890
[22:10:40] [Server thread/TRACE] [FML]:   Registry: 423 minecraft:mutton net.minecraft.item.ItemFood@70c491b8
[22:10:40] [Server thread/TRACE] [FML]:   Registry: 424 minecraft:cooked_mutton net.minecraft.item.ItemFood@439d545c
[22:10:40] [Server thread/TRACE] [FML]:   Registry: 425 minecraft:banner net.minecraft.item.ItemBanner@28367da7
[22:10:40] [Server thread/TRACE] [FML]:   Registry: 426 minecraft:end_crystal net.minecraft.item.ItemEndCrystal@1b3a9ef4
[22:10:40] [Server thread/TRACE] [FML]:   Registry: 427 minecraft:spruce_door net.minecraft.item.ItemDoor@7a1371
[22:10:40] [Server thread/TRACE] [FML]:   Registry: 428 minecraft:birch_door net.minecraft.item.ItemDoor@6c6928c
[22:10:40] [Server thread/TRACE] [FML]:   Registry: 429 minecraft:jungle_door net.minecraft.item.ItemDoor@3c28181b
[22:10:40] [Server thread/TRACE] [FML]:   Registry: 430 minecraft:acacia_door net.minecraft.item.ItemDoor@73aaec54
[22:10:40] [Server thread/TRACE] [FML]:   Registry: 431 minecraft:dark_oak_door net.minecraft.item.ItemDoor@239b98cb
[22:10:40] [Server thread/TRACE] [FML]:   Registry: 432 minecraft:chorus_fruit net.minecraft.item.ItemChorusFruit@49038f97
[22:10:40] [Server thread/TRACE] [FML]:   Registry: 433 minecraft:chorus_fruit_popped net.minecraft.item.Item@36211bbc
[22:10:40] [Server thread/TRACE] [FML]:   Registry: 434 minecraft:beetroot net.minecraft.item.ItemFood@7ef41ca2
[22:10:40] [Server thread/TRACE] [FML]:   Registry: 435 minecraft:beetroot_seeds net.minecraft.item.ItemSeeds@6b3f4bd8
[22:10:40] [Server thread/TRACE] [FML]:   Registry: 436 minecraft:beetroot_soup net.minecraft.item.ItemSoup@3e151e1f
[22:10:40] [Server thread/TRACE] [FML]:   Registry: 437 minecraft:dragon_breath net.minecraft.item.Item@d70e9a
[22:10:40] [Server thread/TRACE] [FML]:   Registry: 438 minecraft:splash_potion net.minecraft.item.ItemSplashPotion@77ea806f
[22:10:40] [Server thread/TRACE] [FML]:   Registry: 439 minecraft:spectral_arrow net.minecraft.item.ItemSpectralArrow@33751d49
[22:10:40] [Server thread/TRACE] [FML]:   Registry: 440 minecraft:tipped_arrow net.minecraft.item.ItemTippedArrow@26ca12a2
[22:10:40] [Server thread/TRACE] [FML]:   Registry: 441 minecraft:lingering_potion net.minecraft.item.ItemLingeringPotion@7606bd03
[22:10:40] [Server thread/TRACE] [FML]:   Registry: 442 minecraft:shield net.minecraft.item.ItemShield@ff0e6d4
[22:10:40] [Server thread/TRACE] [FML]:   Registry: 443 minecraft:elytra net.minecraft.item.ItemElytra@5b322873
[22:10:40] [Server thread/TRACE] [FML]:   Registry: 444 minecraft:spruce_boat net.minecraft.item.ItemBoat@35e2b89f
[22:10:40] [Server thread/TRACE] [FML]:   Registry: 445 minecraft:birch_boat net.minecraft.item.ItemBoat@7ad889be
[22:10:40] [Server thread/TRACE] [FML]:   Registry: 446 minecraft:jungle_boat net.minecraft.item.ItemBoat@4c063cb9
[22:10:40] [Server thread/TRACE] [FML]:   Registry: 447 minecraft:acacia_boat net.minecraft.item.ItemBoat@63de4fa
[22:10:40] [Server thread/TRACE] [FML]:   Registry: 448 minecraft:dark_oak_boat net.minecraft.item.ItemBoat@26bb92e2
[22:10:40] [Server thread/TRACE] [FML]:   Registry: 449 minecraft:totem_of_undying net.minecraft.item.Item@18907af2
[22:10:40] [Server thread/TRACE] [FML]:   Registry: 450 minecraft:shulker_shell net.minecraft.item.Item@658e7ead
[22:10:40] [Server thread/TRACE] [FML]:   Registry: 452 minecraft:iron_nugget net.minecraft.item.Item@cfd5cd2
[22:10:40] [Server thread/TRACE] [FML]:   Registry: 453 minecraft:knowledge_book net.minecraft.item.ItemKnowledgeBook@1de7f898
[22:10:40] [Server thread/TRACE] [FML]:   Registry: 2256 minecraft:record_13 net.minecraft.item.ItemRecord@496cedbb
[22:10:40] [Server thread/TRACE] [FML]:   Registry: 2257 minecraft:record_cat net.minecraft.item.ItemRecord@6b6def36
[22:10:40] [Server thread/TRACE] [FML]:   Registry: 2258 minecraft:record_blocks net.minecraft.item.ItemRecord@3957d88b
[22:10:40] [Server thread/TRACE] [FML]:   Registry: 2259 minecraft:record_chirp net.minecraft.item.ItemRecord@1152900
[22:10:40] [Server thread/TRACE] [FML]:   Registry: 2260 minecraft:record_far net.minecraft.item.ItemRecord@2fba0dac
[22:10:40] [Server thread/TRACE] [FML]:   Registry: 2261 minecraft:record_mall net.minecraft.item.ItemRecord@2b2a4332
[22:10:40] [Server thread/TRACE] [FML]:   Registry: 2262 minecraft:record_mellohi net.minecraft.item.ItemRecord@2cbe455c
[22:10:40] [Server thread/TRACE] [FML]:   Registry: 2263 minecraft:record_stal net.minecraft.item.ItemRecord@4cb24e2
[22:10:40] [Server thread/TRACE] [FML]:   Registry: 2264 minecraft:record_strad net.minecraft.item.ItemRecord@7be38eba
[22:10:40] [Server thread/TRACE] [FML]:   Registry: 2265 minecraft:record_ward net.minecraft.item.ItemRecord@2296127
[22:10:40] [Server thread/TRACE] [FML]:   Registry: 2266 minecraft:record_11 net.minecraft.item.ItemRecord@5ce3409b
[22:10:40] [Server thread/TRACE] [FML]:   Registry: 2267 minecraft:record_wait net.minecraft.item.ItemRecord@1d283d1
[22:10:40] [Server thread/TRACE] [FML]:   Registry: 4096 dungeonsmod:home_gem com.dainxt.dungeonsmod.items.ItemHomeGem@61c043ed
[22:10:40] [Server thread/TRACE] [FML]:   Registry: 4097 dungeonsmod:back_pergamine com.dainxt.dungeonsmod.items.ItemBackPergamine@2dd3ebe9
[22:10:40] [Server thread/TRACE] [FML]:   Registry: 4098 dungeonsmod:sun_overdrive com.dainxt.dungeonsmod.items.ItemSunOverdrive@64a7c19e
[22:10:40] [Server thread/TRACE] [FML]:   Registry: 4099 travelersbackpack:travelers_backpack com.tiviacz.travelersbackpack.items.ItemTravelersBackpack@233ee76d
[22:10:40] [Server thread/TRACE] [FML]:   Registry: 4100 travelersbackpack:backpack_tank com.tiviacz.travelersbackpack.items.ItemBase@656ef5b3
[22:10:40] [Server thread/TRACE] [FML]:   Registry: 4101 travelersbackpack:sleeping_bag_bottom com.tiviacz.travelersbackpack.items.ItemSleepingBag@2161bd21
[22:10:40] [Server thread/TRACE] [FML]:   Registry: 4102 travelersbackpack:hose_nozzle com.tiviacz.travelersbackpack.items.ItemBase@7ca15612
[22:10:40] [Server thread/TRACE] [FML]:   Registry: 4103 travelersbackpack:hose com.tiviacz.travelersbackpack.items.ItemHose@28f0d364
[22:10:40] [Server thread/TRACE] [FML]:   Registry: 4104 sexmod:allies_lamp com.trolmastercard.sexmod.ap@3aa178a4
[22:10:40] [Server thread/TRACE] [FML]:   Registry: 4105 sexmod:dragon_staff com.trolmastercard.sexmod.hy@16855264
[22:10:40] [Server thread/TRACE] [FML]:   Registry: 4106 sexmod:tribe_egg com.trolmastercard.sexmod.b9@60e28760
[22:10:40] [Server thread/TRACE] [FML]:   Registry: 4107 sexmod:galath_coin com.trolmastercard.sexmod.cc@4e2713eb
[22:10:40] [Server thread/TRACE] [FML]:   Registry: 4108 sexmod:npc_editor_wand com.trolmastercard.sexmod.hj@7ff236d3
[22:10:40] [Server thread/TRACE] [FML]:   Registry: 4109 sexmod:kobold_egg_item com.trolmastercard.sexmod.c7@43d85d3b
[22:10:40] [Server thread/TRACE] [FML]:   Registry: 4110 sexmod:luna_rod com.trolmastercard.sexmod.gp@37750ba7
[22:10:40] [Server thread/TRACE] [FML]: Registry Name : minecraft:potions
[22:10:40] [Server thread/TRACE] [FML]:   Registry: 0 sexmod:horny potion com.trolmastercard.sexmod.co@782938e6
[22:10:40] [Server thread/TRACE] [FML]:   Registry: 1 minecraft:speed net.minecraft.potion.Potion@642c6461
[22:10:40] [Server thread/TRACE] [FML]:   Registry: 2 minecraft:slowness net.minecraft.potion.Potion@3ace6346
[22:10:40] [Server thread/TRACE] [FML]:   Registry: 3 minecraft:haste net.minecraft.potion.Potion@4e48462d
[22:10:40] [Server thread/TRACE] [FML]:   Registry: 4 minecraft:mining_fatigue net.minecraft.potion.Potion@17216605
[22:10:40] [Server thread/TRACE] [FML]:   Registry: 5 minecraft:strength net.minecraft.potion.PotionAttackDamage@55c1ced9
[22:10:40] [Server thread/TRACE] [FML]:   Registry: 6 minecraft:instant_health net.minecraft.potion.PotionHealth@6c5ca0b6
[22:10:40] [Server thread/TRACE] [FML]:   Registry: 7 minecraft:instant_damage net.minecraft.potion.PotionHealth@37b01ce2
[22:10:40] [Server thread/TRACE] [FML]:   Registry: 8 minecraft:jump_boost net.minecraft.potion.Potion@1a88c4f5
[22:10:40] [Server thread/TRACE] [FML]:   Registry: 9 minecraft:nausea net.minecraft.potion.Potion@1894fa9f
[22:10:40] [Server thread/TRACE] [FML]:   Registry: 10 minecraft:regeneration net.minecraft.potion.Potion@1144a02b
[22:10:40] [Server thread/TRACE] [FML]:   Registry: 11 minecraft:resistance net.minecraft.potion.Potion@26a4f9ed
[22:10:40] [Server thread/TRACE] [FML]:   Registry: 12 minecraft:fire_resistance net.minecraft.potion.Potion@7a572ea0
[22:10:40] [Server thread/TRACE] [FML]:   Registry: 13 minecraft:water_breathing net.minecraft.potion.Potion@45287377
[22:10:40] [Server thread/TRACE] [FML]:   Registry: 14 minecraft:invisibility net.minecraft.potion.Potion@7159d601
[22:10:40] [Server thread/TRACE] [FML]:   Registry: 15 minecraft:blindness net.minecraft.potion.Potion@70b33256
[22:10:40] [Server thread/TRACE] [FML]:   Registry: 16 minecraft:night_vision net.minecraft.potion.Potion@33d230ce
[22:10:40] [Server thread/TRACE] [FML]:   Registry: 17 minecraft:hunger net.minecraft.potion.Potion@35e74e08
[22:10:40] [Server thread/TRACE] [FML]:   Registry: 18 minecraft:weakness net.minecraft.potion.PotionAttackDamage@a316f6b
[22:10:40] [Server thread/TRACE] [FML]:   Registry: 19 minecraft:poison net.minecraft.potion.Potion@63f9ddf9
[22:10:40] [Server thread/TRACE] [FML]:   Registry: 20 minecraft:wither net.minecraft.potion.Potion@410fc508
[22:10:40] [Server thread/TRACE] [FML]:   Registry: 21 minecraft:health_boost net.minecraft.potion.PotionHealthBoost@62e73ab6
[22:10:40] [Server thread/TRACE] [FML]:   Registry: 22 minecraft:absorption net.minecraft.potion.PotionAbsorption@7caf1e5
[22:10:40] [Server thread/TRACE] [FML]:   Registry: 23 minecraft:saturation net.minecraft.potion.PotionHealth@5c234920
[22:10:40] [Server thread/TRACE] [FML]:   Registry: 24 minecraft:glowing net.minecraft.potion.Potion@7ddeb27f
[22:10:40] [Server thread/TRACE] [FML]:   Registry: 25 minecraft:levitation net.minecraft.potion.Potion@38087342
[22:10:40] [Server thread/TRACE] [FML]:   Registry: 26 minecraft:luck net.minecraft.potion.Potion@681de87f
[22:10:40] [Server thread/TRACE] [FML]:   Registry: 27 minecraft:unluck net.minecraft.potion.Potion@2eb1c615
[22:10:40] [Server thread/TRACE] [FML]: Registry Name : minecraft:biomes
[22:10:40] [Server thread/TRACE] [FML]:   Registry: 0 minecraft:ocean net.minecraft.world.biome.BiomeOcean@70f85235
[22:10:40] [Server thread/TRACE] [FML]:   Registry: 1 minecraft:plains net.minecraft.world.biome.BiomePlains@a84338a
[22:10:40] [Server thread/TRACE] [FML]:   Registry: 2 minecraft:desert net.minecraft.world.biome.BiomeDesert@722b2728
[22:10:40] [Server thread/TRACE] [FML]:   Registry: 3 minecraft:extreme_hills net.minecraft.world.biome.BiomeHills@31d4b3e8
[22:10:40] [Server thread/TRACE] [FML]:   Registry: 4 minecraft:forest net.minecraft.world.biome.BiomeForest@75cacb3e
[22:10:40] [Server thread/TRACE] [FML]:   Registry: 5 minecraft:taiga net.minecraft.world.biome.BiomeTaiga@213835b6
[22:10:40] [Server thread/TRACE] [FML]:   Registry: 6 minecraft:swampland net.minecraft.world.biome.BiomeSwamp@37e55819
[22:10:40] [Server thread/TRACE] [FML]:   Registry: 7 minecraft:river net.minecraft.world.biome.BiomeRiver@6248cfab
[22:10:40] [Server thread/TRACE] [FML]:   Registry: 8 minecraft:hell net.minecraft.world.biome.BiomeHell@296676c4
[22:10:40] [Server thread/TRACE] [FML]:   Registry: 9 minecraft:sky net.minecraft.world.biome.BiomeEnd@6fced25c
[22:10:40] [Server thread/TRACE] [FML]:   Registry: 10 minecraft:frozen_ocean net.minecraft.world.biome.BiomeOcean@3cf4dec7
[22:10:40] [Server thread/TRACE] [FML]:   Registry: 11 minecraft:frozen_river net.minecraft.world.biome.BiomeRiver@1b94c789
[22:10:40] [Server thread/TRACE] [FML]:   Registry: 12 minecraft:ice_flats net.minecraft.world.biome.BiomeSnow@17d76ebb
[22:10:40] [Server thread/TRACE] [FML]:   Registry: 13 minecraft:ice_mountains net.minecraft.world.biome.BiomeSnow@40b31a16
[22:10:40] [Server thread/TRACE] [FML]:   Registry: 14 minecraft:mushroom_island net.minecraft.world.biome.BiomeMushroomIsland@1de73d37
[22:10:40] [Server thread/TRACE] [FML]:   Registry: 15 minecraft:mushroom_island_shore net.minecraft.world.biome.BiomeMushroomIsland@31693a86
[22:10:40] [Server thread/TRACE] [FML]:   Registry: 16 minecraft:beaches net.minecraft.world.biome.BiomeBeach@1f9a7684
[22:10:40] [Server thread/TRACE] [FML]:   Registry: 17 minecraft:desert_hills net.minecraft.world.biome.BiomeDesert@3b30eec5
[22:10:40] [Server thread/TRACE] [FML]:   Registry: 18 minecraft:forest_hills net.minecraft.world.biome.BiomeForest@43755e2f
[22:10:40] [Server thread/TRACE] [FML]:   Registry: 19 minecraft:taiga_hills net.minecraft.world.biome.BiomeTaiga@3d71e10b
[22:10:40] [Server thread/TRACE] [FML]:   Registry: 20 minecraft:smaller_extreme_hills net.minecraft.world.biome.BiomeHills@71139e77
[22:10:40] [Server thread/TRACE] [FML]:   Registry: 21 minecraft:jungle net.minecraft.world.biome.BiomeJungle@16cf7fd0
[22:10:40] [Server thread/TRACE] [FML]:   Registry: 22 minecraft:jungle_hills net.minecraft.world.biome.BiomeJungle@7bc2bb58
[22:10:40] [Server thread/TRACE] [FML]:   Registry: 23 minecraft:jungle_edge net.minecraft.world.biome.BiomeJungle@7e2c6fd6
[22:10:40] [Server thread/TRACE] [FML]:   Registry: 24 minecraft:deep_ocean net.minecraft.world.biome.BiomeOcean@7ff6804a
[22:10:40] [Server thread/TRACE] [FML]:   Registry: 25 minecraft:stone_beach net.minecraft.world.biome.BiomeStoneBeach@7c5c20ed
[22:10:40] [Server thread/TRACE] [FML]:   Registry: 26 minecraft:cold_beach net.minecraft.world.biome.BiomeBeach@6113a26f
[22:10:40] [Server thread/TRACE] [FML]:   Registry: 27 minecraft:birch_forest net.minecraft.world.biome.BiomeForest@2aac8ad7
[22:10:40] [Server thread/TRACE] [FML]:   Registry: 28 minecraft:birch_forest_hills net.minecraft.world.biome.BiomeForest@6a4a2090
[22:10:40] [Server thread/TRACE] [FML]:   Registry: 29 minecraft:roofed_forest net.minecraft.world.biome.BiomeForest@778c2e7c
[22:10:40] [Server thread/TRACE] [FML]:   Registry: 30 minecraft:taiga_cold net.minecraft.world.biome.BiomeTaiga@b70fa38
[22:10:40] [Server thread/TRACE] [FML]:   Registry: 31 minecraft:taiga_cold_hills net.minecraft.world.biome.BiomeTaiga@45c423b3
[22:10:40] [Server thread/TRACE] [FML]:   Registry: 32 minecraft:redwood_taiga net.minecraft.world.biome.BiomeTaiga@7e31d53b
[22:10:40] [Server thread/TRACE] [FML]:   Registry: 33 minecraft:redwood_taiga_hills net.minecraft.world.biome.BiomeTaiga@68d8eb4f
[22:10:40] [Server thread/TRACE] [FML]:   Registry: 34 minecraft:extreme_hills_with_trees net.minecraft.world.biome.BiomeHills@64757d56
[22:10:40] [Server thread/TRACE] [FML]:   Registry: 35 minecraft:savanna net.minecraft.world.biome.BiomeSavanna@702096ef
[22:10:40] [Server thread/TRACE] [FML]:   Registry: 36 minecraft:savanna_rock net.minecraft.world.biome.BiomeSavanna@5f0d8937
[22:10:40] [Server thread/TRACE] [FML]:   Registry: 37 minecraft:mesa net.minecraft.world.biome.BiomeMesa@24a8e40d
[22:10:40] [Server thread/TRACE] [FML]:   Registry: 38 minecraft:mesa_rock net.minecraft.world.biome.BiomeMesa@175f859e
[22:10:40] [Server thread/TRACE] [FML]:   Registry: 39 minecraft:mesa_clear_rock net.minecraft.world.biome.BiomeMesa@69fe7090
[22:10:40] [Server thread/TRACE] [FML]:   Registry: 127 minecraft:void net.minecraft.world.biome.BiomeVoid@6df2af02
[22:10:40] [Server thread/TRACE] [FML]:   Registry: 129 minecraft:mutated_plains net.minecraft.world.biome.BiomePlains@779228dc
[22:10:40] [Server thread/TRACE] [FML]:   Registry: 130 minecraft:mutated_desert net.minecraft.world.biome.BiomeDesert@1f7336b2
[22:10:40] [Server thread/TRACE] [FML]:   Registry: 131 minecraft:mutated_extreme_hills net.minecraft.world.biome.BiomeHills@4c030fe1
[22:10:40] [Server thread/TRACE] [FML]:   Registry: 132 minecraft:mutated_forest net.minecraft.world.biome.BiomeForest@347123dc
[22:10:40] [Server thread/TRACE] [FML]:   Registry: 133 minecraft:mutated_taiga net.minecraft.world.biome.BiomeTaiga@52433946
[22:10:40] [Server thread/TRACE] [FML]:   Registry: 134 minecraft:mutated_swampland net.minecraft.world.biome.BiomeSwamp@5403431a
[22:10:40] [Server thread/TRACE] [FML]:   Registry: 140 minecraft:mutated_ice_flats net.minecraft.world.biome.BiomeSnow@ab327c
[22:10:40] [Server thread/TRACE] [FML]:   Registry: 149 minecraft:mutated_jungle net.minecraft.world.biome.BiomeJungle@3d798e76
[22:10:40] [Server thread/TRACE] [FML]:   Registry: 151 minecraft:mutated_jungle_edge net.minecraft.world.biome.BiomeJungle@763b0996
[22:10:40] [Server thread/TRACE] [FML]:   Registry: 155 minecraft:mutated_birch_forest net.minecraft.world.biome.BiomeForestMutated@618f627b
[22:10:40] [Server thread/TRACE] [FML]:   Registry: 156 minecraft:mutated_birch_forest_hills net.minecraft.world.biome.BiomeForestMutated@10745a02
[22:10:40] [Server thread/TRACE] [FML]:   Registry: 157 minecraft:mutated_roofed_forest net.minecraft.world.biome.BiomeForest@3e2d8623
[22:10:40] [Server thread/TRACE] [FML]:   Registry: 158 minecraft:mutated_taiga_cold net.minecraft.world.biome.BiomeTaiga@72715e61
[22:10:40] [Server thread/TRACE] [FML]:   Registry: 160 minecraft:mutated_redwood_taiga net.minecraft.world.biome.BiomeTaiga@68f776ee
[22:10:40] [Server thread/TRACE] [FML]:   Registry: 161 minecraft:mutated_redwood_taiga_hills net.minecraft.world.biome.BiomeTaiga@5a6195b8
[22:10:40] [Server thread/TRACE] [FML]:   Registry: 162 minecraft:mutated_extreme_hills_with_trees net.minecraft.world.biome.BiomeHills@8af1c49
[22:10:40] [Server thread/TRACE] [FML]:   Registry: 163 minecraft:mutated_savanna net.minecraft.world.biome.BiomeSavannaMutated@23469199
[22:10:40] [Server thread/TRACE] [FML]:   Registry: 164 minecraft:mutated_savanna_rock net.minecraft.world.biome.BiomeSavannaMutated@75dc1c1c
[22:10:40] [Server thread/TRACE] [FML]:   Registry: 165 minecraft:mutated_mesa net.minecraft.world.biome.BiomeMesa@5611bba
[22:10:40] [Server thread/TRACE] [FML]:   Registry: 166 minecraft:mutated_mesa_rock net.minecraft.world.biome.BiomeMesa@5ba184fc
[22:10:40] [Server thread/TRACE] [FML]:   Registry: 167 minecraft:mutated_mesa_clear_rock net.minecraft.world.biome.BiomeMesa@4cfc0c48
[22:10:40] [Server thread/TRACE] [FML]: Registry Name : minecraft:soundevents
[22:10:40] [Server thread/TRACE] [FML]:   Registry: 0 minecraft:ambient.cave net.minecraft.util.SoundEvent@31da3d60
[22:10:40] [Server thread/TRACE] [FML]:   Registry: 1 minecraft:block.anvil.break net.minecraft.util.SoundEvent@5f18f9d2
[22:10:40] [Server thread/TRACE] [FML]:   Registry: 2 minecraft:block.anvil.destroy net.minecraft.util.SoundEvent@598260a6
[22:10:40] [Server thread/TRACE] [FML]:   Registry: 3 minecraft:block.anvil.fall net.minecraft.util.SoundEvent@58b67519
[22:10:40] [Server thread/TRACE] [FML]:   Registry: 4 minecraft:block.anvil.hit net.minecraft.util.SoundEvent@281ce6bb
[22:10:40] [Server thread/TRACE] [FML]:   Registry: 5 minecraft:block.anvil.land net.minecraft.util.SoundEvent@30d25c03
[22:10:40] [Server thread/TRACE] [FML]:   Registry: 6 minecraft:block.anvil.place net.minecraft.util.SoundEvent@7a1f8def
[22:10:40] [Server thread/TRACE] [FML]:   Registry: 7 minecraft:block.anvil.step net.minecraft.util.SoundEvent@116a2108
[22:10:40] [Server thread/TRACE] [FML]:   Registry: 8 minecraft:block.anvil.use net.minecraft.util.SoundEvent@5e8c34a0
[22:10:40] [Server thread/TRACE] [FML]:   Registry: 9 minecraft:block.brewing_stand.brew net.minecraft.util.SoundEvent@7c1c5936
[22:10:40] [Server thread/TRACE] [FML]:   Registry: 10 minecraft:block.chest.close net.minecraft.util.SoundEvent@7aead3af
[22:10:40] [Server thread/TRACE] [FML]:   Registry: 11 minecraft:block.chest.locked net.minecraft.util.SoundEvent@3ac8cf9b
[22:10:40] [Server thread/TRACE] [FML]:   Registry: 12 minecraft:block.chest.open net.minecraft.util.SoundEvent@55ec556
[22:10:40] [Server thread/TRACE] [FML]:   Registry: 13 minecraft:block.chorus_flower.death net.minecraft.util.SoundEvent@1b15f922
[22:10:40] [Server thread/TRACE] [FML]:   Registry: 14 minecraft:block.chorus_flower.grow net.minecraft.util.SoundEvent@37ce3644
[22:10:40] [Server thread/TRACE] [FML]:   Registry: 15 minecraft:block.cloth.break net.minecraft.util.SoundEvent@4b869331
[22:10:40] [Server thread/TRACE] [FML]:   Registry: 16 minecraft:block.cloth.fall net.minecraft.util.SoundEvent@38018b62
[22:10:40] [Server thread/TRACE] [FML]:   Registry: 17 minecraft:block.cloth.hit net.minecraft.util.SoundEvent@ce9b9a9
[22:10:40] [Server thread/TRACE] [FML]:   Registry: 18 minecraft:block.cloth.place net.minecraft.util.SoundEvent@4ad3d266
[22:10:40] [Server thread/TRACE] [FML]:   Registry: 19 minecraft:block.cloth.step net.minecraft.util.SoundEvent@3533df16
[22:10:40] [Server thread/TRACE] [FML]:   Registry: 20 minecraft:block.comparator.click net.minecraft.util.SoundEvent@15d0849
[22:10:40] [Server thread/TRACE] [FML]:   Registry: 21 minecraft:block.dispenser.dispense net.minecraft.util.SoundEvent@4038cd3a
[22:10:40] [Server thread/TRACE] [FML]:   Registry: 22 minecraft:block.dispenser.fail net.minecraft.util.SoundEvent@14ac77b9
[22:10:40] [Server thread/TRACE] [FML]:   Registry: 23 minecraft:block.dispenser.launch net.minecraft.util.SoundEvent@3f4cd155
[22:10:40] [Server thread/TRACE] [FML]:   Registry: 24 minecraft:block.enchantment_table.use net.minecraft.util.SoundEvent@563a89b5
[22:10:40] [Server thread/TRACE] [FML]:   Registry: 25 minecraft:block.end_gateway.spawn net.minecraft.util.SoundEvent@506dcf55
[22:10:40] [Server thread/TRACE] [FML]:   Registry: 26 minecraft:block.end_portal.spawn net.minecraft.util.SoundEvent@270b6b5e
[22:10:40] [Server thread/TRACE] [FML]:   Registry: 27 minecraft:block.end_portal_frame.fill net.minecraft.util.SoundEvent@7e94d093
[22:10:40] [Server thread/TRACE] [FML]:   Registry: 28 minecraft:block.enderchest.close net.minecraft.util.SoundEvent@7c6189d5
[22:10:40] [Server thread/TRACE] [FML]:   Registry: 29 minecraft:block.enderchest.open net.minecraft.util.SoundEvent@4248e66b
[22:10:40] [Server thread/TRACE] [FML]:   Registry: 30 minecraft:block.fence_gate.close net.minecraft.util.SoundEvent@3e6534e7
[22:10:40] [Server thread/TRACE] [FML]:   Registry: 31 minecraft:block.fence_gate.open net.minecraft.util.SoundEvent@66ad7bf0
[22:10:40] [Server thread/TRACE] [FML]:   Registry: 32 minecraft:block.fire.ambient net.minecraft.util.SoundEvent@167279d1
[22:10:40] [Server thread/TRACE] [FML]:   Registry: 33 minecraft:block.fire.extinguish net.minecraft.util.SoundEvent@138caeca
[22:10:40] [Server thread/TRACE] [FML]:   Registry: 34 minecraft:block.furnace.fire_crackle net.minecraft.util.SoundEvent@4d96250
[22:10:40] [Server thread/TRACE] [FML]:   Registry: 35 minecraft:block.glass.break net.minecraft.util.SoundEvent@9a6fbc0
[22:10:40] [Server thread/TRACE] [FML]:   Registry: 36 minecraft:block.glass.fall net.minecraft.util.SoundEvent@c1fa7d4
[22:10:40] [Server thread/TRACE] [FML]:   Registry: 37 minecraft:block.glass.hit net.minecraft.util.SoundEvent@7a93b263
[22:10:40] [Server thread/TRACE] [FML]:   Registry: 38 minecraft:block.glass.place net.minecraft.util.SoundEvent@35178483
[22:10:40] [Server thread/TRACE] [FML]:   Registry: 39 minecraft:block.glass.step net.minecraft.util.SoundEvent@bd1111a
[22:10:40] [Server thread/TRACE] [FML]:   Registry: 40 minecraft:block.grass.break net.minecraft.util.SoundEvent@7a8136b3
[22:10:40] [Server thread/TRACE] [FML]:   Registry: 41 minecraft:block.grass.fall net.minecraft.util.SoundEvent@1de6932a
[22:10:40] [Server thread/TRACE] [FML]:   Registry: 42 minecraft:block.grass.hit net.minecraft.util.SoundEvent@14dc3f89
[22:10:40] [Server thread/TRACE] [FML]:   Registry: 43 minecraft:block.grass.place net.minecraft.util.SoundEvent@1706a5c9
[22:10:40] [Server thread/TRACE] [FML]:   Registry: 44 minecraft:block.grass.step net.minecraft.util.SoundEvent@64412d34
[22:10:40] [Server thread/TRACE] [FML]:   Registry: 45 minecraft:block.gravel.break net.minecraft.util.SoundEvent@4d178d55
[22:10:40] [Server thread/TRACE] [FML]:   Registry: 46 minecraft:block.gravel.fall net.minecraft.util.SoundEvent@38c2c309
[22:10:40] [Server thread/TRACE] [FML]:   Registry: 47 minecraft:block.gravel.hit net.minecraft.util.SoundEvent@1a480135
[22:10:40] [Server thread/TRACE] [FML]:   Registry: 48 minecraft:block.gravel.place net.minecraft.util.SoundEvent@778db7c5
[22:10:40] [Server thread/TRACE] [FML]:   Registry: 49 minecraft:block.gravel.step net.minecraft.util.SoundEvent@681e144
[22:10:40] [Server thread/TRACE] [FML]:   Registry: 50 minecraft:block.iron_door.close net.minecraft.util.SoundEvent@2875b016
[22:10:40] [Server thread/TRACE] [FML]:   Registry: 51 minecraft:block.iron_door.open net.minecraft.util.SoundEvent@72ee5d84
[22:10:40] [Server thread/TRACE] [FML]:   Registry: 52 minecraft:block.iron_trapdoor.close net.minecraft.util.SoundEvent@68c7ef83
[22:10:40] [Server thread/TRACE] [FML]:   Registry: 53 minecraft:block.iron_trapdoor.open net.minecraft.util.SoundEvent@6145b81e
[22:10:40] [Server thread/TRACE] [FML]:   Registry: 54 minecraft:block.ladder.break net.minecraft.util.SoundEvent@64355120
[22:10:40] [Server thread/TRACE] [FML]:   Registry: 55 minecraft:block.ladder.fall net.minecraft.util.SoundEvent@64b7225f
[22:10:40] [Server thread/TRACE] [FML]:   Registry: 56 minecraft:block.ladder.hit net.minecraft.util.SoundEvent@33db72bd
[22:10:40] [Server thread/TRACE] [FML]:   Registry: 57 minecraft:block.ladder.place net.minecraft.util.SoundEvent@7f92b990
[22:10:40] [Server thread/TRACE] [FML]:   Registry: 58 minecraft:block.ladder.step net.minecraft.util.SoundEvent@31e04b13
[22:10:40] [Server thread/TRACE] [FML]:   Registry: 59 minecraft:block.lava.ambient net.minecraft.util.SoundEvent@6c1832aa
[22:10:40] [Server thread/TRACE] [FML]:   Registry: 60 minecraft:block.lava.extinguish net.minecraft.util.SoundEvent@4beeb0e
[22:10:40] [Server thread/TRACE] [FML]:   Registry: 61 minecraft:block.lava.pop net.minecraft.util.SoundEvent@6e8a9c30
[22:10:40] [Server thread/TRACE] [FML]:   Registry: 62 minecraft:block.lever.click net.minecraft.util.SoundEvent@5d01ea21
[22:10:40] [Server thread/TRACE] [FML]:   Registry: 63 minecraft:block.metal.break net.minecraft.util.SoundEvent@70211e49
[22:10:40] [Server thread/TRACE] [FML]:   Registry: 64 minecraft:block.metal.fall net.minecraft.util.SoundEvent@3b46dd8
[22:10:40] [Server thread/TRACE] [FML]:   Registry: 65 minecraft:block.metal.hit net.minecraft.util.SoundEvent@39651a82
[22:10:40] [Server thread/TRACE] [FML]:   Registry: 66 minecraft:block.metal.place net.minecraft.util.SoundEvent@6be7bf6d
[22:10:40] [Server thread/TRACE] [FML]:   Registry: 67 minecraft:block.metal.step net.minecraft.util.SoundEvent@134c370e
[22:10:40] [Server thread/TRACE] [FML]:   Registry: 68 minecraft:block.metal_pressureplate.click_off net.minecraft.util.SoundEvent@33364212
[22:10:40] [Server thread/TRACE] [FML]:   Registry: 69 minecraft:block.metal_pressureplate.click_on net.minecraft.util.SoundEvent@2216effc
[22:10:40] [Server thread/TRACE] [FML]:   Registry: 70 minecraft:block.note.basedrum net.minecraft.util.SoundEvent@745c2004
[22:10:40] [Server thread/TRACE] [FML]:   Registry: 71 minecraft:block.note.bass net.minecraft.util.SoundEvent@6da9dc6
[22:10:40] [Server thread/TRACE] [FML]:   Registry: 72 minecraft:block.note.bell net.minecraft.util.SoundEvent@7fd69dd
[22:10:40] [Server thread/TRACE] [FML]:   Registry: 73 minecraft:block.note.chime net.minecraft.util.SoundEvent@12010fd1
[22:10:40] [Server thread/TRACE] [FML]:   Registry: 74 minecraft:block.note.flute net.minecraft.util.SoundEvent@7c84195
[22:10:40] [Server thread/TRACE] [FML]:   Registry: 75 minecraft:block.note.guitar net.minecraft.util.SoundEvent@552ed807
[22:10:40] [Server thread/TRACE] [FML]:   Registry: 76 minecraft:block.note.harp net.minecraft.util.SoundEvent@3971f0fe
[22:10:40] [Server thread/TRACE] [FML]:   Registry: 77 minecraft:block.note.hat net.minecraft.util.SoundEvent@23940f86
[22:10:40] [Server thread/TRACE] [FML]:   Registry: 78 minecraft:block.note.pling net.minecraft.util.SoundEvent@66153688
[22:10:40] [Server thread/TRACE] [FML]:   Registry: 79 minecraft:block.note.snare net.minecraft.util.SoundEvent@455824ad
[22:10:40] [Server thread/TRACE] [FML]:   Registry: 80 minecraft:block.note.xylophone net.minecraft.util.SoundEvent@7318daf8
[22:10:40] [Server thread/TRACE] [FML]:   Registry: 81 minecraft:block.piston.contract net.minecraft.util.SoundEvent@70f31322
[22:10:40] [Server thread/TRACE] [FML]:   Registry: 82 minecraft:block.piston.extend net.minecraft.util.SoundEvent@3f1ddac2
[22:10:40] [Server thread/TRACE] [FML]:   Registry: 83 minecraft:block.portal.ambient net.minecraft.util.SoundEvent@3be4fcc0
[22:10:40] [Server thread/TRACE] [FML]:   Registry: 84 minecraft:block.portal.travel net.minecraft.util.SoundEvent@e1e2e5e
[22:10:40] [Server thread/TRACE] [FML]:   Registry: 85 minecraft:block.portal.trigger net.minecraft.util.SoundEvent@661c46bc
[22:10:40] [Server thread/TRACE] [FML]:   Registry: 86 minecraft:block.redstone_torch.burnout net.minecraft.util.SoundEvent@37864b77
[22:10:40] [Server thread/TRACE] [FML]:   Registry: 87 minecraft:block.sand.break net.minecraft.util.SoundEvent@2b98b3bb
[22:10:40] [Server thread/TRACE] [FML]:   Registry: 88 minecraft:block.sand.fall net.minecraft.util.SoundEvent@540b0448
[22:10:40] [Server thread/TRACE] [FML]:   Registry: 89 minecraft:block.sand.hit net.minecraft.util.SoundEvent@50a691d3
[22:10:40] [Server thread/TRACE] [FML]:   Registry: 90 minecraft:block.sand.place net.minecraft.util.SoundEvent@557eb543
[22:10:40] [Server thread/TRACE] [FML]:   Registry: 91 minecraft:block.sand.step net.minecraft.util.SoundEvent@3b95d13c
[22:10:40] [Server thread/TRACE] [FML]:   Registry: 92 minecraft:block.shulker_box.close net.minecraft.util.SoundEvent@3730ab42
[22:10:40] [Server thread/TRACE] [FML]:   Registry: 93 minecraft:block.shulker_box.open net.minecraft.util.SoundEvent@537c8c7e
[22:10:40] [Server thread/TRACE] [FML]:   Registry: 94 minecraft:block.slime.break net.minecraft.util.SoundEvent@7308ffff
[22:10:40] [Server thread/TRACE] [FML]:   Registry: 95 minecraft:block.slime.fall net.minecraft.util.SoundEvent@6601cc93
[22:10:40] [Server thread/TRACE] [FML]:   Registry: 96 minecraft:block.slime.hit net.minecraft.util.SoundEvent@54d901aa
[22:10:40] [Server thread/TRACE] [FML]:   Registry: 97 minecraft:block.slime.place net.minecraft.util.SoundEvent@63716833
[22:10:40] [Server thread/TRACE] [FML]:   Registry: 98 minecraft:block.slime.step net.minecraft.util.SoundEvent@573284a5
[22:10:40] [Server thread/TRACE] [FML]:   Registry: 99 minecraft:block.snow.break net.minecraft.util.SoundEvent@3fbfbf84
[22:10:40] [Server thread/TRACE] [FML]:   Registry: 100 minecraft:block.snow.fall net.minecraft.util.SoundEvent@23f72d88
[22:10:40] [Server thread/TRACE] [FML]:   Registry: 101 minecraft:block.snow.hit net.minecraft.util.SoundEvent@4bafe935
[22:10:40] [Server thread/TRACE] [FML]:   Registry: 102 minecraft:block.snow.place net.minecraft.util.SoundEvent@87b5b49
[22:10:40] [Server thread/TRACE] [FML]:   Registry: 103 minecraft:block.snow.step net.minecraft.util.SoundEvent@4a7a965d
[22:10:40] [Server thread/TRACE] [FML]:   Registry: 104 minecraft:block.stone.break net.minecraft.util.SoundEvent@507b79f7
[22:10:40] [Server thread/TRACE] [FML]:   Registry: 105 minecraft:block.stone.fall net.minecraft.util.SoundEvent@64a9d48c
[22:10:40] [Server thread/TRACE] [FML]:   Registry: 106 minecraft:block.stone.hit net.minecraft.util.SoundEvent@365a6a43
[22:10:40] [Server thread/TRACE] [FML]:   Registry: 107 minecraft:block.stone.place net.minecraft.util.SoundEvent@288cdaab
[22:10:40] [Server thread/TRACE] [FML]:   Registry: 108 minecraft:block.stone.step net.minecraft.util.SoundEvent@23b3aa8c
[22:10:40] [Server thread/TRACE] [FML]:   Registry: 109 minecraft:block.stone_button.click_off net.minecraft.util.SoundEvent@99407c2
[22:10:40] [Server thread/TRACE] [FML]:   Registry: 110 minecraft:block.stone_button.click_on net.minecraft.util.SoundEvent@6c796cc1
[22:10:40] [Server thread/TRACE] [FML]:   Registry: 111 minecraft:block.stone_pressureplate.click_off net.minecraft.util.SoundEvent@226eba67
[22:10:40] [Server thread/TRACE] [FML]:   Registry: 112 minecraft:block.stone_pressureplate.click_on net.minecraft.util.SoundEvent@1cb7936c
[22:10:40] [Server thread/TRACE] [FML]:   Registry: 113 minecraft:block.tripwire.attach net.minecraft.util.SoundEvent@35342d2f
[22:10:40] [Server thread/TRACE] [FML]:   Registry: 114 minecraft:block.tripwire.click_off net.minecraft.util.SoundEvent@128c502c
[22:10:40] [Server thread/TRACE] [FML]:   Registry: 115 minecraft:block.tripwire.click_on net.minecraft.util.SoundEvent@45667d98
[22:10:40] [Server thread/TRACE] [FML]:   Registry: 116 minecraft:block.tripwire.detach net.minecraft.util.SoundEvent@65eabaab
[22:10:40] [Server thread/TRACE] [FML]:   Registry: 117 minecraft:block.water.ambient net.minecraft.util.SoundEvent@7123be6c
[22:10:40] [Server thread/TRACE] [FML]:   Registry: 118 minecraft:block.waterlily.place net.minecraft.util.SoundEvent@1de9d54
[22:10:40] [Server thread/TRACE] [FML]:   Registry: 119 minecraft:block.wood.break net.minecraft.util.SoundEvent@77a2aa4a
[22:10:40] [Server thread/TRACE] [FML]:   Registry: 120 minecraft:block.wood.fall net.minecraft.util.SoundEvent@47ad69f7
[22:10:40] [Server thread/TRACE] [FML]:   Registry: 121 minecraft:block.wood.hit net.minecraft.util.SoundEvent@2b917fb0
[22:10:40] [Server thread/TRACE] [FML]:   Registry: 122 minecraft:block.wood.place net.minecraft.util.SoundEvent@5e5073ab
[22:10:40] [Server thread/TRACE] [FML]:   Registry: 123 minecraft:block.wood.step net.minecraft.util.SoundEvent@3c4262d1
[22:10:40] [Server thread/TRACE] [FML]:   Registry: 124 minecraft:block.wood_button.click_off net.minecraft.util.SoundEvent@100c567f
[22:10:40] [Server thread/TRACE] [FML]:   Registry: 125 minecraft:block.wood_button.click_on net.minecraft.util.SoundEvent@30c0d731
[22:10:40] [Server thread/TRACE] [FML]:   Registry: 126 minecraft:block.wood_pressureplate.click_off net.minecraft.util.SoundEvent@6d5037a9
[22:10:40] [Server thread/TRACE] [FML]:   Registry: 127 minecraft:block.wood_pressureplate.click_on net.minecraft.util.SoundEvent@422b8438
[22:10:40] [Server thread/TRACE] [FML]:   Registry: 128 minecraft:block.wooden_door.close net.minecraft.util.SoundEvent@30669dac
[22:10:40] [Server thread/TRACE] [FML]:   Registry: 129 minecraft:block.wooden_door.open net.minecraft.util.SoundEvent@629adce
[22:10:40] [Server thread/TRACE] [FML]:   Registry: 130 minecraft:block.wooden_trapdoor.close net.minecraft.util.SoundEvent@6a282fdd
[22:10:40] [Server thread/TRACE] [FML]:   Registry: 131 minecraft:block.wooden_trapdoor.open net.minecraft.util.SoundEvent@743c6ce4
[22:10:40] [Server thread/TRACE] [FML]:   Registry: 132 minecraft:enchant.thorns.hit net.minecraft.util.SoundEvent@70331432
[22:10:40] [Server thread/TRACE] [FML]:   Registry: 133 minecraft:entity.armorstand.break net.minecraft.util.SoundEvent@3bbf9027
[22:10:40] [Server thread/TRACE] [FML]:   Registry: 134 minecraft:entity.armorstand.fall net.minecraft.util.SoundEvent@10c2064a
[22:10:40] [Server thread/TRACE] [FML]:   Registry: 135 minecraft:entity.armorstand.hit net.minecraft.util.SoundEvent@70e13fa
[22:10:40] [Server thread/TRACE] [FML]:   Registry: 136 minecraft:entity.armorstand.place net.minecraft.util.SoundEvent@6ff415ad
[22:10:40] [Server thread/TRACE] [FML]:   Registry: 137 minecraft:entity.arrow.hit net.minecraft.util.SoundEvent@280d9edc
[22:10:40] [Server thread/TRACE] [FML]:   Registry: 138 minecraft:entity.arrow.hit_player net.minecraft.util.SoundEvent@28fd3dc1
[22:10:40] [Server thread/TRACE] [FML]:   Registry: 139 minecraft:entity.arrow.shoot net.minecraft.util.SoundEvent@5f9b6ae7
[22:10:40] [Server thread/TRACE] [FML]:   Registry: 140 minecraft:entity.bat.ambient net.minecraft.util.SoundEvent@108d55c4
[22:10:40] [Server thread/TRACE] [FML]:   Registry: 141 minecraft:entity.bat.death net.minecraft.util.SoundEvent@5432c277
[22:10:40] [Server thread/TRACE] [FML]:   Registry: 142 minecraft:entity.bat.hurt net.minecraft.util.SoundEvent@15e0fe05
[22:10:40] [Server thread/TRACE] [FML]:   Registry: 143 minecraft:entity.bat.loop net.minecraft.util.SoundEvent@1128620c
[22:10:40] [Server thread/TRACE] [FML]:   Registry: 144 minecraft:entity.bat.takeoff net.minecraft.util.SoundEvent@6bf13698
[22:10:40] [Server thread/TRACE] [FML]:   Registry: 145 minecraft:entity.blaze.ambient net.minecraft.util.SoundEvent@299270eb
[22:10:40] [Server thread/TRACE] [FML]:   Registry: 146 minecraft:entity.blaze.burn net.minecraft.util.SoundEvent@3b90a30a
[22:10:40] [Server thread/TRACE] [FML]:   Registry: 147 minecraft:entity.blaze.death net.minecraft.util.SoundEvent@69fa8e76
[22:10:40] [Server thread/TRACE] [FML]:   Registry: 148 minecraft:entity.blaze.hurt net.minecraft.util.SoundEvent@bdd2027
[22:10:40] [Server thread/TRACE] [FML]:   Registry: 149 minecraft:entity.blaze.shoot net.minecraft.util.SoundEvent@31f20c9f
[22:10:40] [Server thread/TRACE] [FML]:   Registry: 150 minecraft:entity.boat.paddle_land net.minecraft.util.SoundEvent@f446158
[22:10:40] [Server thread/TRACE] [FML]:   Registry: 151 minecraft:entity.boat.paddle_water net.minecraft.util.SoundEvent@32f0c7f8
[22:10:40] [Server thread/TRACE] [FML]:   Registry: 152 minecraft:entity.bobber.retrieve net.minecraft.util.SoundEvent@504e1599
[22:10:40] [Server thread/TRACE] [FML]:   Registry: 153 minecraft:entity.bobber.splash net.minecraft.util.SoundEvent@71f96dfb
[22:10:40] [Server thread/TRACE] [FML]:   Registry: 154 minecraft:entity.bobber.throw net.minecraft.util.SoundEvent@5d1b9c3d
[22:10:40] [Server thread/TRACE] [FML]:   Registry: 155 minecraft:entity.cat.ambient net.minecraft.util.SoundEvent@69e05f61
[22:10:40] [Server thread/TRACE] [FML]:   Registry: 156 minecraft:entity.cat.death net.minecraft.util.SoundEvent@49a26d19
[22:10:40] [Server thread/TRACE] [FML]:   Registry: 157 minecraft:entity.cat.hiss net.minecraft.util.SoundEvent@730e5763
[22:10:40] [Server thread/TRACE] [FML]:   Registry: 158 minecraft:entity.cat.hurt net.minecraft.util.SoundEvent@7275c74b
[22:10:40] [Server thread/TRACE] [FML]:   Registry: 159 minecraft:entity.cat.purr net.minecraft.util.SoundEvent@19058533
[22:10:40] [Server thread/TRACE] [FML]:   Registry: 160 minecraft:entity.cat.purreow net.minecraft.util.SoundEvent@4315e9af
[22:10:40] [Server thread/TRACE] [FML]:   Registry: 161 minecraft:entity.chicken.ambient net.minecraft.util.SoundEvent@42210be1
[22:10:40] [Server thread/TRACE] [FML]:   Registry: 162 minecraft:entity.chicken.death net.minecraft.util.SoundEvent@1eb2d371
[22:10:40] [Server thread/TRACE] [FML]:   Registry: 163 minecraft:entity.chicken.egg net.minecraft.util.SoundEvent@2babf189
[22:10:40] [Server thread/TRACE] [FML]:   Registry: 164 minecraft:entity.chicken.hurt net.minecraft.util.SoundEvent@479f2dc2
[22:10:40] [Server thread/TRACE] [FML]:   Registry: 165 minecraft:entity.chicken.step net.minecraft.util.SoundEvent@dab48d3
[22:10:40] [Server thread/TRACE] [FML]:   Registry: 166 minecraft:entity.cow.ambient net.minecraft.util.SoundEvent@58a2b4c
[22:10:40] [Server thread/TRACE] [FML]:   Registry: 167 minecraft:entity.cow.death net.minecraft.util.SoundEvent@7159a5cd
[22:10:40] [Server thread/TRACE] [FML]:   Registry: 168 minecraft:entity.cow.hurt net.minecraft.util.SoundEvent@4f966719
[22:10:40] [Server thread/TRACE] [FML]:   Registry: 169 minecraft:entity.cow.milk net.minecraft.util.SoundEvent@18ac53e8
[22:10:40] [Server thread/TRACE] [FML]:   Registry: 170 minecraft:entity.cow.step net.minecraft.util.SoundEvent@4ca8dbfa
[22:10:40] [Server thread/TRACE] [FML]:   Registry: 171 minecraft:entity.creeper.death net.minecraft.util.SoundEvent@7063686f
[22:10:40] [Server thread/TRACE] [FML]:   Registry: 172 minecraft:entity.creeper.hurt net.minecraft.util.SoundEvent@c3177d5
[22:10:40] [Server thread/TRACE] [FML]:   Registry: 173 minecraft:entity.creeper.primed net.minecraft.util.SoundEvent@76f856a8
[22:10:40] [Server thread/TRACE] [FML]:   Registry: 174 minecraft:entity.donkey.ambient net.minecraft.util.SoundEvent@7c853486
[22:10:40] [Server thread/TRACE] [FML]:   Registry: 175 minecraft:entity.donkey.angry net.minecraft.util.SoundEvent@174e1b69
[22:10:40] [Server thread/TRACE] [FML]:   Registry: 176 minecraft:entity.donkey.chest net.minecraft.util.SoundEvent@1046498a
[22:10:40] [Server thread/TRACE] [FML]:   Registry: 177 minecraft:entity.donkey.death net.minecraft.util.SoundEvent@243f003c
[22:10:40] [Server thread/TRACE] [FML]:   Registry: 178 minecraft:entity.donkey.hurt net.minecraft.util.SoundEvent@71cb3139
[22:10:40] [Server thread/TRACE] [FML]:   Registry: 179 minecraft:entity.egg.throw net.minecraft.util.SoundEvent@1639f93a
[22:10:40] [Server thread/TRACE] [FML]:   Registry: 180 minecraft:entity.elder_guardian.ambient net.minecraft.util.SoundEvent@3491e86e
[22:10:40] [Server thread/TRACE] [FML]:   Registry: 181 minecraft:entity.elder_guardian.ambient_land net.minecraft.util.SoundEvent@68f32020
[22:10:40] [Server thread/TRACE] [FML]:   Registry: 182 minecraft:entity.elder_guardian.curse net.minecraft.util.SoundEvent@409986fe
[22:10:40] [Server thread/TRACE] [FML]:   Registry: 183 minecraft:entity.elder_guardian.death net.minecraft.util.SoundEvent@19b047fe
[22:10:40] [Server thread/TRACE] [FML]:   Registry: 184 minecraft:entity.elder_guardian.death_land net.minecraft.util.SoundEvent@22590e3e
[22:10:40] [Server thread/TRACE] [FML]:   Registry: 185 minecraft:entity.elder_guardian.flop net.minecraft.util.SoundEvent@53dad875
[22:10:40] [Server thread/TRACE] [FML]:   Registry: 186 minecraft:entity.elder_guardian.hurt net.minecraft.util.SoundEvent@5f780a86
[22:10:40] [Server thread/TRACE] [FML]:   Registry: 187 minecraft:entity.elder_guardian.hurt_land net.minecraft.util.SoundEvent@446c3920
[22:10:40] [Server thread/TRACE] [FML]:   Registry: 188 minecraft:entity.enderdragon.ambient net.minecraft.util.SoundEvent@2eaef76d
[22:10:40] [Server thread/TRACE] [FML]:   Registry: 189 minecraft:entity.enderdragon.death net.minecraft.util.SoundEvent@2b329bbd
[22:10:40] [Server thread/TRACE] [FML]:   Registry: 190 minecraft:entity.enderdragon.flap net.minecraft.util.SoundEvent@34819867
[22:10:40] [Server thread/TRACE] [FML]:   Registry: 191 minecraft:entity.enderdragon.growl net.minecraft.util.SoundEvent@118102ee
[22:10:40] [Server thread/TRACE] [FML]:   Registry: 192 minecraft:entity.enderdragon.hurt net.minecraft.util.SoundEvent@48cd9a2c
[22:10:40] [Server thread/TRACE] [FML]:   Registry: 193 minecraft:entity.enderdragon.shoot net.minecraft.util.SoundEvent@771d1ffb
[22:10:40] [Server thread/TRACE] [FML]:   Registry: 194 minecraft:entity.enderdragon_fireball.explode net.minecraft.util.SoundEvent@4f67e3df
[22:10:40] [Server thread/TRACE] [FML]:   Registry: 195 minecraft:entity.endereye.death net.minecraft.util.SoundEvent@56681eaf
[22:10:40] [Server thread/TRACE] [FML]:   Registry: 196 minecraft:entity.endereye.launch net.minecraft.util.SoundEvent@72d0f2b4
[22:10:40] [Server thread/TRACE] [FML]:   Registry: 197 minecraft:entity.endermen.ambient net.minecraft.util.SoundEvent@6d2dc9d2
[22:10:40] [Server thread/TRACE] [FML]:   Registry: 198 minecraft:entity.endermen.death net.minecraft.util.SoundEvent@1da4b6b3
[22:10:40] [Server thread/TRACE] [FML]:   Registry: 199 minecraft:entity.endermen.hurt net.minecraft.util.SoundEvent@b2f4ece
[22:10:40] [Server thread/TRACE] [FML]:   Registry: 200 minecraft:entity.endermen.scream net.minecraft.util.SoundEvent@7e1f584d
[22:10:40] [Server thread/TRACE] [FML]:   Registry: 201 minecraft:entity.endermen.stare net.minecraft.util.SoundEvent@7dff6d05
[22:10:40] [Server thread/TRACE] [FML]:   Registry: 202 minecraft:entity.endermen.teleport net.minecraft.util.SoundEvent@45d64d27
[22:10:40] [Server thread/TRACE] [FML]:   Registry: 203 minecraft:entity.endermite.ambient net.minecraft.util.SoundEvent@34fe326d
[22:10:40] [Server thread/TRACE] [FML]:   Registry: 204 minecraft:entity.endermite.death net.minecraft.util.SoundEvent@30a7c98f
[22:10:40] [Server thread/TRACE] [FML]:   Registry: 205 minecraft:entity.endermite.hurt net.minecraft.util.SoundEvent@36361ddb
[22:10:40] [Server thread/TRACE] [FML]:   Registry: 206 minecraft:entity.endermite.step net.minecraft.util.SoundEvent@41fed14f
[22:10:40] [Server thread/TRACE] [FML]:   Registry: 207 minecraft:entity.enderpearl.throw net.minecraft.util.SoundEvent@4d6ee47
[22:10:40] [Server thread/TRACE] [FML]:   Registry: 208 minecraft:entity.evocation_fangs.attack net.minecraft.util.SoundEvent@a33b4e3
[22:10:40] [Server thread/TRACE] [FML]:   Registry: 209 minecraft:entity.evocation_illager.ambient net.minecraft.util.SoundEvent@c6da8bb
[22:10:40] [Server thread/TRACE] [FML]:   Registry: 210 minecraft:entity.evocation_illager.cast_spell net.minecraft.util.SoundEvent@3bae64d0
[22:10:40] [Server thread/TRACE] [FML]:   Registry: 211 minecraft:entity.evocation_illager.death net.minecraft.util.SoundEvent@8b91134
[22:10:40] [Server thread/TRACE] [FML]:   Registry: 212 minecraft:entity.evocation_illager.hurt net.minecraft.util.SoundEvent@1fba386c
[22:10:40] [Server thread/TRACE] [FML]:   Registry: 213 minecraft:entity.evocation_illager.prepare_attack net.minecraft.util.SoundEvent@7e736350
[22:10:40] [Server thread/TRACE] [FML]:   Registry: 214 minecraft:entity.evocation_illager.prepare_summon net.minecraft.util.SoundEvent@36b310aa
[22:10:40] [Server thread/TRACE] [FML]:   Registry: 215 minecraft:entity.evocation_illager.prepare_wololo net.minecraft.util.SoundEvent@76c387f9
[22:10:40] [Server thread/TRACE] [FML]:   Registry: 216 minecraft:entity.experience_bottle.throw net.minecraft.util.SoundEvent@3874b815
[22:10:40] [Server thread/TRACE] [FML]:   Registry: 217 minecraft:entity.experience_orb.pickup net.minecraft.util.SoundEvent@5d7835a8
[22:10:40] [Server thread/TRACE] [FML]:   Registry: 218 minecraft:entity.firework.blast net.minecraft.util.SoundEvent@736048ed
[22:10:40] [Server thread/TRACE] [FML]:   Registry: 219 minecraft:entity.firework.blast_far net.minecraft.util.SoundEvent@1976f537
[22:10:40] [Server thread/TRACE] [FML]:   Registry: 220 minecraft:entity.firework.large_blast net.minecraft.util.SoundEvent@45f421c
[22:10:40] [Server thread/TRACE] [FML]:   Registry: 221 minecraft:entity.firework.large_blast_far net.minecraft.util.SoundEvent@1816e24a
[22:10:40] [Server thread/TRACE] [FML]:   Registry: 222 minecraft:entity.firework.launch net.minecraft.util.SoundEvent@6940f685
[22:10:40] [Server thread/TRACE] [FML]:   Registry: 223 minecraft:entity.firework.shoot net.minecraft.util.SoundEvent@47b179d7
[22:10:40] [Server thread/TRACE] [FML]:   Registry: 224 minecraft:entity.firework.twinkle net.minecraft.util.SoundEvent@39008c9f
[22:10:40] [Server thread/TRACE] [FML]:   Registry: 225 minecraft:entity.firework.twinkle_far net.minecraft.util.SoundEvent@162b3d47
[22:10:40] [Server thread/TRACE] [FML]:   Registry: 226 minecraft:entity.generic.big_fall net.minecraft.util.SoundEvent@783115d9
[22:10:40] [Server thread/TRACE] [FML]:   Registry: 227 minecraft:entity.generic.burn net.minecraft.util.SoundEvent@3402b4c9
[22:10:40] [Server thread/TRACE] [FML]:   Registry: 228 minecraft:entity.generic.death net.minecraft.util.SoundEvent@95bb2a2
[22:10:40] [Server thread/TRACE] [FML]:   Registry: 229 minecraft:entity.generic.drink net.minecraft.util.SoundEvent@46d567cb
[22:10:40] [Server thread/TRACE] [FML]:   Registry: 230 minecraft:entity.generic.eat net.minecraft.util.SoundEvent@363a3d15
[22:10:40] [Server thread/TRACE] [FML]:   Registry: 231 minecraft:entity.generic.explode net.minecraft.util.SoundEvent@173f73e7
[22:10:40] [Server thread/TRACE] [FML]:   Registry: 232 minecraft:entity.generic.extinguish_fire net.minecraft.util.SoundEvent@43a51d00
[22:10:40] [Server thread/TRACE] [FML]:   Registry: 233 minecraft:entity.generic.hurt net.minecraft.util.SoundEvent@2e23c180
[22:10:40] [Server thread/TRACE] [FML]:   Registry: 234 minecraft:entity.generic.small_fall net.minecraft.util.SoundEvent@499683c4
[22:10:40] [Server thread/TRACE] [FML]:   Registry: 235 minecraft:entity.generic.splash net.minecraft.util.SoundEvent@25da615a
[22:10:40] [Server thread/TRACE] [FML]:   Registry: 236 minecraft:entity.generic.swim net.minecraft.util.SoundEvent@4efc25fc
[22:10:40] [Server thread/TRACE] [FML]:   Registry: 237 minecraft:entity.ghast.ambient net.minecraft.util.SoundEvent@7ee3d262
[22:10:40] [Server thread/TRACE] [FML]:   Registry: 238 minecraft:entity.ghast.death net.minecraft.util.SoundEvent@396e6d9
[22:10:40] [Server thread/TRACE] [FML]:   Registry: 239 minecraft:entity.ghast.hurt net.minecraft.util.SoundEvent@75308740
[22:10:40] [Server thread/TRACE] [FML]:   Registry: 240 minecraft:entity.ghast.scream net.minecraft.util.SoundEvent@5acc9fdf
[22:10:40] [Server thread/TRACE] [FML]:   Registry: 241 minecraft:entity.ghast.shoot net.minecraft.util.SoundEvent@3a5c2626
[22:10:40] [Server thread/TRACE] [FML]:   Registry: 242 minecraft:entity.ghast.warn net.minecraft.util.SoundEvent@e48bf9a
[22:10:40] [Server thread/TRACE] [FML]:   Registry: 243 minecraft:entity.guardian.ambient net.minecraft.util.SoundEvent@7fb33394
[22:10:40] [Server thread/TRACE] [FML]:   Registry: 244 minecraft:entity.guardian.ambient_land net.minecraft.util.SoundEvent@41bf79da
[22:10:40] [Server thread/TRACE] [FML]:   Registry: 245 minecraft:entity.guardian.attack net.minecraft.util.SoundEvent@1a891add
[22:10:40] [Server thread/TRACE] [FML]:   Registry: 246 minecraft:entity.guardian.death net.minecraft.util.SoundEvent@5176d279
[22:10:40] [Server thread/TRACE] [FML]:   Registry: 247 minecraft:entity.guardian.death_land net.minecraft.util.SoundEvent@373f7450
[22:10:40] [Server thread/TRACE] [FML]:   Registry: 248 minecraft:entity.guardian.flop net.minecraft.util.SoundEvent@d74bac4
[22:10:40] [Server thread/TRACE] [FML]:   Registry: 249 minecraft:entity.guardian.hurt net.minecraft.util.SoundEvent@5ff90645
[22:10:40] [Server thread/TRACE] [FML]:   Registry: 250 minecraft:entity.guardian.hurt_land net.minecraft.util.SoundEvent@387bf2d9
[22:10:40] [Server thread/TRACE] [FML]:   Registry: 251 minecraft:entity.horse.ambient net.minecraft.util.SoundEvent@74aa9c72
[22:10:40] [Server thread/TRACE] [FML]:   Registry: 252 minecraft:entity.horse.angry net.minecraft.util.SoundEvent@5c20aab9
[22:10:40] [Server thread/TRACE] [FML]:   Registry: 253 minecraft:entity.horse.armor net.minecraft.util.SoundEvent@4b7c4456
[22:10:40] [Server thread/TRACE] [FML]:   Registry: 254 minecraft:entity.horse.breathe net.minecraft.util.SoundEvent@2c768ada
[22:10:40] [Server thread/TRACE] [FML]:   Registry: 255 minecraft:entity.horse.death net.minecraft.util.SoundEvent@c1fca2a
[22:10:40] [Server thread/TRACE] [FML]:   Registry: 256 minecraft:entity.horse.eat net.minecraft.util.SoundEvent@5533dc72
[22:10:40] [Server thread/TRACE] [FML]:   Registry: 257 minecraft:entity.horse.gallop net.minecraft.util.SoundEvent@7c447c76
[22:10:40] [Server thread/TRACE] [FML]:   Registry: 258 minecraft:entity.horse.hurt net.minecraft.util.SoundEvent@64fc097e
[22:10:40] [Server thread/TRACE] [FML]:   Registry: 259 minecraft:entity.horse.jump net.minecraft.util.SoundEvent@1640c151
[22:10:40] [Server thread/TRACE] [FML]:   Registry: 260 minecraft:entity.horse.land net.minecraft.util.SoundEvent@5d5b5fa7
[22:10:40] [Server thread/TRACE] [FML]:   Registry: 261 minecraft:entity.horse.saddle net.minecraft.util.SoundEvent@2a32fb6
[22:10:40] [Server thread/TRACE] [FML]:   Registry: 262 minecraft:entity.horse.step net.minecraft.util.SoundEvent@6107165
[22:10:40] [Server thread/TRACE] [FML]:   Registry: 263 minecraft:entity.horse.step_wood net.minecraft.util.SoundEvent@164a62bf
[22:10:40] [Server thread/TRACE] [FML]:   Registry: 264 minecraft:entity.hostile.big_fall net.minecraft.util.SoundEvent@11ebb1b6
[22:10:40] [Server thread/TRACE] [FML]:   Registry: 265 minecraft:entity.hostile.death net.minecraft.util.SoundEvent@aaee2a2
[22:10:40] [Server thread/TRACE] [FML]:   Registry: 266 minecraft:entity.hostile.hurt net.minecraft.util.SoundEvent@f3021cb
[22:10:40] [Server thread/TRACE] [FML]:   Registry: 267 minecraft:entity.hostile.small_fall net.minecraft.util.SoundEvent@4aaae508
[22:10:40] [Server thread/TRACE] [FML]:   Registry: 268 minecraft:entity.hostile.splash net.minecraft.util.SoundEvent@6009bea
[22:10:40] [Server thread/TRACE] [FML]:   Registry: 269 minecraft:entity.hostile.swim net.minecraft.util.SoundEvent@7bc6d27a
[22:10:40] [Server thread/TRACE] [FML]:   Registry: 270 minecraft:entity.husk.ambient net.minecraft.util.SoundEvent@75769ab0
[22:10:40] [Server thread/TRACE] [FML]:   Registry: 271 minecraft:entity.husk.death net.minecraft.util.SoundEvent@6869a3b3
[22:10:40] [Server thread/TRACE] [FML]:   Registry: 272 minecraft:entity.husk.hurt net.minecraft.util.SoundEvent@6ab4ba9f
[22:10:40] [Server thread/TRACE] [FML]:   Registry: 273 minecraft:entity.husk.step net.minecraft.util.SoundEvent@27ace0b1
[22:10:40] [Server thread/TRACE] [FML]:   Registry: 274 minecraft:entity.illusion_illager.ambient net.minecraft.util.SoundEvent@664e5dee
[22:10:40] [Server thread/TRACE] [FML]:   Registry: 275 minecraft:entity.illusion_illager.cast_spell net.minecraft.util.SoundEvent@431f1eaf
[22:10:40] [Server thread/TRACE] [FML]:   Registry: 276 minecraft:entity.illusion_illager.death net.minecraft.util.SoundEvent@cb03411
[22:10:40] [Server thread/TRACE] [FML]:   Registry: 277 minecraft:entity.illusion_illager.hurt net.minecraft.util.SoundEvent@4c59e45e
[22:10:40] [Server thread/TRACE] [FML]:   Registry: 278 minecraft:entity.illusion_illager.mirror_move net.minecraft.util.SoundEvent@58ec7116
[22:10:40] [Server thread/TRACE] [FML]:   Registry: 279 minecraft:entity.illusion_illager.prepare_blindness net.minecraft.util.SoundEvent@63bde6c2
[22:10:40] [Server thread/TRACE] [FML]:   Registry: 280 minecraft:entity.illusion_illager.prepare_mirror net.minecraft.util.SoundEvent@6ea04618
[22:10:40] [Server thread/TRACE] [FML]:   Registry: 281 minecraft:entity.irongolem.attack net.minecraft.util.SoundEvent@6dd82486
[22:10:40] [Server thread/TRACE] [FML]:   Registry: 282 minecraft:entity.irongolem.death net.minecraft.util.SoundEvent@56078cea
[22:10:40] [Server thread/TRACE] [FML]:   Registry: 283 minecraft:entity.irongolem.hurt net.minecraft.util.SoundEvent@5a00eb1e
[22:10:40] [Server thread/TRACE] [FML]:   Registry: 284 minecraft:entity.irongolem.step net.minecraft.util.SoundEvent@36fcf6c0
[22:10:40] [Server thread/TRACE] [FML]:   Registry: 285 minecraft:entity.item.break net.minecraft.util.SoundEvent@1aac188d
[22:10:40] [Server thread/TRACE] [FML]:   Registry: 286 minecraft:entity.item.pickup net.minecraft.util.SoundEvent@7026b7ee
[22:10:40] [Server thread/TRACE] [FML]:   Registry: 287 minecraft:entity.itemframe.add_item net.minecraft.util.SoundEvent@2d23faef
[22:10:40] [Server thread/TRACE] [FML]:   Registry: 288 minecraft:entity.itemframe.break net.minecraft.util.SoundEvent@7cb8437d
[22:10:40] [Server thread/TRACE] [FML]:   Registry: 289 minecraft:entity.itemframe.place net.minecraft.util.SoundEvent@62a4417
[22:10:40] [Server thread/TRACE] [FML]:   Registry: 290 minecraft:entity.itemframe.remove_item net.minecraft.util.SoundEvent@43f61afb
[22:10:40] [Server thread/TRACE] [FML]:   Registry: 291 minecraft:entity.itemframe.rotate_item net.minecraft.util.SoundEvent@713064e8
[22:10:40] [Server thread/TRACE] [FML]:   Registry: 292 minecraft:entity.leashknot.break net.minecraft.util.SoundEvent@4fad6218
[22:10:40] [Server thread/TRACE] [FML]:   Registry: 293 minecraft:entity.leashknot.place net.minecraft.util.SoundEvent@1bf39d06
[22:10:40] [Server thread/TRACE] [FML]:   Registry: 294 minecraft:entity.lightning.impact net.minecraft.util.SoundEvent@68217d41
[22:10:40] [Server thread/TRACE] [FML]:   Registry: 295 minecraft:entity.lightning.thunder net.minecraft.util.SoundEvent@1ac45389
[22:10:40] [Server thread/TRACE] [FML]:   Registry: 296 minecraft:entity.lingeringpotion.throw net.minecraft.util.SoundEvent@3e5d4f6b
[22:10:40] [Server thread/TRACE] [FML]:   Registry: 297 minecraft:entity.llama.ambient net.minecraft.util.SoundEvent@39c1fe0b
[22:10:40] [Server thread/TRACE] [FML]:   Registry: 298 minecraft:entity.llama.angry net.minecraft.util.SoundEvent@5ae95707
[22:10:40] [Server thread/TRACE] [FML]:   Registry: 299 minecraft:entity.llama.chest net.minecraft.util.SoundEvent@62891fc8
[22:10:40] [Server thread/TRACE] [FML]:   Registry: 300 minecraft:entity.llama.death net.minecraft.util.SoundEvent@367b22e5
[22:10:40] [Server thread/TRACE] [FML]:   Registry: 301 minecraft:entity.llama.eat net.minecraft.util.SoundEvent@fca387
[22:10:40] [Server thread/TRACE] [FML]:   Registry: 302 minecraft:entity.llama.hurt net.minecraft.util.SoundEvent@10bd9df0
[22:10:40] [Server thread/TRACE] [FML]:   Registry: 303 minecraft:entity.llama.spit net.minecraft.util.SoundEvent@3ae0b770
[22:10:40] [Server thread/TRACE] [FML]:   Registry: 304 minecraft:entity.llama.step net.minecraft.util.SoundEvent@55e3d6c3
[22:10:40] [Server thread/TRACE] [FML]:   Registry: 305 minecraft:entity.llama.swag net.minecraft.util.SoundEvent@30e6a763
[22:10:40] [Server thread/TRACE] [FML]:   Registry: 306 minecraft:entity.magmacube.death net.minecraft.util.SoundEvent@4c48fe92
[22:10:40] [Server thread/TRACE] [FML]:   Registry: 307 minecraft:entity.magmacube.hurt net.minecraft.util.SoundEvent@732c9b5c
[22:10:40] [Server thread/TRACE] [FML]:   Registry: 308 minecraft:entity.magmacube.jump net.minecraft.util.SoundEvent@38320e34
[22:10:40] [Server thread/TRACE] [FML]:   Registry: 309 minecraft:entity.magmacube.squish net.minecraft.util.SoundEvent@3d6a6bee
[22:10:40] [Server thread/TRACE] [FML]:   Registry: 310 minecraft:entity.minecart.inside net.minecraft.util.SoundEvent@36ddaebf
[22:10:40] [Server thread/TRACE] [FML]:   Registry: 311 minecraft:entity.minecart.riding net.minecraft.util.SoundEvent@213c3543
[22:10:40] [Server thread/TRACE] [FML]:   Registry: 312 minecraft:entity.mooshroom.shear net.minecraft.util.SoundEvent@9d7ccfe
[22:10:40] [Server thread/TRACE] [FML]:   Registry: 313 minecraft:entity.mule.ambient net.minecraft.util.SoundEvent@670ce331
[22:10:40] [Server thread/TRACE] [FML]:   Registry: 314 minecraft:entity.mule.chest net.minecraft.util.SoundEvent@3cff0139
[22:10:40] [Server thread/TRACE] [FML]:   Registry: 315 minecraft:entity.mule.death net.minecraft.util.SoundEvent@7c29adc8
[22:10:40] [Server thread/TRACE] [FML]:   Registry: 316 minecraft:entity.mule.hurt net.minecraft.util.SoundEvent@4b2e3e8f
[22:10:40] [Server thread/TRACE] [FML]:   Registry: 317 minecraft:entity.painting.break net.minecraft.util.SoundEvent@4bbb49b0
[22:10:40] [Server thread/TRACE] [FML]:   Registry: 318 minecraft:entity.painting.place net.minecraft.util.SoundEvent@f096f37
[22:10:40] [Server thread/TRACE] [FML]:   Registry: 319 minecraft:entity.parrot.ambient net.minecraft.util.SoundEvent@3effd4f3
[22:10:40] [Server thread/TRACE] [FML]:   Registry: 320 minecraft:entity.parrot.death net.minecraft.util.SoundEvent@41f4fe5
[22:10:40] [Server thread/TRACE] [FML]:   Registry: 321 minecraft:entity.parrot.eat net.minecraft.util.SoundEvent@15f8701f
[22:10:40] [Server thread/TRACE] [FML]:   Registry: 322 minecraft:entity.parrot.fly net.minecraft.util.SoundEvent@514cd540
[22:10:40] [Server thread/TRACE] [FML]:   Registry: 323 minecraft:entity.parrot.hurt net.minecraft.util.SoundEvent@11d4dbd6
[22:10:40] [Server thread/TRACE] [FML]:   Registry: 324 minecraft:entity.parrot.imitate.blaze net.minecraft.util.SoundEvent@6f4ade6e
[22:10:40] [Server thread/TRACE] [FML]:   Registry: 325 minecraft:entity.parrot.imitate.creeper net.minecraft.util.SoundEvent@39e43310
[22:10:40] [Server thread/TRACE] [FML]:   Registry: 326 minecraft:entity.parrot.imitate.elder_guardian net.minecraft.util.SoundEvent@eb507b9
[22:10:40] [Server thread/TRACE] [FML]:   Registry: 327 minecraft:entity.parrot.imitate.enderdragon net.minecraft.util.SoundEvent@390877d2
[22:10:40] [Server thread/TRACE] [FML]:   Registry: 328 minecraft:entity.parrot.imitate.enderman net.minecraft.util.SoundEvent@86733
[22:10:40] [Server thread/TRACE] [FML]:   Registry: 329 minecraft:entity.parrot.imitate.endermite net.minecraft.util.SoundEvent@186cb891
[22:10:40] [Server thread/TRACE] [FML]:   Registry: 330 minecraft:entity.parrot.imitate.evocation_illager net.minecraft.util.SoundEvent@3ec2ecea
[22:10:40] [Server thread/TRACE] [FML]:   Registry: 331 minecraft:entity.parrot.imitate.ghast net.minecraft.util.SoundEvent@440eaa07
[22:10:40] [Server thread/TRACE] [FML]:   Registry: 332 minecraft:entity.parrot.imitate.husk net.minecraft.util.SoundEvent@7fc7c4a
[22:10:40] [Server thread/TRACE] [FML]:   Registry: 333 minecraft:entity.parrot.imitate.illusion_illager net.minecraft.util.SoundEvent@7aa9e414
[22:10:40] [Server thread/TRACE] [FML]:   Registry: 334 minecraft:entity.parrot.imitate.magmacube net.minecraft.util.SoundEvent@53a5e217
[22:10:40] [Server thread/TRACE] [FML]:   Registry: 335 minecraft:entity.parrot.imitate.polar_bear net.minecraft.util.SoundEvent@624a24f6
[22:10:40] [Server thread/TRACE] [FML]:   Registry: 336 minecraft:entity.parrot.imitate.shulker net.minecraft.util.SoundEvent@6b00ad9
[22:10:40] [Server thread/TRACE] [FML]:   Registry: 337 minecraft:entity.parrot.imitate.silverfish net.minecraft.util.SoundEvent@338cc75f
[22:10:40] [Server thread/TRACE] [FML]:   Registry: 338 minecraft:entity.parrot.imitate.skeleton net.minecraft.util.SoundEvent@4f453e63
[22:10:40] [Server thread/TRACE] [FML]:   Registry: 339 minecraft:entity.parrot.imitate.slime net.minecraft.util.SoundEvent@7c9bdee9
[22:10:40] [Server thread/TRACE] [FML]:   Registry: 340 minecraft:entity.parrot.imitate.spider net.minecraft.util.SoundEvent@7afbf561
[22:10:40] [Server thread/TRACE] [FML]:   Registry: 341 minecraft:entity.parrot.imitate.stray net.minecraft.util.SoundEvent@2f98635e
[22:10:40] [Server thread/TRACE] [FML]:   Registry: 342 minecraft:entity.parrot.imitate.vex net.minecraft.util.SoundEvent@49c8f6e8
[22:10:40] [Server thread/TRACE] [FML]:   Registry: 343 minecraft:entity.parrot.imitate.vindication_illager net.minecraft.util.SoundEvent@6b0615ae
[22:10:40] [Server thread/TRACE] [FML]:   Registry: 344 minecraft:entity.parrot.imitate.witch net.minecraft.util.SoundEvent@4e73b552
[22:10:40] [Server thread/TRACE] [FML]:   Registry: 345 minecraft:entity.parrot.imitate.wither net.minecraft.util.SoundEvent@221dad51
[22:10:40] [Server thread/TRACE] [FML]:   Registry: 346 minecraft:entity.parrot.imitate.wither_skeleton net.minecraft.util.SoundEvent@2cec704c
[22:10:40] [Server thread/TRACE] [FML]:   Registry: 347 minecraft:entity.parrot.imitate.wolf net.minecraft.util.SoundEvent@771cbb1a
[22:10:40] [Server thread/TRACE] [FML]:   Registry: 348 minecraft:entity.parrot.imitate.zombie net.minecraft.util.SoundEvent@2416498e
[22:10:40] [Server thread/TRACE] [FML]:   Registry: 349 minecraft:entity.parrot.imitate.zombie_pigman net.minecraft.util.SoundEvent@6b2e0f78
[22:10:40] [Server thread/TRACE] [FML]:   Registry: 350 minecraft:entity.parrot.imitate.zombie_villager net.minecraft.util.SoundEvent@240f6c41
[22:10:40] [Server thread/TRACE] [FML]:   Registry: 351 minecraft:entity.parrot.step net.minecraft.util.SoundEvent@3659d7b1
[22:10:40] [Server thread/TRACE] [FML]:   Registry: 352 minecraft:entity.pig.ambient net.minecraft.util.SoundEvent@2015b2cd
[22:10:40] [Server thread/TRACE] [FML]:   Registry: 353 minecraft:entity.pig.death net.minecraft.util.SoundEvent@3bdb2c78
[22:10:40] [Server thread/TRACE] [FML]:   Registry: 354 minecraft:entity.pig.hurt net.minecraft.util.SoundEvent@64693226
[22:10:40] [Server thread/TRACE] [FML]:   Registry: 355 minecraft:entity.pig.saddle net.minecraft.util.SoundEvent@1c758545
[22:10:40] [Server thread/TRACE] [FML]:   Registry: 356 minecraft:entity.pig.step net.minecraft.util.SoundEvent@117bcfdc
[22:10:40] [Server thread/TRACE] [FML]:   Registry: 357 minecraft:entity.player.attack.crit net.minecraft.util.SoundEvent@73a19967
[22:10:40] [Server thread/TRACE] [FML]:   Registry: 358 minecraft:entity.player.attack.knockback net.minecraft.util.SoundEvent@5e746d37
[22:10:40] [Server thread/TRACE] [FML]:   Registry: 359 minecraft:entity.player.attack.nodamage net.minecraft.util.SoundEvent@6e1b9411
[22:10:40] [Server thread/TRACE] [FML]:   Registry: 360 minecraft:entity.player.attack.strong net.minecraft.util.SoundEvent@21d1b321
[22:10:40] [Server thread/TRACE] [FML]:   Registry: 361 minecraft:entity.player.attack.sweep net.minecraft.util.SoundEvent@5ec46cdd
[22:10:40] [Server thread/TRACE] [FML]:   Registry: 362 minecraft:entity.player.attack.weak net.minecraft.util.SoundEvent@2324bfe7
[22:10:40] [Server thread/TRACE] [FML]:   Registry: 363 minecraft:entity.player.big_fall net.minecraft.util.SoundEvent@112d1c8e
[22:10:40] [Server thread/TRACE] [FML]:   Registry: 364 minecraft:entity.player.breath net.minecraft.util.SoundEvent@3d49fd31
[22:10:40] [Server thread/TRACE] [FML]:   Registry: 365 minecraft:entity.player.burp net.minecraft.util.SoundEvent@4016ccc1
[22:10:40] [Server thread/TRACE] [FML]:   Registry: 366 minecraft:entity.player.death net.minecraft.util.SoundEvent@46cb98a3
[22:10:40] [Server thread/TRACE] [FML]:   Registry: 367 minecraft:entity.player.hurt net.minecraft.util.SoundEvent@3ffb3598
[22:10:40] [Server thread/TRACE] [FML]:   Registry: 368 minecraft:entity.player.hurt_drown net.minecraft.util.SoundEvent@4da9f723
[22:10:40] [Server thread/TRACE] [FML]:   Registry: 369 minecraft:entity.player.hurt_on_fire net.minecraft.util.SoundEvent@3b2f4a93
[22:10:40] [Server thread/TRACE] [FML]:   Registry: 370 minecraft:entity.player.levelup net.minecraft.util.SoundEvent@213bd3d5
[22:10:40] [Server thread/TRACE] [FML]:   Registry: 371 minecraft:entity.player.small_fall net.minecraft.util.SoundEvent@470a659f
[22:10:40] [Server thread/TRACE] [FML]:   Registry: 372 minecraft:entity.player.splash net.minecraft.util.SoundEvent@451882b2
[22:10:40] [Server thread/TRACE] [FML]:   Registry: 373 minecraft:entity.player.swim net.minecraft.util.SoundEvent@4a23350
[22:10:40] [Server thread/TRACE] [FML]:   Registry: 374 minecraft:entity.polar_bear.ambient net.minecraft.util.SoundEvent@7b78ed6a
[22:10:40] [Server thread/TRACE] [FML]:   Registry: 375 minecraft:entity.polar_bear.baby_ambient net.minecraft.util.SoundEvent@6fca5907
[22:10:40] [Server thread/TRACE] [FML]:   Registry: 376 minecraft:entity.polar_bear.death net.minecraft.util.SoundEvent@6ec65b5e
[22:10:40] [Server thread/TRACE] [FML]:   Registry: 377 minecraft:entity.polar_bear.hurt net.minecraft.util.SoundEvent@7bebcd65
[22:10:40] [Server thread/TRACE] [FML]:   Registry: 378 minecraft:entity.polar_bear.step net.minecraft.util.SoundEvent@47447ccf
[22:10:40] [Server thread/TRACE] [FML]:   Registry: 379 minecraft:entity.polar_bear.warning net.minecraft.util.SoundEvent@7afb1741
[22:10:40] [Server thread/TRACE] [FML]:   Registry: 380 minecraft:entity.rabbit.ambient net.minecraft.util.SoundEvent@263bbfeb
[22:10:40] [Server thread/TRACE] [FML]:   Registry: 381 minecraft:entity.rabbit.attack net.minecraft.util.SoundEvent@31edeac
[22:10:40] [Server thread/TRACE] [FML]:   Registry: 382 minecraft:entity.rabbit.death net.minecraft.util.SoundEvent@67d86804
[22:10:40] [Server thread/TRACE] [FML]:   Registry: 383 minecraft:entity.rabbit.hurt net.minecraft.util.SoundEvent@45bb2aa1
[22:10:40] [Server thread/TRACE] [FML]:   Registry: 384 minecraft:entity.rabbit.jump net.minecraft.util.SoundEvent@3e84111a
[22:10:40] [Server thread/TRACE] [FML]:   Registry: 385 minecraft:entity.sheep.ambient net.minecraft.util.SoundEvent@4b1a43d8
[22:10:40] [Server thread/TRACE] [FML]:   Registry: 386 minecraft:entity.sheep.death net.minecraft.util.SoundEvent@6fa69af7
[22:10:40] [Server thread/TRACE] [FML]:   Registry: 387 minecraft:entity.sheep.hurt net.minecraft.util.SoundEvent@73545b80
[22:10:40] [Server thread/TRACE] [FML]:   Registry: 388 minecraft:entity.sheep.shear net.minecraft.util.SoundEvent@6d469831
[22:10:40] [Server thread/TRACE] [FML]:   Registry: 389 minecraft:entity.sheep.step net.minecraft.util.SoundEvent@74db12c2
[22:10:40] [Server thread/TRACE] [FML]:   Registry: 390 minecraft:entity.shulker.ambient net.minecraft.util.SoundEvent@2ff15f8c
[22:10:40] [Server thread/TRACE] [FML]:   Registry: 391 minecraft:entity.shulker.close net.minecraft.util.SoundEvent@7ea899a9
[22:10:40] [Server thread/TRACE] [FML]:   Registry: 392 minecraft:entity.shulker.death net.minecraft.util.SoundEvent@2776015d
[22:10:40] [Server thread/TRACE] [FML]:   Registry: 393 minecraft:entity.shulker.hurt net.minecraft.util.SoundEvent@b174a73
[22:10:40] [Server thread/TRACE] [FML]:   Registry: 394 minecraft:entity.shulker.hurt_closed net.minecraft.util.SoundEvent@2e3f79a2
[22:10:40] [Server thread/TRACE] [FML]:   Registry: 395 minecraft:entity.shulker.open net.minecraft.util.SoundEvent@1460c81d
[22:10:40] [Server thread/TRACE] [FML]:   Registry: 396 minecraft:entity.shulker.shoot net.minecraft.util.SoundEvent@38b5f25
[22:10:40] [Server thread/TRACE] [FML]:   Registry: 397 minecraft:entity.shulker.teleport net.minecraft.util.SoundEvent@327ed9f5
[22:10:40] [Server thread/TRACE] [FML]:   Registry: 398 minecraft:entity.shulker_bullet.hit net.minecraft.util.SoundEvent@67594471
[22:10:40] [Server thread/TRACE] [FML]:   Registry: 399 minecraft:entity.shulker_bullet.hurt net.minecraft.util.SoundEvent@756b58a7
[22:10:40] [Server thread/TRACE] [FML]:   Registry: 400 minecraft:entity.silverfish.ambient net.minecraft.util.SoundEvent@2cc04358
[22:10:40] [Server thread/TRACE] [FML]:   Registry: 401 minecraft:entity.silverfish.death net.minecraft.util.SoundEvent@68b58644
[22:10:40] [Server thread/TRACE] [FML]:   Registry: 402 minecraft:entity.silverfish.hurt net.minecraft.util.SoundEvent@45e22def
[22:10:40] [Server thread/TRACE] [FML]:   Registry: 403 minecraft:entity.silverfish.step net.minecraft.util.SoundEvent@6ae3fb94
[22:10:40] [Server thread/TRACE] [FML]:   Registry: 404 minecraft:entity.skeleton.ambient net.minecraft.util.SoundEvent@4417af13
[22:10:40] [Server thread/TRACE] [FML]:   Registry: 405 minecraft:entity.skeleton.death net.minecraft.util.SoundEvent@d48673
[22:10:40] [Server thread/TRACE] [FML]:   Registry: 406 minecraft:entity.skeleton.hurt net.minecraft.util.SoundEvent@548d5ed3
[22:10:40] [Server thread/TRACE] [FML]:   Registry: 407 minecraft:entity.skeleton.shoot net.minecraft.util.SoundEvent@21c7208d
[22:10:40] [Server thread/TRACE] [FML]:   Registry: 408 minecraft:entity.skeleton.step net.minecraft.util.SoundEvent@58516c91
[22:10:40] [Server thread/TRACE] [FML]:   Registry: 409 minecraft:entity.skeleton_horse.ambient net.minecraft.util.SoundEvent@7c129ef6
[22:10:40] [Server thread/TRACE] [FML]:   Registry: 410 minecraft:entity.skeleton_horse.death net.minecraft.util.SoundEvent@42d73c61
[22:10:40] [Server thread/TRACE] [FML]:   Registry: 411 minecraft:entity.skeleton_horse.hurt net.minecraft.util.SoundEvent@5a8cbffe
[22:10:40] [Server thread/TRACE] [FML]:   Registry: 412 minecraft:entity.slime.attack net.minecraft.util.SoundEvent@96a75da
[22:10:40] [Server thread/TRACE] [FML]:   Registry: 413 minecraft:entity.slime.death net.minecraft.util.SoundEvent@61e7bf2f
[22:10:40] [Server thread/TRACE] [FML]:   Registry: 414 minecraft:entity.slime.hurt net.minecraft.util.SoundEvent@1a28b346
[22:10:40] [Server thread/TRACE] [FML]:   Registry: 415 minecraft:entity.slime.jump net.minecraft.util.SoundEvent@25e49cb2
[22:10:40] [Server thread/TRACE] [FML]:   Registry: 416 minecraft:entity.slime.squish net.minecraft.util.SoundEvent@7f7af971
[22:10:40] [Server thread/TRACE] [FML]:   Registry: 417 minecraft:entity.small_magmacube.death net.minecraft.util.SoundEvent@23382f76
[22:10:40] [Server thread/TRACE] [FML]:   Registry: 418 minecraft:entity.small_magmacube.hurt net.minecraft.util.SoundEvent@7c551ad4
[22:10:40] [Server thread/TRACE] [FML]:   Registry: 419 minecraft:entity.small_magmacube.squish net.minecraft.util.SoundEvent@7d5508e0
[22:10:40] [Server thread/TRACE] [FML]:   Registry: 420 minecraft:entity.small_slime.death net.minecraft.util.SoundEvent@554cd74a
[22:10:40] [Server thread/TRACE] [FML]:   Registry: 421 minecraft:entity.small_slime.hurt net.minecraft.util.SoundEvent@37ed010a
[22:10:40] [Server thread/TRACE] [FML]:   Registry: 422 minecraft:entity.small_slime.jump net.minecraft.util.SoundEvent@633a2e99
[22:10:40] [Server thread/TRACE] [FML]:   Registry: 423 minecraft:entity.small_slime.squish net.minecraft.util.SoundEvent@367d2816
[22:10:40] [Server thread/TRACE] [FML]:   Registry: 424 minecraft:entity.snowball.throw net.minecraft.util.SoundEvent@5b84f14
[22:10:40] [Server thread/TRACE] [FML]:   Registry: 425 minecraft:entity.snowman.ambient net.minecraft.util.SoundEvent@5a82ebf8
[22:10:40] [Server thread/TRACE] [FML]:   Registry: 426 minecraft:entity.snowman.death net.minecraft.util.SoundEvent@68fe48d7
[22:10:40] [Server thread/TRACE] [FML]:   Registry: 427 minecraft:entity.snowman.hurt net.minecraft.util.SoundEvent@379ce046
[22:10:40] [Server thread/TRACE] [FML]:   Registry: 428 minecraft:entity.snowman.shoot net.minecraft.util.SoundEvent@701bc94e
[22:10:40] [Server thread/TRACE] [FML]:   Registry: 429 minecraft:entity.spider.ambient net.minecraft.util.SoundEvent@3d8b319e
[22:10:40] [Server thread/TRACE] [FML]:   Registry: 430 minecraft:entity.spider.death net.minecraft.util.SoundEvent@27a97e08
[22:10:40] [Server thread/TRACE] [FML]:   Registry: 431 minecraft:entity.spider.hurt net.minecraft.util.SoundEvent@77e7246b
[22:10:40] [Server thread/TRACE] [FML]:   Registry: 432 minecraft:entity.spider.step net.minecraft.util.SoundEvent@5918c260
[22:10:40] [Server thread/TRACE] [FML]:   Registry: 433 minecraft:entity.splash_potion.break net.minecraft.util.SoundEvent@3d7b1f1c
[22:10:40] [Server thread/TRACE] [FML]:   Registry: 434 minecraft:entity.splash_potion.throw net.minecraft.util.SoundEvent@51ce6f85
[22:10:40] [Server thread/TRACE] [FML]:   Registry: 435 minecraft:entity.squid.ambient net.minecraft.util.SoundEvent@1f44ddab
[22:10:40] [Server thread/TRACE] [FML]:   Registry: 436 minecraft:entity.squid.death net.minecraft.util.SoundEvent@5017e1
[22:10:40] [Server thread/TRACE] [FML]:   Registry: 437 minecraft:entity.squid.hurt net.minecraft.util.SoundEvent@65b66b08
[22:10:40] [Server thread/TRACE] [FML]:   Registry: 438 minecraft:entity.stray.ambient net.minecraft.util.SoundEvent@4726927c
[22:10:40] [Server thread/TRACE] [FML]:   Registry: 439 minecraft:entity.stray.death net.minecraft.util.SoundEvent@7eb6b6b6
[22:10:40] [Server thread/TRACE] [FML]:   Registry: 440 minecraft:entity.stray.hurt net.minecraft.util.SoundEvent@7ed9499e
[22:10:40] [Server thread/TRACE] [FML]:   Registry: 441 minecraft:entity.stray.step net.minecraft.util.SoundEvent@28e19366
[22:10:40] [Server thread/TRACE] [FML]:   Registry: 442 minecraft:entity.tnt.primed net.minecraft.util.SoundEvent@5b275174
[22:10:40] [Server thread/TRACE] [FML]:   Registry: 443 minecraft:entity.vex.ambient net.minecraft.util.SoundEvent@10ef5fa0
[22:10:40] [Server thread/TRACE] [FML]:   Registry: 444 minecraft:entity.vex.charge net.minecraft.util.SoundEvent@244e619a
[22:10:40] [Server thread/TRACE] [FML]:   Registry: 445 minecraft:entity.vex.death net.minecraft.util.SoundEvent@10acd6
[22:10:40] [Server thread/TRACE] [FML]:   Registry: 446 minecraft:entity.vex.hurt net.minecraft.util.SoundEvent@61dde151
[22:10:40] [Server thread/TRACE] [FML]:   Registry: 447 minecraft:entity.villager.ambient net.minecraft.util.SoundEvent@b25b095
[22:10:40] [Server thread/TRACE] [FML]:   Registry: 448 minecraft:entity.villager.death net.minecraft.util.SoundEvent@5cb042da
[22:10:40] [Server thread/TRACE] [FML]:   Registry: 449 minecraft:entity.villager.hurt net.minecraft.util.SoundEvent@59c33386
[22:10:40] [Server thread/TRACE] [FML]:   Registry: 450 minecraft:entity.villager.no net.minecraft.util.SoundEvent@571a9686
[22:10:40] [Server thread/TRACE] [FML]:   Registry: 451 minecraft:entity.villager.trading net.minecraft.util.SoundEvent@719d35e8
[22:10:40] [Server thread/TRACE] [FML]:   Registry: 452 minecraft:entity.villager.yes net.minecraft.util.SoundEvent@2f651f93
[22:10:40] [Server thread/TRACE] [FML]:   Registry: 453 minecraft:entity.vindication_illager.ambient net.minecraft.util.SoundEvent@6ffa56fa
[22:10:40] [Server thread/TRACE] [FML]:   Registry: 454 minecraft:entity.vindication_illager.death net.minecraft.util.SoundEvent@6c575325
[22:10:40] [Server thread/TRACE] [FML]:   Registry: 455 minecraft:entity.vindication_illager.hurt net.minecraft.util.SoundEvent@747d1932
[22:10:40] [Server thread/TRACE] [FML]:   Registry: 456 minecraft:entity.witch.ambient net.minecraft.util.SoundEvent@736309a9
[22:10:40] [Server thread/TRACE] [FML]:   Registry: 457 minecraft:entity.witch.death net.minecraft.util.SoundEvent@4e93dcb9
[22:10:40] [Server thread/TRACE] [FML]:   Registry: 458 minecraft:entity.witch.drink net.minecraft.util.SoundEvent@188b6035
[22:10:40] [Server thread/TRACE] [FML]:   Registry: 459 minecraft:entity.witch.hurt net.minecraft.util.SoundEvent@4a34e9f
[22:10:40] [Server thread/TRACE] [FML]:   Registry: 460 minecraft:entity.witch.throw net.minecraft.util.SoundEvent@6f6621e3
[22:10:40] [Server thread/TRACE] [FML]:   Registry: 461 minecraft:entity.wither.ambient net.minecraft.util.SoundEvent@3fc05ea2
[22:10:40] [Server thread/TRACE] [FML]:   Registry: 462 minecraft:entity.wither.break_block net.minecraft.util.SoundEvent@7c891ba7
[22:10:40] [Server thread/TRACE] [FML]:   Registry: 463 minecraft:entity.wither.death net.minecraft.util.SoundEvent@6240651f
[22:10:40] [Server thread/TRACE] [FML]:   Registry: 464 minecraft:entity.wither.hurt net.minecraft.util.SoundEvent@3cf7298d
[22:10:40] [Server thread/TRACE] [FML]:   Registry: 465 minecraft:entity.wither.shoot net.minecraft.util.SoundEvent@1ff55ff
[22:10:40] [Server thread/TRACE] [FML]:   Registry: 466 minecraft:entity.wither.spawn net.minecraft.util.SoundEvent@351f2244
[22:10:40] [Server thread/TRACE] [FML]:   Registry: 467 minecraft:entity.wither_skeleton.ambient net.minecraft.util.SoundEvent@5496c165
[22:10:40] [Server thread/TRACE] [FML]:   Registry: 468 minecraft:entity.wither_skeleton.death net.minecraft.util.SoundEvent@51a8313b
[22:10:40] [Server thread/TRACE] [FML]:   Registry: 469 minecraft:entity.wither_skeleton.hurt net.minecraft.util.SoundEvent@2a03d65c
[22:10:40] [Server thread/TRACE] [FML]:   Registry: 470 minecraft:entity.wither_skeleton.step net.minecraft.util.SoundEvent@6642dc5a
[22:10:40] [Server thread/TRACE] [FML]:   Registry: 471 minecraft:entity.wolf.ambient net.minecraft.util.SoundEvent@43da41e
[22:10:40] [Server thread/TRACE] [FML]:   Registry: 472 minecraft:entity.wolf.death net.minecraft.util.SoundEvent@148c7c4b
[22:10:40] [Server thread/TRACE] [FML]:   Registry: 473 minecraft:entity.wolf.growl net.minecraft.util.SoundEvent@2009f9b0
[22:10:40] [Server thread/TRACE] [FML]:   Registry: 474 minecraft:entity.wolf.howl net.minecraft.util.SoundEvent@50d951e7
[22:10:40] [Server thread/TRACE] [FML]:   Registry: 475 minecraft:entity.wolf.hurt net.minecraft.util.SoundEvent@39ad12b6
[22:10:40] [Server thread/TRACE] [FML]:   Registry: 476 minecraft:entity.wolf.pant net.minecraft.util.SoundEvent@4eb45fec
[22:10:40] [Server thread/TRACE] [FML]:   Registry: 477 minecraft:entity.wolf.shake net.minecraft.util.SoundEvent@211febf3
[22:10:40] [Server thread/TRACE] [FML]:   Registry: 478 minecraft:entity.wolf.step net.minecraft.util.SoundEvent@3bd3d05e
[22:10:40] [Server thread/TRACE] [FML]:   Registry: 479 minecraft:entity.wolf.whine net.minecraft.util.SoundEvent@6aba5d30
[22:10:40] [Server thread/TRACE] [FML]:   Registry: 480 minecraft:entity.zombie.ambient net.minecraft.util.SoundEvent@61d34b4
[22:10:40] [Server thread/TRACE] [FML]:   Registry: 481 minecraft:entity.zombie.attack_door_wood net.minecraft.util.SoundEvent@588307f7
[22:10:40] [Server thread/TRACE] [FML]:   Registry: 482 minecraft:entity.zombie.attack_iron_door net.minecraft.util.SoundEvent@7df76d99
[22:10:40] [Server thread/TRACE] [FML]:   Registry: 483 minecraft:entity.zombie.break_door_wood net.minecraft.util.SoundEvent@459cfcca
[22:10:40] [Server thread/TRACE] [FML]:   Registry: 484 minecraft:entity.zombie.death net.minecraft.util.SoundEvent@2acbc859
[22:10:40] [Server thread/TRACE] [FML]:   Registry: 485 minecraft:entity.zombie.hurt net.minecraft.util.SoundEvent@6ab7ce48
[22:10:40] [Server thread/TRACE] [FML]:   Registry: 486 minecraft:entity.zombie.infect net.minecraft.util.SoundEvent@2c6aed22
[22:10:40] [Server thread/TRACE] [FML]:   Registry: 487 minecraft:entity.zombie.step net.minecraft.util.SoundEvent@e322ec9
[22:10:40] [Server thread/TRACE] [FML]:   Registry: 488 minecraft:entity.zombie_horse.ambient net.minecraft.util.SoundEvent@7acfb656
[22:10:40] [Server thread/TRACE] [FML]:   Registry: 489 minecraft:entity.zombie_horse.death net.minecraft.util.SoundEvent@2e5ee2c9
[22:10:40] [Server thread/TRACE] [FML]:   Registry: 490 minecraft:entity.zombie_horse.hurt net.minecraft.util.SoundEvent@55a609dd
[22:10:40] [Server thread/TRACE] [FML]:   Registry: 491 minecraft:entity.zombie_pig.ambient net.minecraft.util.SoundEvent@4afd21c6
[22:10:40] [Server thread/TRACE] [FML]:   Registry: 492 minecraft:entity.zombie_pig.angry net.minecraft.util.SoundEvent@4d0753c9
[22:10:40] [Server thread/TRACE] [FML]:   Registry: 493 minecraft:entity.zombie_pig.death net.minecraft.util.SoundEvent@1416a80a
[22:10:40] [Server thread/TRACE] [FML]:   Registry: 494 minecraft:entity.zombie_pig.hurt net.minecraft.util.SoundEvent@719bb3b4
[22:10:40] [Server thread/TRACE] [FML]:   Registry: 495 minecraft:entity.zombie_villager.ambient net.minecraft.util.SoundEvent@52cb4f50
[22:10:40] [Server thread/TRACE] [FML]:   Registry: 496 minecraft:entity.zombie_villager.converted net.minecraft.util.SoundEvent@25a5c7db
[22:10:40] [Server thread/TRACE] [FML]:   Registry: 497 minecraft:entity.zombie_villager.cure net.minecraft.util.SoundEvent@4d27d9d
[22:10:40] [Server thread/TRACE] [FML]:   Registry: 498 minecraft:entity.zombie_villager.death net.minecraft.util.SoundEvent@28f878a0
[22:10:40] [Server thread/TRACE] [FML]:   Registry: 499 minecraft:entity.zombie_villager.hurt net.minecraft.util.SoundEvent@20411320
[22:10:40] [Server thread/TRACE] [FML]:   Registry: 500 minecraft:entity.zombie_villager.step net.minecraft.util.SoundEvent@2b5183ec
[22:10:40] [Server thread/TRACE] [FML]:   Registry: 501 minecraft:item.armor.equip_chain net.minecraft.util.SoundEvent@3c782d8e
[22:10:40] [Server thread/TRACE] [FML]:   Registry: 502 minecraft:item.armor.equip_diamond net.minecraft.util.SoundEvent@572e6fd9
[22:10:40] [Server thread/TRACE] [FML]:   Registry: 503 minecraft:item.armor.equip_elytra net.minecraft.util.SoundEvent@7f5eae0f
[22:10:40] [Server thread/TRACE] [FML]:   Registry: 504 minecraft:item.armor.equip_generic net.minecraft.util.SoundEvent@58b71ceb
[22:10:40] [Server thread/TRACE] [FML]:   Registry: 505 minecraft:item.armor.equip_gold net.minecraft.util.SoundEvent@255e5e2e
[22:10:40] [Server thread/TRACE] [FML]:   Registry: 506 minecraft:item.armor.equip_iron net.minecraft.util.SoundEvent@12abdfb
[22:10:40] [Server thread/TRACE] [FML]:   Registry: 507 minecraft:item.armor.equip_leather net.minecraft.util.SoundEvent@b0e5507
[22:10:40] [Server thread/TRACE] [FML]:   Registry: 508 minecraft:item.bottle.empty net.minecraft.util.SoundEvent@6bbe50c9
[22:10:40] [Server thread/TRACE] [FML]:   Registry: 509 minecraft:item.bottle.fill net.minecraft.util.SoundEvent@3c46dcbe
[22:10:40] [Server thread/TRACE] [FML]:   Registry: 510 minecraft:item.bottle.fill_dragonbreath net.minecraft.util.SoundEvent@68577ba8
[22:10:40] [Server thread/TRACE] [FML]:   Registry: 511 minecraft:item.bucket.empty net.minecraft.util.SoundEvent@1108adc8
[22:10:40] [Server thread/TRACE] [FML]:   Registry: 512 minecraft:item.bucket.empty_lava net.minecraft.util.SoundEvent@8a98f38
[22:10:40] [Server thread/TRACE] [FML]:   Registry: 513 minecraft:item.bucket.fill net.minecraft.util.SoundEvent@20011bf
[22:10:40] [Server thread/TRACE] [FML]:   Registry: 514 minecraft:item.bucket.fill_lava net.minecraft.util.SoundEvent@51d9b06c
[22:10:40] [Server thread/TRACE] [FML]:   Registry: 515 minecraft:item.chorus_fruit.teleport net.minecraft.util.SoundEvent@5eb2172
[22:10:40] [Server thread/TRACE] [FML]:   Registry: 516 minecraft:item.elytra.flying net.minecraft.util.SoundEvent@41ffaeb8
[22:10:40] [Server thread/TRACE] [FML]:   Registry: 517 minecraft:item.firecharge.use net.minecraft.util.SoundEvent@43f0c2d1
[22:10:40] [Server thread/TRACE] [FML]:   Registry: 518 minecraft:item.flintandsteel.use net.minecraft.util.SoundEvent@5fb65013
[22:10:40] [Server thread/TRACE] [FML]:   Registry: 519 minecraft:item.hoe.till net.minecraft.util.SoundEvent@38a1a26
[22:10:40] [Server thread/TRACE] [FML]:   Registry: 520 minecraft:item.shield.block net.minecraft.util.SoundEvent@3fbcfe81
[22:10:40] [Server thread/TRACE] [FML]:   Registry: 521 minecraft:item.shield.break net.minecraft.util.SoundEvent@7a1f45ed
[22:10:40] [Server thread/TRACE] [FML]:   Registry: 522 minecraft:item.shovel.flatten net.minecraft.util.SoundEvent@1744a475
[22:10:40] [Server thread/TRACE] [FML]:   Registry: 523 minecraft:item.totem.use net.minecraft.util.SoundEvent@444cc791
[22:10:40] [Server thread/TRACE] [FML]:   Registry: 524 minecraft:music.creative net.minecraft.util.SoundEvent@1c5c616f
[22:10:40] [Server thread/TRACE] [FML]:   Registry: 525 minecraft:music.credits net.minecraft.util.SoundEvent@1c6c6f24
[22:10:40] [Server thread/TRACE] [FML]:   Registry: 526 minecraft:music.dragon net.minecraft.util.SoundEvent@2eb917d0
[22:10:40] [Server thread/TRACE] [FML]:   Registry: 527 minecraft:music.end net.minecraft.util.SoundEvent@c6b2dd9
[22:10:40] [Server thread/TRACE] [FML]:   Registry: 528 minecraft:music.game net.minecraft.util.SoundEvent@73437222
[22:10:40] [Server thread/TRACE] [FML]:   Registry: 529 minecraft:music.menu net.minecraft.util.SoundEvent@ca93621
[22:10:40] [Server thread/TRACE] [FML]:   Registry: 530 minecraft:music.nether net.minecraft.util.SoundEvent@6a48a7f3
[22:10:40] [Server thread/TRACE] [FML]:   Registry: 531 minecraft:record.11 net.minecraft.util.SoundEvent@3f985a86
[22:10:40] [Server thread/TRACE] [FML]:   Registry: 532 minecraft:record.13 net.minecraft.util.SoundEvent@57a2ed35
[22:10:40] [Server thread/TRACE] [FML]:   Registry: 533 minecraft:record.blocks net.minecraft.util.SoundEvent@12ffd1de
[22:10:40] [Server thread/TRACE] [FML]:   Registry: 534 minecraft:record.cat net.minecraft.util.SoundEvent@3d278b4d
[22:10:40] [Server thread/TRACE] [FML]:   Registry: 535 minecraft:record.chirp net.minecraft.util.SoundEvent@4096aa05
[22:10:40] [Server thread/TRACE] [FML]:   Registry: 536 minecraft:record.far net.minecraft.util.SoundEvent@9d3c67
[22:10:40] [Server thread/TRACE] [FML]:   Registry: 537 minecraft:record.mall net.minecraft.util.SoundEvent@6c806c8b
[22:10:40] [Server thread/TRACE] [FML]:   Registry: 538 minecraft:record.mellohi net.minecraft.util.SoundEvent@6dfcffb5
[22:10:40] [Server thread/TRACE] [FML]:   Registry: 539 minecraft:record.stal net.minecraft.util.SoundEvent@184fb68d
[22:10:40] [Server thread/TRACE] [FML]:   Registry: 540 minecraft:record.strad net.minecraft.util.SoundEvent@71d8cfe7
[22:10:40] [Server thread/TRACE] [FML]:   Registry: 541 minecraft:record.wait net.minecraft.util.SoundEvent@1e530163
[22:10:40] [Server thread/TRACE] [FML]:   Registry: 542 minecraft:record.ward net.minecraft.util.SoundEvent@14d8444b
[22:10:40] [Server thread/TRACE] [FML]:   Registry: 543 minecraft:ui.button.click net.minecraft.util.SoundEvent@71466383
[22:10:40] [Server thread/TRACE] [FML]:   Registry: 544 minecraft:ui.toast.in net.minecraft.util.SoundEvent@46d63dbb
[22:10:40] [Server thread/TRACE] [FML]:   Registry: 545 minecraft:ui.toast.out net.minecraft.util.SoundEvent@4088741b
[22:10:40] [Server thread/TRACE] [FML]:   Registry: 546 minecraft:ui.toast.challenge_complete net.minecraft.util.SoundEvent@16a49a5d
[22:10:40] [Server thread/TRACE] [FML]:   Registry: 547 minecraft:weather.rain net.minecraft.util.SoundEvent@54bca971
[22:10:40] [Server thread/TRACE] [FML]:   Registry: 548 minecraft:weather.rain.above net.minecraft.util.SoundEvent@23706db8
[22:10:40] [Server thread/TRACE] [FML]:   Registry: 549 battletowers:towerbreakstart net.minecraft.util.SoundEvent@413bfee9
[22:10:40] [Server thread/TRACE] [FML]:   Registry: 550 battletowers:towercrumble net.minecraft.util.SoundEvent@2f910cb3
[22:10:40] [Server thread/TRACE] [FML]:   Registry: 551 battletowers:golemawaken net.minecraft.util.SoundEvent@2e21bdff
[22:10:40] [Server thread/TRACE] [FML]:   Registry: 552 battletowers:golemspecial net.minecraft.util.SoundEvent@3196b3af
[22:10:40] [Server thread/TRACE] [FML]:   Registry: 553 battletowers:golemcharge net.minecraft.util.SoundEvent@2f44cfc2
[22:10:40] [Server thread/TRACE] [FML]:   Registry: 554 battletowers:golem net.minecraft.util.SoundEvent@817aa0d
[22:10:40] [Server thread/TRACE] [FML]:   Registry: 555 battletowers:golemhurt net.minecraft.util.SoundEvent@2b7a30b5
[22:10:40] [Server thread/TRACE] [FML]:   Registry: 556 battletowers:golemdeath net.minecraft.util.SoundEvent@2ff5f5be
[22:10:40] [Server thread/TRACE] [FML]:   Registry: 557 sexmod:misc.plob.plob0 net.minecraft.util.SoundEvent@2e9e2ed
[22:10:40] [Server thread/TRACE] [FML]:   Registry: 558 sexmod:misc.belljingle.belljingle0 net.minecraft.util.SoundEvent@2441321b
[22:10:40] [Server thread/TRACE] [FML]:   Registry: 559 sexmod:misc.bedrustle.bedrustle0 net.minecraft.util.SoundEvent@4584f5d3
[22:10:40] [Server thread/TRACE] [FML]:   Registry: 560 sexmod:misc.bedrustle.bedrustle1 net.minecraft.util.SoundEvent@19b5a8ab
[22:10:40] [Server thread/TRACE] [FML]:   Registry: 561 sexmod:misc.slap.slap0 net.minecraft.util.SoundEvent@5486cffa
[22:10:40] [Server thread/TRACE] [FML]:   Registry: 562 sexmod:misc.slap.slap1 net.minecraft.util.SoundEvent@79fafe9b
[22:10:40] [Server thread/TRACE] [FML]:   Registry: 563 sexmod:misc.touch.touch0 net.minecraft.util.SoundEvent@1b32a61a
[22:10:40] [Server thread/TRACE] [FML]:   Registry: 564 sexmod:misc.touch.touch1 net.minecraft.util.SoundEvent@2ff6a527
[22:10:40] [Server thread/TRACE] [FML]:   Registry: 565 sexmod:misc.pounding.pounding0 net.minecraft.util.SoundEvent@4d6d463c
[22:10:40] [Server thread/TRACE] [FML]:   Registry: 566 sexmod:misc.pounding.pounding1 net.minecraft.util.SoundEvent@634d672c
[22:10:40] [Server thread/TRACE] [FML]:   Registry: 567 sexmod:misc.pounding.pounding2 net.minecraft.util.SoundEvent@6dc11f29
[22:10:40] [Server thread/TRACE] [FML]:   Registry: 568 sexmod:misc.pounding.pounding3 net.minecraft.util.SoundEvent@7784402b
[22:10:40] [Server thread/TRACE] [FML]:   Registry: 569 sexmod:misc.pounding.pounding4 net.minecraft.util.SoundEvent@50ffb441
[22:10:40] [Server thread/TRACE] [FML]:   Registry: 570 sexmod:misc.pounding.pounding5 net.minecraft.util.SoundEvent@5883cd75
[22:10:40] [Server thread/TRACE] [FML]:   Registry: 571 sexmod:misc.pounding.pounding6 net.minecraft.util.SoundEvent@3d5ea91b
[22:10:40] [Server thread/TRACE] [FML]:   Registry: 572 sexmod:misc.pounding.pounding7 net.minecraft.util.SoundEvent@688e2383
[22:10:40] [Server thread/TRACE] [FML]:   Registry: 573 sexmod:misc.pounding.pounding8 net.minecraft.util.SoundEvent@457edf6f
[22:10:40] [Server thread/TRACE] [FML]:   Registry: 574 sexmod:misc.pounding.pounding9 net.minecraft.util.SoundEvent@3d05ad0
[22:10:40] [Server thread/TRACE] [FML]:   Registry: 575 sexmod:misc.pounding.pounding10 net.minecraft.util.SoundEvent@4b8e3dc0
[22:10:40] [Server thread/TRACE] [FML]:   Registry: 576 sexmod:misc.pounding.pounding11 net.minecraft.util.SoundEvent@52859d09
[22:10:40] [Server thread/TRACE] [FML]:   Registry: 577 sexmod:misc.pounding.pounding12 net.minecraft.util.SoundEvent@61b3a591
[22:10:40] [Server thread/TRACE] [FML]:   Registry: 578 sexmod:misc.pounding.pounding13 net.minecraft.util.SoundEvent@603475ad
[22:10:40] [Server thread/TRACE] [FML]:   Registry: 579 sexmod:misc.pounding.pounding14 net.minecraft.util.SoundEvent@5a6e3456
[22:10:40] [Server thread/TRACE] [FML]:   Registry: 580 sexmod:misc.pounding.pounding15 net.minecraft.util.SoundEvent@24fd97c7
[22:10:40] [Server thread/TRACE] [FML]:   Registry: 581 sexmod:misc.pounding.pounding16 net.minecraft.util.SoundEvent@589e21e4
[22:10:40] [Server thread/TRACE] [FML]:   Registry: 582 sexmod:misc.pounding.pounding17 net.minecraft.util.SoundEvent@1b44be47
[22:10:40] [Server thread/TRACE] [FML]:   Registry: 583 sexmod:misc.pounding.pounding18 net.minecraft.util.SoundEvent@3023e5fd
[22:10:40] [Server thread/TRACE] [FML]:   Registry: 584 sexmod:misc.pounding.pounding19 net.minecraft.util.SoundEvent@78a80f91
[22:10:40] [Server thread/TRACE] [FML]:   Registry: 585 sexmod:misc.pounding.pounding20 net.minecraft.util.SoundEvent@51108061
[22:10:40] [Server thread/TRACE] [FML]:   Registry: 586 sexmod:misc.pounding.pounding21 net.minecraft.util.SoundEvent@6f18aa82
[22:10:40] [Server thread/TRACE] [FML]:   Registry: 587 sexmod:misc.pounding.pounding22 net.minecraft.util.SoundEvent@403ba691
[22:10:40] [Server thread/TRACE] [FML]:   Registry: 588 sexmod:misc.pounding.pounding23 net.minecraft.util.SoundEvent@7857fd80
[22:10:40] [Server thread/TRACE] [FML]:   Registry: 589 sexmod:misc.pounding.pounding24 net.minecraft.util.SoundEvent@2d117963
[22:10:40] [Server thread/TRACE] [FML]:   Registry: 590 sexmod:misc.pounding.pounding25 net.minecraft.util.SoundEvent@7f79af9
[22:10:40] [Server thread/TRACE] [FML]:   Registry: 591 sexmod:misc.pounding.pounding26 net.minecraft.util.SoundEvent@1a65bbb8
[22:10:40] [Server thread/TRACE] [FML]:   Registry: 592 sexmod:misc.pounding.pounding27 net.minecraft.util.SoundEvent@5d99ee89
[22:10:40] [Server thread/TRACE] [FML]:   Registry: 593 sexmod:misc.pounding.pounding28 net.minecraft.util.SoundEvent@7b654e38
[22:10:40] [Server thread/TRACE] [FML]:   Registry: 594 sexmod:misc.pounding.pounding29 net.minecraft.util.SoundEvent@40fe23ff
[22:10:40] [Server thread/TRACE] [FML]:   Registry: 595 sexmod:misc.pounding.pounding30 net.minecraft.util.SoundEvent@77f1e823
[22:10:40] [Server thread/TRACE] [FML]:   Registry: 596 sexmod:misc.pounding.pounding31 net.minecraft.util.SoundEvent@650ebdf2
[22:10:40] [Server thread/TRACE] [FML]:   Registry: 597 sexmod:misc.pounding.pounding32 net.minecraft.util.SoundEvent@34cb3be5
[22:10:40] [Server thread/TRACE] [FML]:   Registry: 598 sexmod:misc.pounding.pounding33 net.minecraft.util.SoundEvent@59b0758
[22:10:40] [Server thread/TRACE] [FML]:   Registry: 599 sexmod:misc.pounding.pounding34 net.minecraft.util.SoundEvent@7d535738
[22:10:40] [Server thread/TRACE] [FML]:   Registry: 600 sexmod:misc.smallinserts.smallinserts0 net.minecraft.util.SoundEvent@6d22844d
[22:10:40] [Server thread/TRACE] [FML]:   Registry: 601 sexmod:misc.smallinserts.smallinserts1 net.minecraft.util.SoundEvent@5b8e1f
[22:10:40] [Server thread/TRACE] [FML]:   Registry: 602 sexmod:misc.smallinserts.smallinserts2 net.minecraft.util.SoundEvent@5da7e88b
[22:10:40] [Server thread/TRACE] [FML]:   Registry: 603 sexmod:misc.smallinserts.smallinserts3 net.minecraft.util.SoundEvent@3a2a9e90
[22:10:40] [Server thread/TRACE] [FML]:   Registry: 604 sexmod:misc.smallinserts.smallinserts4 net.minecraft.util.SoundEvent@43537574
[22:10:40] [Server thread/TRACE] [FML]:   Registry: 605 sexmod:misc.inserts.inserts0 net.minecraft.util.SoundEvent@1fa42077
[22:10:40] [Server thread/TRACE] [FML]:   Registry: 606 sexmod:misc.inserts.inserts1 net.minecraft.util.SoundEvent@7d2560b8
[22:10:40] [Server thread/TRACE] [FML]:   Registry: 607 sexmod:misc.inserts.inserts2 net.minecraft.util.SoundEvent@1395bf92
[22:10:40] [Server thread/TRACE] [FML]:   Registry: 608 sexmod:misc.inserts.inserts3 net.minecraft.util.SoundEvent@4bb58041
[22:10:40] [Server thread/TRACE] [FML]:   Registry: 609 sexmod:misc.inserts.inserts4 net.minecraft.util.SoundEvent@75acb6d8
[22:10:40] [Server thread/TRACE] [FML]:   Registry: 610 sexmod:misc.cuminflation.cuminflation0 net.minecraft.util.SoundEvent@235a2875
[22:10:40] [Server thread/TRACE] [FML]:   Registry: 611 sexmod:misc.scream.scream0 net.minecraft.util.SoundEvent@1d0d6aa3
[22:10:40] [Server thread/TRACE] [FML]:   Registry: 612 sexmod:misc.scream.scream1 net.minecraft.util.SoundEvent@7a5d56cb
[22:10:40] [Server thread/TRACE] [FML]:   Registry: 613 sexmod:misc.fart.fart0 net.minecraft.util.SoundEvent@6ad7252e
[22:10:40] [Server thread/TRACE] [FML]:   Registry: 614 sexmod:misc.fart.fart1 net.minecraft.util.SoundEvent@183cb181
[22:10:40] [Server thread/TRACE] [FML]:   Registry: 615 sexmod:misc.fart.fart2 net.minecraft.util.SoundEvent@6e128857
[22:10:40] [Server thread/TRACE] [FML]:   Registry: 616 sexmod:misc.jump.jump0 net.minecraft.util.SoundEvent@7ee97050
[22:10:40] [Server thread/TRACE] [FML]:   Registry: 617 sexmod:misc.eat.eat0 net.minecraft.util.SoundEvent@2dc4c4f6
[22:10:40] [Server thread/TRACE] [FML]:   Registry: 618 sexmod:misc.eat.eat1 net.minecraft.util.SoundEvent@5009c876
[22:10:40] [Server thread/TRACE] [FML]:   Registry: 619 sexmod:misc.eat.eat2 net.minecraft.util.SoundEvent@2a23a210
[22:10:40] [Server thread/TRACE] [FML]:   Registry: 620 sexmod:misc.slide.slide0 net.minecraft.util.SoundEvent@1ffd3cf4
[22:10:40] [Server thread/TRACE] [FML]:   Registry: 621 sexmod:misc.slide.slide1 net.minecraft.util.SoundEvent@1415b889
[22:10:40] [Server thread/TRACE] [FML]:   Registry: 622 sexmod:misc.slide.slide2 net.minecraft.util.SoundEvent@a419805
[22:10:40] [Server thread/TRACE] [FML]:   Registry: 623 sexmod:misc.slide.slide3 net.minecraft.util.SoundEvent@3d45987f
[22:10:40] [Server thread/TRACE] [FML]:   Registry: 624 sexmod:misc.slide.slide4 net.minecraft.util.SoundEvent@4b2909bf
[22:10:40] [Server thread/TRACE] [FML]:   Registry: 625 sexmod:misc.slide.slide5 net.minecraft.util.SoundEvent@72c131a3
[22:10:40] [Server thread/TRACE] [FML]:   Registry: 626 sexmod:misc.slide.slide6 net.minecraft.util.SoundEvent@74c61e4e
[22:10:40] [Server thread/TRACE] [FML]:   Registry: 627 sexmod:girls.jenny.aftersessionmoan.aftersessionmoan0 net.minecraft.util.SoundEvent@65d1f6c9
[22:10:40] [Server thread/TRACE] [FML]:   Registry: 628 sexmod:girls.jenny.aftersessionmoan.aftersessionmoan1 net.minecraft.util.SoundEvent@66367f3d
[22:10:40] [Server thread/TRACE] [FML]:   Registry: 629 sexmod:girls.jenny.aftersessionmoan.aftersessionmoan2 net.minecraft.util.SoundEvent@1d811671
[22:10:40] [Server thread/TRACE] [FML]:   Registry: 630 sexmod:girls.jenny.aftersessionmoan.aftersessionmoan3 net.minecraft.util.SoundEvent@59f15fe1
[22:10:40] [Server thread/TRACE] [FML]:   Registry: 631 sexmod:girls.jenny.aftersessionmoan.aftersessionmoan4 net.minecraft.util.SoundEvent@33fc9da8
[22:10:40] [Server thread/TRACE] [FML]:   Registry: 632 sexmod:girls.jenny.ahh.ahh0 net.minecraft.util.SoundEvent@66e6d37d
[22:10:40] [Server thread/TRACE] [FML]:   Registry: 633 sexmod:girls.jenny.ahh.ahh1 net.minecraft.util.SoundEvent@7341734e
[22:10:40] [Server thread/TRACE] [FML]:   Registry: 634 sexmod:girls.jenny.ahh.ahh2 net.minecraft.util.SoundEvent@201c3490
[22:10:40] [Server thread/TRACE] [FML]:   Registry: 635 sexmod:girls.jenny.ahh.ahh3 net.minecraft.util.SoundEvent@775aece6
[22:10:40] [Server thread/TRACE] [FML]:   Registry: 636 sexmod:girls.jenny.ahh.ahh4 net.minecraft.util.SoundEvent@2777b44b
[22:10:40] [Server thread/TRACE] [FML]:   Registry: 637 sexmod:girls.jenny.ahh.ahh5 net.minecraft.util.SoundEvent@5f5478e8
[22:10:40] [Server thread/TRACE] [FML]:   Registry: 638 sexmod:girls.jenny.ahh.ahh6 net.minecraft.util.SoundEvent@1ead7f26
[22:10:40] [Server thread/TRACE] [FML]:   Registry: 639 sexmod:girls.jenny.ahh.ahh7 net.minecraft.util.SoundEvent@3eb09dc9
[22:10:40] [Server thread/TRACE] [FML]:   Registry: 640 sexmod:girls.jenny.ahh.ahh8 net.minecraft.util.SoundEvent@247fa3b8
[22:10:40] [Server thread/TRACE] [FML]:   Registry: 641 sexmod:girls.jenny.ahh.ahh9 net.minecraft.util.SoundEvent@58100ce7
[22:10:40] [Server thread/TRACE] [FML]:   Registry: 642 sexmod:girls.jenny.bjmoan.bjmoan0 net.minecraft.util.SoundEvent@2d310c8c
[22:10:40] [Server thread/TRACE] [FML]:   Registry: 643 sexmod:girls.jenny.bjmoan.bjmoan1 net.minecraft.util.SoundEvent@17d59236
[22:10:40] [Server thread/TRACE] [FML]:   Registry: 644 sexmod:girls.jenny.bjmoan.bjmoan2 net.minecraft.util.SoundEvent@4e6e9117
[22:10:40] [Server thread/TRACE] [FML]:   Registry: 645 sexmod:girls.jenny.bjmoan.bjmoan3 net.minecraft.util.SoundEvent@1641cb09
[22:10:40] [Server thread/TRACE] [FML]:   Registry: 646 sexmod:girls.jenny.bjmoan.bjmoan4 net.minecraft.util.SoundEvent@3331e021
[22:10:40] [Server thread/TRACE] [FML]:   Registry: 647 sexmod:girls.jenny.bjmoan.bjmoan5 net.minecraft.util.SoundEvent@8ce9053
[22:10:40] [Server thread/TRACE] [FML]:   Registry: 648 sexmod:girls.jenny.bjmoan.bjmoan6 net.minecraft.util.SoundEvent@32925e74
[22:10:40] [Server thread/TRACE] [FML]:   Registry: 649 sexmod:girls.jenny.bjmoan.bjmoan7 net.minecraft.util.SoundEvent@2a13d2ac
[22:10:40] [Server thread/TRACE] [FML]:   Registry: 650 sexmod:girls.jenny.bjmoan.bjmoan8 net.minecraft.util.SoundEvent@161f0f27
[22:10:40] [Server thread/TRACE] [FML]:   Registry: 651 sexmod:girls.jenny.bjmoan.bjmoan9 net.minecraft.util.SoundEvent@6a2f49bf
[22:10:40] [Server thread/TRACE] [FML]:   Registry: 652 sexmod:girls.jenny.bjmoan.bjmoan10 net.minecraft.util.SoundEvent@4a6edb70
[22:10:40] [Server thread/TRACE] [FML]:   Registry: 653 sexmod:girls.jenny.bjmoan.bjmoan11 net.minecraft.util.SoundEvent@7e5ce623
[22:10:40] [Server thread/TRACE] [FML]:   Registry: 654 sexmod:girls.jenny.bjmoan.bjmoan12 net.minecraft.util.SoundEvent@10d4a8f8
[22:10:40] [Server thread/TRACE] [FML]:   Registry: 655 sexmod:girls.jenny.giggle.giggle0 net.minecraft.util.SoundEvent@a679ec
[22:10:40] [Server thread/TRACE] [FML]:   Registry: 656 sexmod:girls.jenny.giggle.giggle1 net.minecraft.util.SoundEvent@3c2f97d3
[22:10:40] [Server thread/TRACE] [FML]:   Registry: 657 sexmod:girls.jenny.giggle.giggle2 net.minecraft.util.SoundEvent@255b038b
[22:10:40] [Server thread/TRACE] [FML]:   Registry: 658 sexmod:girls.jenny.giggle.giggle3 net.minecraft.util.SoundEvent@107dfcb0
[22:10:40] [Server thread/TRACE] [FML]:   Registry: 659 sexmod:girls.jenny.giggle.giggle4 net.minecraft.util.SoundEvent@23279e4a
[22:10:40] [Server thread/TRACE] [FML]:   Registry: 660 sexmod:girls.jenny.happyoh.happyoh0 net.minecraft.util.SoundEvent@63f614f2
[22:10:40] [Server thread/TRACE] [FML]:   Registry: 661 sexmod:girls.jenny.happyoh.happyoh1 net.minecraft.util.SoundEvent@1e4c145c
[22:10:40] [Server thread/TRACE] [FML]:   Registry: 662 sexmod:girls.jenny.happyoh.happyoh2 net.minecraft.util.SoundEvent@61abf359
[22:10:40] [Server thread/TRACE] [FML]:   Registry: 663 sexmod:girls.jenny.heavybreathing.heavybreathing0 net.minecraft.util.SoundEvent@7ee1e4e8
[22:10:40] [Server thread/TRACE] [FML]:   Registry: 664 sexmod:girls.jenny.heavybreathing.heavybreathing1 net.minecraft.util.SoundEvent@2de32e42
[22:10:40] [Server thread/TRACE] [FML]:   Registry: 665 sexmod:girls.jenny.heavybreathing.heavybreathing2 net.minecraft.util.SoundEvent@53732156
[22:10:40] [Server thread/TRACE] [FML]:   Registry: 666 sexmod:girls.jenny.heavybreathing.heavybreathing3 net.minecraft.util.SoundEvent@6d7c315a
[22:10:40] [Server thread/TRACE] [FML]:   Registry: 667 sexmod:girls.jenny.heavybreathing.heavybreathing4 net.minecraft.util.SoundEvent@1c4b4eb9
[22:10:40] [Server thread/TRACE] [FML]:   Registry: 668 sexmod:girls.jenny.heavybreathing.heavybreathing5 net.minecraft.util.SoundEvent@286ee24c
[22:10:40] [Server thread/TRACE] [FML]:   Registry: 669 sexmod:girls.jenny.heavybreathing.heavybreathing6 net.minecraft.util.SoundEvent@625d1f86
[22:10:40] [Server thread/TRACE] [FML]:   Registry: 670 sexmod:girls.jenny.heavybreathing.heavybreathing7 net.minecraft.util.SoundEvent@6ea71476
[22:10:40] [Server thread/TRACE] [FML]:   Registry: 671 sexmod:girls.jenny.hmph.hmph0 net.minecraft.util.SoundEvent@28dfb19d
[22:10:40] [Server thread/TRACE] [FML]:   Registry: 672 sexmod:girls.jenny.hmph.hmph1 net.minecraft.util.SoundEvent@777c5a48
[22:10:40] [Server thread/TRACE] [FML]:   Registry: 673 sexmod:girls.jenny.hmph.hmph2 net.minecraft.util.SoundEvent@7dd7da0e
[22:10:40] [Server thread/TRACE] [FML]:   Registry: 674 sexmod:girls.jenny.hmph.hmph3 net.minecraft.util.SoundEvent@2b057566
[22:10:40] [Server thread/TRACE] [FML]:   Registry: 675 sexmod:girls.jenny.hmph.hmph4 net.minecraft.util.SoundEvent@7e036ac2
[22:10:40] [Server thread/TRACE] [FML]:   Registry: 676 sexmod:girls.jenny.huh.huh0 net.minecraft.util.SoundEvent@6b38c150
[22:10:40] [Server thread/TRACE] [FML]:   Registry: 677 sexmod:girls.jenny.huh.huh1 net.minecraft.util.SoundEvent@28fc6193
[22:10:40] [Server thread/TRACE] [FML]:   Registry: 678 sexmod:girls.jenny.lightbreathing.lightbreathing0 net.minecraft.util.SoundEvent@28d29faf
[22:10:40] [Server thread/TRACE] [FML]:   Registry: 679 sexmod:girls.jenny.lightbreathing.lightbreathing1 net.minecraft.util.SoundEvent@4d62b50d
[22:10:40] [Server thread/TRACE] [FML]:   Registry: 680 sexmod:girls.jenny.lightbreathing.lightbreathing2 net.minecraft.util.SoundEvent@60fddfb0
[22:10:40] [Server thread/TRACE] [FML]:   Registry: 681 sexmod:girls.jenny.lightbreathing.lightbreathing3 net.minecraft.util.SoundEvent@2b46dac5
[22:10:40] [Server thread/TRACE] [FML]:   Registry: 682 sexmod:girls.jenny.lightbreathing.lightbreathing4 net.minecraft.util.SoundEvent@17d517e5
[22:10:40] [Server thread/TRACE] [FML]:   Registry: 683 sexmod:girls.jenny.lightbreathing.lightbreathing5 net.minecraft.util.SoundEvent@4fc712cf
[22:10:40] [Server thread/TRACE] [FML]:   Registry: 684 sexmod:girls.jenny.lightbreathing.lightbreathing6 net.minecraft.util.SoundEvent@414944d8
[22:10:40] [Server thread/TRACE] [FML]:   Registry: 685 sexmod:girls.jenny.lightbreathing.lightbreathing7 net.minecraft.util.SoundEvent@5cc43ec6
[22:10:40] [Server thread/TRACE] [FML]:   Registry: 686 sexmod:girls.jenny.lightbreathing.lightbreathing8 net.minecraft.util.SoundEvent@63917084
[22:10:40] [Server thread/TRACE] [FML]:   Registry: 687 sexmod:girls.jenny.lightbreathing.lightbreathing9 net.minecraft.util.SoundEvent@14b75753
[22:10:40] [Server thread/TRACE] [FML]:   Registry: 688 sexmod:girls.jenny.lightbreathing.lightbreathing10 net.minecraft.util.SoundEvent@1f53ae99
[22:10:40] [Server thread/TRACE] [FML]:   Registry: 689 sexmod:girls.jenny.lightbreathing.lightbreathing11 net.minecraft.util.SoundEvent@629c91bb
[22:10:40] [Server thread/TRACE] [FML]:   Registry: 690 sexmod:girls.jenny.lipsound.lipsound0 net.minecraft.util.SoundEvent@ae1c83c
[22:10:40] [Server thread/TRACE] [FML]:   Registry: 691 sexmod:girls.jenny.lipsound.lipsound1 net.minecraft.util.SoundEvent@24c21bfc
[22:10:40] [Server thread/TRACE] [FML]:   Registry: 692 sexmod:girls.jenny.lipsound.lipsound2 net.minecraft.util.SoundEvent@26674e9b
[22:10:40] [Server thread/TRACE] [FML]:   Registry: 693 sexmod:girls.jenny.lipsound.lipsound3 net.minecraft.util.SoundEvent@207012a5
[22:10:40] [Server thread/TRACE] [FML]:   Registry: 694 sexmod:girls.jenny.lipsound.lipsound4 net.minecraft.util.SoundEvent@24549ebf
[22:10:40] [Server thread/TRACE] [FML]:   Registry: 695 sexmod:girls.jenny.lipsound.lipsound5 net.minecraft.util.SoundEvent@10fd6c32
[22:10:40] [Server thread/TRACE] [FML]:   Registry: 696 sexmod:girls.jenny.lipsound.lipsound6 net.minecraft.util.SoundEvent@cf2eb20
[22:10:40] [Server thread/TRACE] [FML]:   Registry: 697 sexmod:girls.jenny.lipsound.lipsound7 net.minecraft.util.SoundEvent@2cb73521
[22:10:40] [Server thread/TRACE] [FML]:   Registry: 698 sexmod:girls.jenny.lipsound.lipsound8 net.minecraft.util.SoundEvent@2c16e76e
[22:10:40] [Server thread/TRACE] [FML]:   Registry: 699 sexmod:girls.jenny.lipsound.lipsound9 net.minecraft.util.SoundEvent@57719222
[22:10:40] [Server thread/TRACE] [FML]:   Registry: 700 sexmod:girls.jenny.mmm.mmm0 net.minecraft.util.SoundEvent@4c41d807
[22:10:40] [Server thread/TRACE] [FML]:   Registry: 701 sexmod:girls.jenny.mmm.mmm1 net.minecraft.util.SoundEvent@594ae293
[22:10:40] [Server thread/TRACE] [FML]:   Registry: 702 sexmod:girls.jenny.mmm.mmm2 net.minecraft.util.SoundEvent@427c4343
[22:10:40] [Server thread/TRACE] [FML]:   Registry: 703 sexmod:girls.jenny.mmm.mmm3 net.minecraft.util.SoundEvent@194739ac
[22:10:40] [Server thread/TRACE] [FML]:   Registry: 704 sexmod:girls.jenny.mmm.mmm4 net.minecraft.util.SoundEvent@5b045b63
[22:10:40] [Server thread/TRACE] [FML]:   Registry: 705 sexmod:girls.jenny.mmm.mmm5 net.minecraft.util.SoundEvent@55d464ea
[22:10:40] [Server thread/TRACE] [FML]:   Registry: 706 sexmod:girls.jenny.mmm.mmm6 net.minecraft.util.SoundEvent@75925348
[22:10:40] [Server thread/TRACE] [FML]:   Registry: 707 sexmod:girls.jenny.mmm.mmm7 net.minecraft.util.SoundEvent@55388e0f
[22:10:40] [Server thread/TRACE] [FML]:   Registry: 708 sexmod:girls.jenny.mmm.mmm8 net.minecraft.util.SoundEvent@2c1e1888
[22:10:40] [Server thread/TRACE] [FML]:   Registry: 709 sexmod:girls.jenny.moan.moan0 net.minecraft.util.SoundEvent@5a1bcad5
[22:10:40] [Server thread/TRACE] [FML]:   Registry: 710 sexmod:girls.jenny.moan.moan1 net.minecraft.util.SoundEvent@3df4dacd
[22:10:40] [Server thread/TRACE] [FML]:   Registry: 711 sexmod:girls.jenny.moan.moan2 net.minecraft.util.SoundEvent@2c2d738a
[22:10:40] [Server thread/TRACE] [FML]:   Registry: 712 sexmod:girls.jenny.moan.moan3 net.minecraft.util.SoundEvent@70abf4df
[22:10:40] [Server thread/TRACE] [FML]:   Registry: 713 sexmod:girls.jenny.moan.moan4 net.minecraft.util.SoundEvent@7462d57d
[22:10:40] [Server thread/TRACE] [FML]:   Registry: 714 sexmod:girls.jenny.moan.moan5 net.minecraft.util.SoundEvent@6f5b5b8e
[22:10:40] [Server thread/TRACE] [FML]:   Registry: 715 sexmod:girls.jenny.moan.moan6 net.minecraft.util.SoundEvent@28add4cc
[22:10:40] [Server thread/TRACE] [FML]:   Registry: 716 sexmod:girls.jenny.moan.moan7 net.minecraft.util.SoundEvent@78fc00a
[22:10:40] [Server thread/TRACE] [FML]:   Registry: 717 sexmod:girls.jenny.sadoh.sadoh0 net.minecraft.util.SoundEvent@65a424bb
[22:10:40] [Server thread/TRACE] [FML]:   Registry: 718 sexmod:girls.jenny.sadoh.sadoh1 net.minecraft.util.SoundEvent@501684aa
[22:10:40] [Server thread/TRACE] [FML]:   Registry: 719 sexmod:girls.jenny.sigh.sigh0 net.minecraft.util.SoundEvent@16db31d0
[22:10:40] [Server thread/TRACE] [FML]:   Registry: 720 sexmod:girls.jenny.sigh.sigh1 net.minecraft.util.SoundEvent@6fad3c91
[22:10:40] [Server thread/TRACE] [FML]:   Registry: 721 sexmod:girls.ellie.aftersessionmoan.aftersessionmoan0 net.minecraft.util.SoundEvent@2b684c23
[22:10:40] [Server thread/TRACE] [FML]:   Registry: 722 sexmod:girls.ellie.aftersessionmoan.aftersessionmoan1 net.minecraft.util.SoundEvent@4fbfae30
[22:10:40] [Server thread/TRACE] [FML]:   Registry: 723 sexmod:girls.ellie.aftersessionmoan.aftersessionmoan2 net.minecraft.util.SoundEvent@a553a6
[22:10:40] [Server thread/TRACE] [FML]:   Registry: 724 sexmod:girls.ellie.aftersessionmoan.aftersessionmoan3 net.minecraft.util.SoundEvent@6eabe97
[22:10:40] [Server thread/TRACE] [FML]:   Registry: 725 sexmod:girls.ellie.aftersessionmoan.aftersessionmoan4 net.minecraft.util.SoundEvent@6f8af33d
[22:10:40] [Server thread/TRACE] [FML]:   Registry: 726 sexmod:girls.ellie.ahh.ahh0 net.minecraft.util.SoundEvent@5d760ed2
[22:10:40] [Server thread/TRACE] [FML]:   Registry: 727 sexmod:girls.ellie.ahh.ahh1 net.minecraft.util.SoundEvent@77e44eb9
[22:10:40] [Server thread/TRACE] [FML]:   Registry: 728 sexmod:girls.ellie.ahh.ahh2 net.minecraft.util.SoundEvent@242958d4
[22:10:40] [Server thread/TRACE] [FML]:   Registry: 729 sexmod:girls.ellie.ahh.ahh3 net.minecraft.util.SoundEvent@1c824477
[22:10:40] [Server thread/TRACE] [FML]:   Registry: 730 sexmod:girls.ellie.ahh.ahh4 net.minecraft.util.SoundEvent@71efd9ab
[22:10:40] [Server thread/TRACE] [FML]:   Registry: 731 sexmod:girls.ellie.ahh.ahh5 net.minecraft.util.SoundEvent@242bc0a9
[22:10:40] [Server thread/TRACE] [FML]:   Registry: 732 sexmod:girls.ellie.ahh.ahh6 net.minecraft.util.SoundEvent@4a2ad300
[22:10:40] [Server thread/TRACE] [FML]:   Registry: 733 sexmod:girls.ellie.ahh.ahh7 net.minecraft.util.SoundEvent@448597ce
[22:10:40] [Server thread/TRACE] [FML]:   Registry: 734 sexmod:girls.ellie.ahh.ahh8 net.minecraft.util.SoundEvent@4ba82c74
[22:10:40] [Server thread/TRACE] [FML]:   Registry: 735 sexmod:girls.ellie.ahh.ahh9 net.minecraft.util.SoundEvent@31fc9320
[22:10:40] [Server thread/TRACE] [FML]:   Registry: 736 sexmod:girls.ellie.bjmoan.bjmoan0 net.minecraft.util.SoundEvent@2dd2e4cc
[22:10:40] [Server thread/TRACE] [FML]:   Registry: 737 sexmod:girls.ellie.bjmoan.bjmoan1 net.minecraft.util.SoundEvent@45013d5f
[22:10:40] [Server thread/TRACE] [FML]:   Registry: 738 sexmod:girls.ellie.bjmoan.bjmoan2 net.minecraft.util.SoundEvent@4f406207
[22:10:40] [Server thread/TRACE] [FML]:   Registry: 739 sexmod:girls.ellie.bjmoan.bjmoan3 net.minecraft.util.SoundEvent@1a709d5c
[22:10:40] [Server thread/TRACE] [FML]:   Registry: 740 sexmod:girls.ellie.bjmoan.bjmoan4 net.minecraft.util.SoundEvent@203eee5a
[22:10:40] [Server thread/TRACE] [FML]:   Registry: 741 sexmod:girls.ellie.bjmoan.bjmoan5 net.minecraft.util.SoundEvent@6c19d4c7
[22:10:40] [Server thread/TRACE] [FML]:   Registry: 742 sexmod:girls.ellie.bjmoan.bjmoan6 net.minecraft.util.SoundEvent@2005d319
[22:10:40] [Server thread/TRACE] [FML]:   Registry: 743 sexmod:girls.ellie.bjmoan.bjmoan7 net.minecraft.util.SoundEvent@3e013038
[22:10:40] [Server thread/TRACE] [FML]:   Registry: 744 sexmod:girls.ellie.bjmoan.bjmoan8 net.minecraft.util.SoundEvent@691a559c
[22:10:40] [Server thread/TRACE] [FML]:   Registry: 745 sexmod:girls.ellie.bjmoan.bjmoan9 net.minecraft.util.SoundEvent@4b071b94
[22:10:40] [Server thread/TRACE] [FML]:   Registry: 746 sexmod:girls.ellie.bjmoan.bjmoan10 net.minecraft.util.SoundEvent@459494f6
[22:10:40] [Server thread/TRACE] [FML]:   Registry: 747 sexmod:girls.ellie.bjmoan.bjmoan11 net.minecraft.util.SoundEvent@72a3ec8c
[22:10:40] [Server thread/TRACE] [FML]:   Registry: 748 sexmod:girls.ellie.bjmoan.bjmoan12 net.minecraft.util.SoundEvent@492ef1f1
[22:10:40] [Server thread/TRACE] [FML]:   Registry: 749 sexmod:girls.ellie.giggle.giggle0 net.minecraft.util.SoundEvent@3a8688fb
[22:10:40] [Server thread/TRACE] [FML]:   Registry: 750 sexmod:girls.ellie.giggle.giggle1 net.minecraft.util.SoundEvent@5b548879
[22:10:40] [Server thread/TRACE] [FML]:   Registry: 751 sexmod:girls.ellie.giggle.giggle2 net.minecraft.util.SoundEvent@367ec813
[22:10:40] [Server thread/TRACE] [FML]:   Registry: 752 sexmod:girls.ellie.giggle.giggle3 net.minecraft.util.SoundEvent@8610654
[22:10:40] [Server thread/TRACE] [FML]:   Registry: 753 sexmod:girls.ellie.giggle.giggle4 net.minecraft.util.SoundEvent@62e96f3
[22:10:40] [Server thread/TRACE] [FML]:   Registry: 754 sexmod:girls.ellie.happyoh.happyoh0 net.minecraft.util.SoundEvent@79c6d10f
[22:10:40] [Server thread/TRACE] [FML]:   Registry: 755 sexmod:girls.ellie.happyoh.happyoh1 net.minecraft.util.SoundEvent@39b8b074
[22:10:40] [Server thread/TRACE] [FML]:   Registry: 756 sexmod:girls.ellie.happyoh.happyoh2 net.minecraft.util.SoundEvent@39eb42b1
[22:10:40] [Server thread/TRACE] [FML]:   Registry: 757 sexmod:girls.ellie.heavybreathing.heavybreathing0 net.minecraft.util.SoundEvent@4b80d271
[22:10:40] [Server thread/TRACE] [FML]:   Registry: 758 sexmod:girls.ellie.heavybreathing.heavybreathing1 net.minecraft.util.SoundEvent@4812ca7
[22:10:40] [Server thread/TRACE] [FML]:   Registry: 759 sexmod:girls.ellie.heavybreathing.heavybreathing2 net.minecraft.util.SoundEvent@78461753
[22:10:40] [Server thread/TRACE] [FML]:   Registry: 760 sexmod:girls.ellie.heavybreathing.heavybreathing3 net.minecraft.util.SoundEvent@1bdb2c20
[22:10:40] [Server thread/TRACE] [FML]:   Registry: 761 sexmod:girls.ellie.heavybreathing.heavybreathing4 net.minecraft.util.SoundEvent@56056670
[22:10:40] [Server thread/TRACE] [FML]:   Registry: 762 sexmod:girls.ellie.heavybreathing.heavybreathing5 net.minecraft.util.SoundEvent@5b6c8c03
[22:10:40] [Server thread/TRACE] [FML]:   Registry: 763 sexmod:girls.ellie.heavybreathing.heavybreathing6 net.minecraft.util.SoundEvent@13d8f4b2
[22:10:40] [Server thread/TRACE] [FML]:   Registry: 764 sexmod:girls.ellie.heavybreathing.heavybreathing7 net.minecraft.util.SoundEvent@51a060c5
[22:10:40] [Server thread/TRACE] [FML]:   Registry: 765 sexmod:girls.ellie.hmph.hmph0 net.minecraft.util.SoundEvent@2c6baa67
[22:10:40] [Server thread/TRACE] [FML]:   Registry: 766 sexmod:girls.ellie.hmph.hmph1 net.minecraft.util.SoundEvent@1358377d
[22:10:40] [Server thread/TRACE] [FML]:   Registry: 767 sexmod:girls.ellie.hmph.hmph2 net.minecraft.util.SoundEvent@47f12cc0
[22:10:40] [Server thread/TRACE] [FML]:   Registry: 768 sexmod:girls.ellie.hmph.hmph3 net.minecraft.util.SoundEvent@1585dab3
[22:10:40] [Server thread/TRACE] [FML]:   Registry: 769 sexmod:girls.ellie.huh.huh0 net.minecraft.util.SoundEvent@64cc72f6
[22:10:40] [Server thread/TRACE] [FML]:   Registry: 770 sexmod:girls.ellie.huh.huh1 net.minecraft.util.SoundEvent@36fd42cd
[22:10:40] [Server thread/TRACE] [FML]:   Registry: 771 sexmod:girls.ellie.lightbreathing.lightbreathing0 net.minecraft.util.SoundEvent@7824effe
[22:10:40] [Server thread/TRACE] [FML]:   Registry: 772 sexmod:girls.ellie.lightbreathing.lightbreathing1 net.minecraft.util.SoundEvent@434fe20b
[22:10:40] [Server thread/TRACE] [FML]:   Registry: 773 sexmod:girls.ellie.lightbreathing.lightbreathing2 net.minecraft.util.SoundEvent@44136356
[22:10:40] [Server thread/TRACE] [FML]:   Registry: 774 sexmod:girls.ellie.lightbreathing.lightbreathing3 net.minecraft.util.SoundEvent@18a4ba33
[22:10:40] [Server thread/TRACE] [FML]:   Registry: 775 sexmod:girls.ellie.lightbreathing.lightbreathing4 net.minecraft.util.SoundEvent@4720edc6
[22:10:40] [Server thread/TRACE] [FML]:   Registry: 776 sexmod:girls.ellie.lightbreathing.lightbreathing5 net.minecraft.util.SoundEvent@7bc30093
[22:10:40] [Server thread/TRACE] [FML]:   Registry: 777 sexmod:girls.ellie.lightbreathing.lightbreathing6 net.minecraft.util.SoundEvent@2495c56e
[22:10:40] [Server thread/TRACE] [FML]:   Registry: 778 sexmod:girls.ellie.lightbreathing.lightbreathing7 net.minecraft.util.SoundEvent@195d86ed
[22:10:40] [Server thread/TRACE] [FML]:   Registry: 779 sexmod:girls.ellie.lipsound.lipsound0 net.minecraft.util.SoundEvent@595316dd
[22:10:40] [Server thread/TRACE] [FML]:   Registry: 780 sexmod:girls.ellie.lipsound.lipsound1 net.minecraft.util.SoundEvent@3a7742fc
[22:10:40] [Server thread/TRACE] [FML]:   Registry: 781 sexmod:girls.ellie.lipsound.lipsound2 net.minecraft.util.SoundEvent@30c35e69
[22:10:40] [Server thread/TRACE] [FML]:   Registry: 782 sexmod:girls.ellie.lipsound.lipsound3 net.minecraft.util.SoundEvent@455ccc72
[22:10:40] [Server thread/TRACE] [FML]:   Registry: 783 sexmod:girls.ellie.lipsound.lipsound4 net.minecraft.util.SoundEvent@478dffa
[22:10:40] [Server thread/TRACE] [FML]:   Registry: 784 sexmod:girls.ellie.lipsound.lipsound5 net.minecraft.util.SoundEvent@4180d2b
[22:10:40] [Server thread/TRACE] [FML]:   Registry: 785 sexmod:girls.ellie.lipsound.lipsound6 net.minecraft.util.SoundEvent@2e823bd7
[22:10:40] [Server thread/TRACE] [FML]:   Registry: 786 sexmod:girls.ellie.lipsound.lipsound7 net.minecraft.util.SoundEvent@d1e5d29
[22:10:40] [Server thread/TRACE] [FML]:   Registry: 787 sexmod:girls.ellie.lipsound.lipsound8 net.minecraft.util.SoundEvent@4fdbc47f
[22:10:40] [Server thread/TRACE] [FML]:   Registry: 788 sexmod:girls.ellie.lipsound.lipsound9 net.minecraft.util.SoundEvent@beef9fa
[22:10:40] [Server thread/TRACE] [FML]:   Registry: 789 sexmod:girls.ellie.mmm.mmm0 net.minecraft.util.SoundEvent@348d37d3
[22:10:40] [Server thread/TRACE] [FML]:   Registry: 790 sexmod:girls.ellie.mmm.mmm1 net.minecraft.util.SoundEvent@4b05c37e
[22:10:40] [Server thread/TRACE] [FML]:   Registry: 791 sexmod:girls.ellie.mmm.mmm2 net.minecraft.util.SoundEvent@5aec1e5d
[22:10:40] [Server thread/TRACE] [FML]:   Registry: 792 sexmod:girls.ellie.mmm.mmm3 net.minecraft.util.SoundEvent@26310dd3
[22:10:40] [Server thread/TRACE] [FML]:   Registry: 793 sexmod:girls.ellie.mmm.mmm4 net.minecraft.util.SoundEvent@7bdf9569
[22:10:40] [Server thread/TRACE] [FML]:   Registry: 794 sexmod:girls.ellie.mmm.mmm5 net.minecraft.util.SoundEvent@1e24a75f
[22:10:40] [Server thread/TRACE] [FML]:   Registry: 795 sexmod:girls.ellie.mmm.mmm6 net.minecraft.util.SoundEvent@24804c30
[22:10:40] [Server thread/TRACE] [FML]:   Registry: 796 sexmod:girls.ellie.mmm.mmm7 net.minecraft.util.SoundEvent@a7192e6
[22:10:40] [Server thread/TRACE] [FML]:   Registry: 797 sexmod:girls.ellie.mmm.mmm8 net.minecraft.util.SoundEvent@d023a1c
[22:10:40] [Server thread/TRACE] [FML]:   Registry: 798 sexmod:girls.ellie.moan.moan0 net.minecraft.util.SoundEvent@36277abc
[22:10:40] [Server thread/TRACE] [FML]:   Registry: 799 sexmod:girls.ellie.moan.moan1 net.minecraft.util.SoundEvent@10605184
[22:10:40] [Server thread/TRACE] [FML]:   Registry: 800 sexmod:girls.ellie.moan.moan2 net.minecraft.util.SoundEvent@160007cc
[22:10:40] [Server thread/TRACE] [FML]:   Registry: 801 sexmod:girls.ellie.moan.moan3 net.minecraft.util.SoundEvent@ace0dca
[22:10:40] [Server thread/TRACE] [FML]:   Registry: 802 sexmod:girls.ellie.moan.moan4 net.minecraft.util.SoundEvent@73164b5
[22:10:40] [Server thread/TRACE] [FML]:   Registry: 803 sexmod:girls.ellie.moan.moan5 net.minecraft.util.SoundEvent@154ff9a6
[22:10:40] [Server thread/TRACE] [FML]:   Registry: 804 sexmod:girls.ellie.moan.moan6 net.minecraft.util.SoundEvent@367b2a4
[22:10:40] [Server thread/TRACE] [FML]:   Registry: 805 sexmod:girls.ellie.moan.moan7 net.minecraft.util.SoundEvent@79bd5f5f
[22:10:40] [Server thread/TRACE] [FML]:   Registry: 806 sexmod:girls.ellie.moan.moan8 net.minecraft.util.SoundEvent@75259811
[22:10:40] [Server thread/TRACE] [FML]:   Registry: 807 sexmod:girls.ellie.sadoh.sadoh0 net.minecraft.util.SoundEvent@1f4dddda
[22:10:40] [Server thread/TRACE] [FML]:   Registry: 808 sexmod:girls.ellie.sadoh.sadoh1 net.minecraft.util.SoundEvent@2101ae05
[22:10:40] [Server thread/TRACE] [FML]:   Registry: 809 sexmod:girls.ellie.sigh.sigh0 net.minecraft.util.SoundEvent@32554add
[22:10:40] [Server thread/TRACE] [FML]:   Registry: 810 sexmod:girls.ellie.sigh.sigh1 net.minecraft.util.SoundEvent@6be9b996
[22:10:40] [Server thread/TRACE] [FML]:   Registry: 811 sexmod:girls.ellie.cometomommy.cometomommy0 net.minecraft.util.SoundEvent@1abb1a3c
[22:10:40] [Server thread/TRACE] [FML]:   Registry: 812 sexmod:girls.ellie.cometomommy.cometomommy1 net.minecraft.util.SoundEvent@36e6fee8
[22:10:40] [Server thread/TRACE] [FML]:   Registry: 813 sexmod:girls.ellie.goodboy.goodboy0 net.minecraft.util.SoundEvent@2e7d494b
[22:10:40] [Server thread/TRACE] [FML]:   Registry: 814 sexmod:girls.ellie.goodboy.goodboy1 net.minecraft.util.SoundEvent@87e601b
[22:10:40] [Server thread/TRACE] [FML]:   Registry: 815 sexmod:girls.ellie.mommyhorny.mommyhorny0 net.minecraft.util.SoundEvent@4a56f1d2
[22:10:40] [Server thread/TRACE] [FML]:   Registry: 816 sexmod:girls.ellie.mommyhorny.mommyhorny1 net.minecraft.util.SoundEvent@4bc657ce
[22:10:40] [Server thread/TRACE] [FML]:   Registry: 817 sexmod:girls.bia.ahh.ahh0 net.minecraft.util.SoundEvent@f3568ec
[22:10:40] [Server thread/TRACE] [FML]:   Registry: 818 sexmod:girls.bia.ahh.ahh1 net.minecraft.util.SoundEvent@74b0afa9
[22:10:40] [Server thread/TRACE] [FML]:   Registry: 819 sexmod:girls.bia.ahh.ahh2 net.minecraft.util.SoundEvent@995088c
[22:10:40] [Server thread/TRACE] [FML]:   Registry: 820 sexmod:girls.bia.ahh.ahh3 net.minecraft.util.SoundEvent@70145657
[22:10:40] [Server thread/TRACE] [FML]:   Registry: 821 sexmod:girls.bia.ahh.ahh4 net.minecraft.util.SoundEvent@54c232b1
[22:10:40] [Server thread/TRACE] [FML]:   Registry: 822 sexmod:girls.bia.ahh.ahh5 net.minecraft.util.SoundEvent@257e1267
[22:10:40] [Server thread/TRACE] [FML]:   Registry: 823 sexmod:girls.bia.ahh.ahh6 net.minecraft.util.SoundEvent@40eaf2c
[22:10:40] [Server thread/TRACE] [FML]:   Registry: 824 sexmod:girls.bia.ahh.ahh7 net.minecraft.util.SoundEvent@56faf714
[22:10:40] [Server thread/TRACE] [FML]:   Registry: 825 sexmod:girls.bia.bjmoan.bjmoan0 net.minecraft.util.SoundEvent@13e800c0
[22:10:40] [Server thread/TRACE] [FML]:   Registry: 826 sexmod:girls.bia.bjmoan.bjmoan1 net.minecraft.util.SoundEvent@46d0d5f0
[22:10:40] [Server thread/TRACE] [FML]:   Registry: 827 sexmod:girls.bia.bjmoan.bjmoan2 net.minecraft.util.SoundEvent@375665c9
[22:10:40] [Server thread/TRACE] [FML]:   Registry: 828 sexmod:girls.bia.bjmoan.bjmoan3 net.minecraft.util.SoundEvent@36156660
[22:10:40] [Server thread/TRACE] [FML]:   Registry: 829 sexmod:girls.bia.bjmoan.bjmoan4 net.minecraft.util.SoundEvent@65289e62
[22:10:40] [Server thread/TRACE] [FML]:   Registry: 830 sexmod:girls.bia.breath.breath0 net.minecraft.util.SoundEvent@2597b862
[22:10:40] [Server thread/TRACE] [FML]:   Registry: 831 sexmod:girls.bia.breath.breath1 net.minecraft.util.SoundEvent@21ebf934
[22:10:40] [Server thread/TRACE] [FML]:   Registry: 832 sexmod:girls.bia.breath.breath2 net.minecraft.util.SoundEvent@3cd0ad0f
[22:10:40] [Server thread/TRACE] [FML]:   Registry: 833 sexmod:girls.bia.breath.breath3 net.minecraft.util.SoundEvent@1d2aef79
[22:10:40] [Server thread/TRACE] [FML]:   Registry: 834 sexmod:girls.bia.giggle.giggle0 net.minecraft.util.SoundEvent@5660016
[22:10:40] [Server thread/TRACE] [FML]:   Registry: 835 sexmod:girls.bia.giggle.giggle1 net.minecraft.util.SoundEvent@7bba6bd7
[22:10:40] [Server thread/TRACE] [FML]:   Registry: 836 sexmod:girls.bia.giggle.giggle2 net.minecraft.util.SoundEvent@423b097a
[22:10:40] [Server thread/TRACE] [FML]:   Registry: 837 sexmod:girls.bia.hey.hey0 net.minecraft.util.SoundEvent@8a07763
[22:10:40] [Server thread/TRACE] [FML]:   Registry: 838 sexmod:girls.bia.hey.hey1 net.minecraft.util.SoundEvent@3d73b0d1
[22:10:40] [Server thread/TRACE] [FML]:   Registry: 839 sexmod:girls.bia.hey.hey2 net.minecraft.util.SoundEvent@153f807b
[22:10:40] [Server thread/TRACE] [FML]:   Registry: 840 sexmod:girls.bia.hey.hey3 net.minecraft.util.SoundEvent@fd53b7f
[22:10:40] [Server thread/TRACE] [FML]:   Registry: 841 sexmod:girls.bia.huh.huh0 net.minecraft.util.SoundEvent@4454e89
[22:10:40] [Server thread/TRACE] [FML]:   Registry: 842 sexmod:girls.bia.huh.huh1 net.minecraft.util.SoundEvent@241093e8
[22:10:40] [Server thread/TRACE] [FML]:   Registry: 843 sexmod:girls.bia.huh.huh2 net.minecraft.util.SoundEvent@4d45f349
[22:10:40] [Server thread/TRACE] [FML]:   Registry: 844 sexmod:girls.bia.mmm.mmm0 net.minecraft.util.SoundEvent@6bed375d
[22:10:40] [Server thread/TRACE] [FML]:   Registry: 845 sexmod:girls.bia.mmm.mmm1 net.minecraft.util.SoundEvent@45721daf
[22:10:40] [Server thread/TRACE] [FML]:   Registry: 846 sexmod:girls.bia.mmm.mmm2 net.minecraft.util.SoundEvent@655d493a
[22:10:40] [Server thread/TRACE] [FML]:   Registry: 847 sexmod:girls.bia.mmm.mmm3 net.minecraft.util.SoundEvent@7e03163
[22:10:40] [Server thread/TRACE] [FML]:   Registry: 848 sexmod:girls.bia.mmm.mmm4 net.minecraft.util.SoundEvent@535a91d
[22:10:40] [Server thread/TRACE] [FML]:   Registry: 849 sexmod:girls.bia.mmm.mmm5 net.minecraft.util.SoundEvent@507f5371
[22:10:40] [Server thread/TRACE] [FML]:   Registry: 850 sexmod:girls.bia.mmm.mmm6 net.minecraft.util.SoundEvent@5f64c4dd
[22:10:40] [Server thread/TRACE] [FML]:   Registry: 851 sexmod:girls.bia.mmm.mmm7 net.minecraft.util.SoundEvent@59899d7b
[22:10:40] [Server thread/TRACE] [FML]:   Registry: 852 sexmod:girls.luna.ahh.ahh0 net.minecraft.util.SoundEvent@715caa16
[22:10:40] [Server thread/TRACE] [FML]:   Registry: 853 sexmod:girls.luna.ahh.ahh1 net.minecraft.util.SoundEvent@5b928b97
[22:10:40] [Server thread/TRACE] [FML]:   Registry: 854 sexmod:girls.luna.ahh.ahh2 net.minecraft.util.SoundEvent@2229fe14
[22:10:40] [Server thread/TRACE] [FML]:   Registry: 855 sexmod:girls.luna.ahh.ahh3 net.minecraft.util.SoundEvent@375edd6f
[22:10:40] [Server thread/TRACE] [FML]:   Registry: 856 sexmod:girls.luna.ahh.ahh4 net.minecraft.util.SoundEvent@2346cd88
[22:10:40] [Server thread/TRACE] [FML]:   Registry: 857 sexmod:girls.luna.ahh.ahh5 net.minecraft.util.SoundEvent@6cc73444
[22:10:40] [Server thread/TRACE] [FML]:   Registry: 858 sexmod:girls.luna.ahh.ahh6 net.minecraft.util.SoundEvent@173be96
[22:10:40] [Server thread/TRACE] [FML]:   Registry: 859 sexmod:girls.luna.ahh.ahh7 net.minecraft.util.SoundEvent@4007ae72
[22:10:40] [Server thread/TRACE] [FML]:   Registry: 860 sexmod:girls.luna.ahh.ahh8 net.minecraft.util.SoundEvent@55381177
[22:10:40] [Server thread/TRACE] [FML]:   Registry: 861 sexmod:girls.luna.ahh.ahh9 net.minecraft.util.SoundEvent@87a80
[22:10:40] [Server thread/TRACE] [FML]:   Registry: 862 sexmod:girls.luna.ahh.ahh10 net.minecraft.util.SoundEvent@1c13e319
[22:10:40] [Server thread/TRACE] [FML]:   Registry: 863 sexmod:girls.luna.ahh.ahh11 net.minecraft.util.SoundEvent@619aaad7
[22:10:40] [Server thread/TRACE] [FML]:   Registry: 864 sexmod:girls.luna.ahh.ahh12 net.minecraft.util.SoundEvent@743cac3a
[22:10:40] [Server thread/TRACE] [FML]:   Registry: 865 sexmod:girls.luna.ahh.ahh13 net.minecraft.util.SoundEvent@37231447
[22:10:40] [Server thread/TRACE] [FML]:   Registry: 866 sexmod:girls.luna.ahh.ahh14 net.minecraft.util.SoundEvent@34ab3291
[22:10:40] [Server thread/TRACE] [FML]:   Registry: 867 sexmod:girls.luna.ahh.ahh15 net.minecraft.util.SoundEvent@53fac1
[22:10:40] [Server thread/TRACE] [FML]:   Registry: 868 sexmod:girls.luna.ahh.ahh16 net.minecraft.util.SoundEvent@111fcb8d
[22:10:40] [Server thread/TRACE] [FML]:   Registry: 869 sexmod:girls.luna.ahh.ahh17 net.minecraft.util.SoundEvent@3eb174c5
[22:10:40] [Server thread/TRACE] [FML]:   Registry: 870 sexmod:girls.luna.cutenya.cutenya0 net.minecraft.util.SoundEvent@5363e638
[22:10:40] [Server thread/TRACE] [FML]:   Registry: 871 sexmod:girls.luna.cutenya.cutenya1 net.minecraft.util.SoundEvent@4cf99b67
[22:10:40] [Server thread/TRACE] [FML]:   Registry: 872 sexmod:girls.luna.cutenya.cutenya2 net.minecraft.util.SoundEvent@23d572d6
[22:10:40] [Server thread/TRACE] [FML]:   Registry: 873 sexmod:girls.luna.cutenya.cutenya3 net.minecraft.util.SoundEvent@16f73d35
[22:10:40] [Server thread/TRACE] [FML]:   Registry: 874 sexmod:girls.luna.cutenya.cutenya4 net.minecraft.util.SoundEvent@5ae94bf5
[22:10:40] [Server thread/TRACE] [FML]:   Registry: 875 sexmod:girls.luna.cutenya.cutenya5 net.minecraft.util.SoundEvent@5a4bc16c
[22:10:40] [Server thread/TRACE] [FML]:   Registry: 876 sexmod:girls.luna.cutenya.cutenya6 net.minecraft.util.SoundEvent@52805b31
[22:10:40] [Server thread/TRACE] [FML]:   Registry: 877 sexmod:girls.luna.cutenya.cutenya7 net.minecraft.util.SoundEvent@7d31dac1
[22:10:40] [Server thread/TRACE] [FML]:   Registry: 878 sexmod:girls.luna.cutenya.cutenya8 net.minecraft.util.SoundEvent@6d979071
[22:10:40] [Server thread/TRACE] [FML]:   Registry: 879 sexmod:girls.luna.cutenya.cutenya9 net.minecraft.util.SoundEvent@69536c0e
[22:10:40] [Server thread/TRACE] [FML]:   Registry: 880 sexmod:girls.luna.cutenya.cutenya10 net.minecraft.util.SoundEvent@395aebc6
[22:10:40] [Server thread/TRACE] [FML]:   Registry: 881 sexmod:girls.luna.cutenya.cutenya11 net.minecraft.util.SoundEvent@4aced9fe
[22:10:40] [Server thread/TRACE] [FML]:   Registry: 882 sexmod:girls.luna.happyoh.happyoh0 net.minecraft.util.SoundEvent@1b8bdcce
[22:10:40] [Server thread/TRACE] [FML]:   Registry: 883 sexmod:girls.luna.happyoh.happyoh1 net.minecraft.util.SoundEvent@694af0ad
[22:10:40] [Server thread/TRACE] [FML]:   Registry: 884 sexmod:girls.luna.happyoh.happyoh2 net.minecraft.util.SoundEvent@7a03299
[22:10:40] [Server thread/TRACE] [FML]:   Registry: 885 sexmod:girls.luna.happyoh.happyoh3 net.minecraft.util.SoundEvent@3b9d1aba
[22:10:40] [Server thread/TRACE] [FML]:   Registry: 886 sexmod:girls.luna.happyoh.happyoh4 net.minecraft.util.SoundEvent@7eb5dcab
[22:10:40] [Server thread/TRACE] [FML]:   Registry: 887 sexmod:girls.luna.happyoh.happyoh5 net.minecraft.util.SoundEvent@40c48448
[22:10:40] [Server thread/TRACE] [FML]:   Registry: 888 sexmod:girls.luna.happyoh.happyoh6 net.minecraft.util.SoundEvent@46f65233
[22:10:40] [Server thread/TRACE] [FML]:   Registry: 889 sexmod:girls.luna.happyoh.happyoh7 net.minecraft.util.SoundEvent@156dc89d
[22:10:40] [Server thread/TRACE] [FML]:   Registry: 890 sexmod:girls.luna.hmph.hmph0 net.minecraft.util.SoundEvent@45ed1e1f
[22:10:40] [Server thread/TRACE] [FML]:   Registry: 891 sexmod:girls.luna.hmph.hmph1 net.minecraft.util.SoundEvent@21ef242e
[22:10:40] [Server thread/TRACE] [FML]:   Registry: 892 sexmod:girls.luna.hmph.hmph2 net.minecraft.util.SoundEvent@55fc8dea
[22:10:40] [Server thread/TRACE] [FML]:   Registry: 893 sexmod:girls.luna.hmph.hmph3 net.minecraft.util.SoundEvent@2eae8ee8
[22:10:40] [Server thread/TRACE] [FML]:   Registry: 894 sexmod:girls.luna.hmph.hmph4 net.minecraft.util.SoundEvent@31e70c4
[22:10:40] [Server thread/TRACE] [FML]:   Registry: 895 sexmod:girls.luna.hmph.hmph5 net.minecraft.util.SoundEvent@5b88fadd
[22:10:40] [Server thread/TRACE] [FML]:   Registry: 896 sexmod:girls.luna.horninya.horninya0 net.minecraft.util.SoundEvent@6aaaaf9b
[22:10:40] [Server thread/TRACE] [FML]:   Registry: 897 sexmod:girls.luna.horninya.horninya1 net.minecraft.util.SoundEvent@3029b5e8
[22:10:40] [Server thread/TRACE] [FML]:   Registry: 898 sexmod:girls.luna.horninya.horninya2 net.minecraft.util.SoundEvent@40c17b79
[22:10:40] [Server thread/TRACE] [FML]:   Registry: 899 sexmod:girls.luna.horninya.horninya3 net.minecraft.util.SoundEvent@5c033fae
[22:10:40] [Server thread/TRACE] [FML]:   Registry: 900 sexmod:girls.luna.horninya.horninya4 net.minecraft.util.SoundEvent@63ea85c2
[22:10:40] [Server thread/TRACE] [FML]:   Registry: 901 sexmod:girls.luna.horninya.horninya5 net.minecraft.util.SoundEvent@1e11eaa2
[22:10:40] [Server thread/TRACE] [FML]:   Registry: 902 sexmod:girls.luna.horninya.horninya6 net.minecraft.util.SoundEvent@554050aa
[22:10:40] [Server thread/TRACE] [FML]:   Registry: 903 sexmod:girls.luna.horninya.horninya7 net.minecraft.util.SoundEvent@107bfbe3
[22:10:40] [Server thread/TRACE] [FML]:   Registry: 904 sexmod:girls.luna.horninya.horninya8 net.minecraft.util.SoundEvent@2708a8bb
[22:10:40] [Server thread/TRACE] [FML]:   Registry: 905 sexmod:girls.luna.horninya.horninya9 net.minecraft.util.SoundEvent@365d0202
[22:10:40] [Server thread/TRACE] [FML]:   Registry: 906 sexmod:girls.luna.huh.huh0 net.minecraft.util.SoundEvent@614fd163
[22:10:40] [Server thread/TRACE] [FML]:   Registry: 907 sexmod:girls.luna.huh.huh1 net.minecraft.util.SoundEvent@2e249a4a
[22:10:40] [Server thread/TRACE] [FML]:   Registry: 908 sexmod:girls.luna.huh.huh2 net.minecraft.util.SoundEvent@4c8bb245
[22:10:40] [Server thread/TRACE] [FML]:   Registry: 909 sexmod:girls.luna.huh.huh3 net.minecraft.util.SoundEvent@1298e4c4
[22:10:40] [Server thread/TRACE] [FML]:   Registry: 910 sexmod:girls.luna.huh.huh4 net.minecraft.util.SoundEvent@d43eb3d
[22:10:40] [Server thread/TRACE] [FML]:   Registry: 911 sexmod:girls.luna.lightbreathing.lightbreathing0 net.minecraft.util.SoundEvent@73fd615
[22:10:40] [Server thread/TRACE] [FML]:   Registry: 912 sexmod:girls.luna.lightbreathing.lightbreathing1 net.minecraft.util.SoundEvent@1637452d
[22:10:40] [Server thread/TRACE] [FML]:   Registry: 913 sexmod:girls.luna.lightbreathing.lightbreathing2 net.minecraft.util.SoundEvent@435c2deb
[22:10:40] [Server thread/TRACE] [FML]:   Registry: 914 sexmod:girls.luna.lightbreathing.lightbreathing3 net.minecraft.util.SoundEvent@51543cbe
[22:10:40] [Server thread/TRACE] [FML]:   Registry: 915 sexmod:girls.luna.lightbreathing.lightbreathing4 net.minecraft.util.SoundEvent@28a2c7ff
[22:10:40] [Server thread/TRACE] [FML]:   Registry: 916 sexmod:girls.luna.lightbreathing.lightbreathing5 net.minecraft.util.SoundEvent@490f1eb
[22:10:40] [Server thread/TRACE] [FML]:   Registry: 917 sexmod:girls.luna.lightbreathing.lightbreathing6 net.minecraft.util.SoundEvent@2601b7e7
[22:10:40] [Server thread/TRACE] [FML]:   Registry: 918 sexmod:girls.luna.lightbreathing.lightbreathing7 net.minecraft.util.SoundEvent@5640de55
[22:10:40] [Server thread/TRACE] [FML]:   Registry: 919 sexmod:girls.luna.lightbreathing.lightbreathing8 net.minecraft.util.SoundEvent@68e3765d
[22:10:40] [Server thread/TRACE] [FML]:   Registry: 920 sexmod:girls.luna.lightbreathing.lightbreathing9 net.minecraft.util.SoundEvent@6b7fcd03
[22:10:40] [Server thread/TRACE] [FML]:   Registry: 921 sexmod:girls.luna.lightbreathing.lightbreathing10 net.minecraft.util.SoundEvent@406ae104
[22:10:40] [Server thread/TRACE] [FML]:   Registry: 922 sexmod:girls.luna.lightbreathing.lightbreathing11 net.minecraft.util.SoundEvent@10882d2a
[22:10:40] [Server thread/TRACE] [FML]:   Registry: 923 sexmod:girls.luna.lightbreathing.lightbreathing12 net.minecraft.util.SoundEvent@63aae0f8
[22:10:40] [Server thread/TRACE] [FML]:   Registry: 924 sexmod:girls.luna.lightbreathing.lightbreathing13 net.minecraft.util.SoundEvent@76a82e5b
[22:10:40] [Server thread/TRACE] [FML]:   Registry: 925 sexmod:girls.luna.lightbreathing.lightbreathing14 net.minecraft.util.SoundEvent@61dd834b
[22:10:40] [Server thread/TRACE] [FML]:   Registry: 926 sexmod:girls.luna.lightbreathing.lightbreathing15 net.minecraft.util.SoundEvent@306d1327
[22:10:40] [Server thread/TRACE] [FML]:   Registry: 927 sexmod:girls.luna.lightbreathing.lightbreathing16 net.minecraft.util.SoundEvent@4f498f2
[22:10:40] [Server thread/TRACE] [FML]:   Registry: 928 sexmod:girls.luna.lightbreathing.lightbreathing17 net.minecraft.util.SoundEvent@3319b4c1
[22:10:40] [Server thread/TRACE] [FML]:   Registry: 929 sexmod:girls.luna.lightbreathing.lightbreathing18 net.minecraft.util.SoundEvent@3e53ae32
[22:10:40] [Server thread/TRACE] [FML]:   Registry: 930 sexmod:girls.luna.lightbreathing.lightbreathing19 net.minecraft.util.SoundEvent@66ff66f4
[22:10:40] [Server thread/TRACE] [FML]:   Registry: 931 sexmod:girls.luna.lightbreathing.lightbreathing20 net.minecraft.util.SoundEvent@466c41d1
[22:10:40] [Server thread/TRACE] [FML]:   Registry: 932 sexmod:girls.luna.lightbreathing.lightbreathing21 net.minecraft.util.SoundEvent@382d4a61
[22:10:40] [Server thread/TRACE] [FML]:   Registry: 933 sexmod:girls.luna.lightbreathing.lightbreathing22 net.minecraft.util.SoundEvent@1b2c4168
[22:10:40] [Server thread/TRACE] [FML]:   Registry: 934 sexmod:girls.luna.lightbreathing.lightbreathing23 net.minecraft.util.SoundEvent@6f95c3f
[22:10:40] [Server thread/TRACE] [FML]:   Registry: 935 sexmod:girls.luna.lightbreathing.lightbreathing24 net.minecraft.util.SoundEvent@22bfe7f8
[22:10:40] [Server thread/TRACE] [FML]:   Registry: 936 sexmod:girls.luna.mmm.mmm0 net.minecraft.util.SoundEvent@7013cf8c
[22:10:40] [Server thread/TRACE] [FML]:   Registry: 937 sexmod:girls.luna.mmm.mmm1 net.minecraft.util.SoundEvent@9cde7e7
[22:10:40] [Server thread/TRACE] [FML]:   Registry: 938 sexmod:girls.luna.mmm.mmm2 net.minecraft.util.SoundEvent@45994a45
[22:10:40] [Server thread/TRACE] [FML]:   Registry: 939 sexmod:girls.luna.mmm.mmm3 net.minecraft.util.SoundEvent@1844f529
[22:10:40] [Server thread/TRACE] [FML]:   Registry: 940 sexmod:girls.luna.mmm.mmm4 net.minecraft.util.SoundEvent@76c52602
[22:10:40] [Server thread/TRACE] [FML]:   Registry: 941 sexmod:girls.luna.mmm.mmm5 net.minecraft.util.SoundEvent@10d105e2
[22:10:40] [Server thread/TRACE] [FML]:   Registry: 942 sexmod:girls.luna.mmm.mmm6 net.minecraft.util.SoundEvent@1f15bedf
[22:10:40] [Server thread/TRACE] [FML]:   Registry: 943 sexmod:girls.luna.mmm.mmm7 net.minecraft.util.SoundEvent@2047fda9
[22:10:40] [Server thread/TRACE] [FML]:   Registry: 944 sexmod:girls.luna.moan.moan0 net.minecraft.util.SoundEvent@7fed3a95
[22:10:40] [Server thread/TRACE] [FML]:   Registry: 945 sexmod:girls.luna.moan.moan1 net.minecraft.util.SoundEvent@670bde9f
[22:10:40] [Server thread/TRACE] [FML]:   Registry: 946 sexmod:girls.luna.moan.moan2 net.minecraft.util.SoundEvent@55da77e7
[22:10:40] [Server thread/TRACE] [FML]:   Registry: 947 sexmod:girls.luna.moan.moan3 net.minecraft.util.SoundEvent@4a6f6240
[22:10:40] [Server thread/TRACE] [FML]:   Registry: 948 sexmod:girls.luna.moan.moan4 net.minecraft.util.SoundEvent@5c40c00a
[22:10:40] [Server thread/TRACE] [FML]:   Registry: 949 sexmod:girls.luna.moan.moan5 net.minecraft.util.SoundEvent@6586123b
[22:10:40] [Server thread/TRACE] [FML]:   Registry: 950 sexmod:girls.luna.moan.moan6 net.minecraft.util.SoundEvent@63653423
[22:10:40] [Server thread/TRACE] [FML]:   Registry: 951 sexmod:girls.luna.moan.moan7 net.minecraft.util.SoundEvent@5229376d
[22:10:40] [Server thread/TRACE] [FML]:   Registry: 952 sexmod:girls.luna.moan.moan8 net.minecraft.util.SoundEvent@833fdb2
[22:10:40] [Server thread/TRACE] [FML]:   Registry: 953 sexmod:girls.luna.moan.moan9 net.minecraft.util.SoundEvent@5d713145
[22:10:40] [Server thread/TRACE] [FML]:   Registry: 954 sexmod:girls.luna.sadoh.sadoh0 net.minecraft.util.SoundEvent@177fc2e4
[22:10:40] [Server thread/TRACE] [FML]:   Registry: 955 sexmod:girls.luna.sadoh.sadoh1 net.minecraft.util.SoundEvent@c760d39
[22:10:40] [Server thread/TRACE] [FML]:   Registry: 956 sexmod:girls.luna.sadoh.sadoh2 net.minecraft.util.SoundEvent@1bbfaf68
[22:10:40] [Server thread/TRACE] [FML]:   Registry: 957 sexmod:girls.luna.sadoh.sadoh3 net.minecraft.util.SoundEvent@4f105e43
[22:10:40] [Server thread/TRACE] [FML]:   Registry: 958 sexmod:girls.luna.sadoh.sadoh4 net.minecraft.util.SoundEvent@2691cda7
[22:10:40] [Server thread/TRACE] [FML]:   Registry: 959 sexmod:girls.luna.sadoh.sadoh5 net.minecraft.util.SoundEvent@1ab21389
[22:10:40] [Server thread/TRACE] [FML]:   Registry: 960 sexmod:girls.luna.sadoh.sadoh6 net.minecraft.util.SoundEvent@7c103b58
[22:10:40] [Server thread/TRACE] [FML]:   Registry: 961 sexmod:girls.luna.sigh.sigh0 net.minecraft.util.SoundEvent@31bf90df
[22:10:40] [Server thread/TRACE] [FML]:   Registry: 962 sexmod:girls.luna.sigh.sigh1 net.minecraft.util.SoundEvent@19eb9fba
[22:10:40] [Server thread/TRACE] [FML]:   Registry: 963 sexmod:girls.luna.sigh.sigh2 net.minecraft.util.SoundEvent@134ff955
[22:10:40] [Server thread/TRACE] [FML]:   Registry: 964 sexmod:girls.luna.sigh.sigh3 net.minecraft.util.SoundEvent@6e78ca9f
[22:10:40] [Server thread/TRACE] [FML]:   Registry: 965 sexmod:girls.luna.sigh.sigh4 net.minecraft.util.SoundEvent@238c86e7
[22:10:40] [Server thread/TRACE] [FML]:   Registry: 966 sexmod:girls.luna.sigh.sigh5 net.minecraft.util.SoundEvent@665fdb63
[22:10:40] [Server thread/TRACE] [FML]:   Registry: 967 sexmod:girls.luna.sigh.sigh6 net.minecraft.util.SoundEvent@ab613ac
[22:10:40] [Server thread/TRACE] [FML]:   Registry: 968 sexmod:girls.luna.sigh.sigh7 net.minecraft.util.SoundEvent@22b21c57
[22:10:40] [Server thread/TRACE] [FML]:   Registry: 969 sexmod:girls.luna.singing.singing0 net.minecraft.util.SoundEvent@654e0d58
[22:10:40] [Server thread/TRACE] [FML]:   Registry: 970 sexmod:girls.luna.singing.singing1 net.minecraft.util.SoundEvent@7dd25651
[22:10:40] [Server thread/TRACE] [FML]:   Registry: 971 sexmod:girls.luna.singing.singing2 net.minecraft.util.SoundEvent@47c31134
[22:10:40] [Server thread/TRACE] [FML]:   Registry: 972 sexmod:girls.luna.singing.singing3 net.minecraft.util.SoundEvent@75a1fd3f
[22:10:40] [Server thread/TRACE] [FML]:   Registry: 973 sexmod:girls.luna.singing.singing4 net.minecraft.util.SoundEvent@60100a1e
[22:10:40] [Server thread/TRACE] [FML]:   Registry: 974 sexmod:girls.luna.singing.singing5 net.minecraft.util.SoundEvent@f1fb893
[22:10:40] [Server thread/TRACE] [FML]:   Registry: 975 sexmod:girls.luna.singing.singing6 net.minecraft.util.SoundEvent@508a42f5
[22:10:40] [Server thread/TRACE] [FML]:   Registry: 976 sexmod:girls.luna.singing.singing7 net.minecraft.util.SoundEvent@2a3815de
[22:10:40] [Server thread/TRACE] [FML]:   Registry: 977 sexmod:girls.luna.giggle.giggle0 net.minecraft.util.SoundEvent@4a98aa7d
[22:10:40] [Server thread/TRACE] [FML]:   Registry: 978 sexmod:girls.luna.giggle.giggle1 net.minecraft.util.SoundEvent@38b1489d
[22:10:40] [Server thread/TRACE] [FML]:   Registry: 979 sexmod:girls.luna.giggle.giggle2 net.minecraft.util.SoundEvent@3aae3894
[22:10:40] [Server thread/TRACE] [FML]:   Registry: 980 sexmod:girls.luna.giggle.giggle3 net.minecraft.util.SoundEvent@50d25cfa
[22:10:40] [Server thread/TRACE] [FML]:   Registry: 981 sexmod:girls.luna.giggle.giggle4 net.minecraft.util.SoundEvent@5f16dfdf
[22:10:40] [Server thread/TRACE] [FML]:   Registry: 982 sexmod:girls.luna.giggle.giggle5 net.minecraft.util.SoundEvent@6d518100
[22:10:40] [Server thread/TRACE] [FML]:   Registry: 983 sexmod:girls.luna.giggle.giggle6 net.minecraft.util.SoundEvent@26f06ea6
[22:10:40] [Server thread/TRACE] [FML]:   Registry: 984 sexmod:girls.luna.giggle.giggle7 net.minecraft.util.SoundEvent@6407d30e
[22:10:40] [Server thread/TRACE] [FML]:   Registry: 985 sexmod:girls.luna.giggle.giggle8 net.minecraft.util.SoundEvent@d060076
[22:10:40] [Server thread/TRACE] [FML]:   Registry: 986 sexmod:girls.luna.giggle.giggle9 net.minecraft.util.SoundEvent@6c3ed957
[22:10:40] [Server thread/TRACE] [FML]:   Registry: 987 sexmod:girls.luna.giggle.giggle10 net.minecraft.util.SoundEvent@491e0f28
[22:10:40] [Server thread/TRACE] [FML]:   Registry: 988 sexmod:girls.luna.giggle.giggle11 net.minecraft.util.SoundEvent@135b2aa6
[22:10:40] [Server thread/TRACE] [FML]:   Registry: 989 sexmod:girls.luna.giggle.giggle12 net.minecraft.util.SoundEvent@2e639d0b
[22:10:40] [Server thread/TRACE] [FML]:   Registry: 990 sexmod:girls.luna.giggle.giggle13 net.minecraft.util.SoundEvent@340d0df1
[22:10:40] [Server thread/TRACE] [FML]:   Registry: 991 sexmod:girls.luna.giggle.giggle14 net.minecraft.util.SoundEvent@d533317
[22:10:40] [Server thread/TRACE] [FML]:   Registry: 992 sexmod:girls.luna.ouu.ouu0 net.minecraft.util.SoundEvent@47973601
[22:10:40] [Server thread/TRACE] [FML]:   Registry: 993 sexmod:girls.luna.ouu.ouu1 net.minecraft.util.SoundEvent@752e703d
[22:10:40] [Server thread/TRACE] [FML]:   Registry: 994 sexmod:girls.luna.ouu.ouu2 net.minecraft.util.SoundEvent@299099ec
[22:10:40] [Server thread/TRACE] [FML]:   Registry: 995 sexmod:girls.luna.ouu.ouu3 net.minecraft.util.SoundEvent@3d4fcc42
[22:10:40] [Server thread/TRACE] [FML]:   Registry: 996 sexmod:girls.luna.ouu.ouu4 net.minecraft.util.SoundEvent@4396c2d4
[22:10:40] [Server thread/TRACE] [FML]:   Registry: 997 sexmod:girls.luna.ouu.ouu5 net.minecraft.util.SoundEvent@453ffd03
[22:10:40] [Server thread/TRACE] [FML]:   Registry: 998 sexmod:girls.luna.ouu.ouu6 net.minecraft.util.SoundEvent@684d53b1
[22:10:40] [Server thread/TRACE] [FML]:   Registry: 999 sexmod:girls.luna.ouu.ouu7 net.minecraft.util.SoundEvent@2ba3af26
[22:10:40] [Server thread/TRACE] [FML]:   Registry: 1000 sexmod:girls.luna.ouu.ouu8 net.minecraft.util.SoundEvent@5ed658e4
[22:10:40] [Server thread/TRACE] [FML]:   Registry: 1001 sexmod:girls.luna.ouu.ouu9 net.minecraft.util.SoundEvent@64bb61d8
[22:10:40] [Server thread/TRACE] [FML]:   Registry: 1002 sexmod:girls.luna.ouu.ouu10 net.minecraft.util.SoundEvent@66697625
[22:10:40] [Server thread/TRACE] [FML]:   Registry: 1003 sexmod:girls.luna.ouu.ouu11 net.minecraft.util.SoundEvent@50052f51
[22:10:40] [Server thread/TRACE] [FML]:   Registry: 1004 sexmod:girls.luna.ouu.ouu12 net.minecraft.util.SoundEvent@3cf84ccd
[22:10:40] [Server thread/TRACE] [FML]:   Registry: 1005 sexmod:girls.luna.owo.owo0 net.minecraft.util.SoundEvent@3724f2b
[22:10:40] [Server thread/TRACE] [FML]:   Registry: 1006 sexmod:girls.luna.owo.owo1 net.minecraft.util.SoundEvent@2e07d93e
[22:10:40] [Server thread/TRACE] [FML]:   Registry: 1007 sexmod:girls.luna.owo.owo2 net.minecraft.util.SoundEvent@57010408
[22:10:40] [Server thread/TRACE] [FML]:   Registry: 1008 sexmod:girls.luna.owo.owo3 net.minecraft.util.SoundEvent@29e1b401
[22:10:40] [Server thread/TRACE] [FML]:   Registry: 1009 sexmod:girls.luna.owo.owo4 net.minecraft.util.SoundEvent@38fbad01
[22:10:40] [Server thread/TRACE] [FML]:   Registry: 1010 sexmod:girls.luna.owo.owo5 net.minecraft.util.SoundEvent@28254d09
[22:10:40] [Server thread/TRACE] [FML]:   Registry: 1011 sexmod:girls.luna.owo.owo6 net.minecraft.util.SoundEvent@775b2d41
[22:10:40] [Server thread/TRACE] [FML]:   Registry: 1012 sexmod:girls.luna.owo.owo7 net.minecraft.util.SoundEvent@533ede17
[22:10:40] [Server thread/TRACE] [FML]:   Registry: 1013 sexmod:girls.allie.aftersessionmoan.aftersessionmoan0 net.minecraft.util.SoundEvent@3648e2d4
[22:10:40] [Server thread/TRACE] [FML]:   Registry: 1014 sexmod:girls.allie.aftersessionmoan.aftersessionmoan1 net.minecraft.util.SoundEvent@3407bc11
[22:10:40] [Server thread/TRACE] [FML]:   Registry: 1015 sexmod:girls.allie.aftersessionmoan.aftersessionmoan2 net.minecraft.util.SoundEvent@1a98bef5
[22:10:40] [Server thread/TRACE] [FML]:   Registry: 1016 sexmod:girls.allie.aftersessionmoan.aftersessionmoan3 net.minecraft.util.SoundEvent@3ff315d7
[22:10:40] [Server thread/TRACE] [FML]:   Registry: 1017 sexmod:girls.allie.ahh.ahh0 net.minecraft.util.SoundEvent@4e5c1ebf
[22:10:40] [Server thread/TRACE] [FML]:   Registry: 1018 sexmod:girls.allie.ahh.ahh1 net.minecraft.util.SoundEvent@4732c451
[22:10:40] [Server thread/TRACE] [FML]:   Registry: 1019 sexmod:girls.allie.ahh.ahh2 net.minecraft.util.SoundEvent@1882a554
[22:10:40] [Server thread/TRACE] [FML]:   Registry: 1020 sexmod:girls.allie.ahh.ahh3 net.minecraft.util.SoundEvent@3ff8563e
[22:10:40] [Server thread/TRACE] [FML]:   Registry: 1021 sexmod:girls.allie.ahh.ahh4 net.minecraft.util.SoundEvent@11ff1e98
[22:10:40] [Server thread/TRACE] [FML]:   Registry: 1022 sexmod:girls.allie.ahh.ahh5 net.minecraft.util.SoundEvent@40be50ba
[22:10:40] [Server thread/TRACE] [FML]:   Registry: 1023 sexmod:girls.allie.ahh.ahh6 net.minecraft.util.SoundEvent@4d1be5fc
[22:10:40] [Server thread/TRACE] [FML]:   Registry: 1024 sexmod:girls.allie.ahh.ahh7 net.minecraft.util.SoundEvent@30af13c7
[22:10:40] [Server thread/TRACE] [FML]:   Registry: 1025 sexmod:girls.allie.ahh.ahh8 net.minecraft.util.SoundEvent@59cdc094
[22:10:40] [Server thread/TRACE] [FML]:   Registry: 1026 sexmod:girls.allie.ahh.ahh9 net.minecraft.util.SoundEvent@6bc47097
[22:10:40] [Server thread/TRACE] [FML]:   Registry: 1027 sexmod:girls.allie.bjmoan.bjmoan0 net.minecraft.util.SoundEvent@79e24c16
[22:10:40] [Server thread/TRACE] [FML]:   Registry: 1028 sexmod:girls.allie.bjmoan.bjmoan1 net.minecraft.util.SoundEvent@319b59c6
[22:10:40] [Server thread/TRACE] [FML]:   Registry: 1029 sexmod:girls.allie.bjmoan.bjmoan2 net.minecraft.util.SoundEvent@665f601
[22:10:40] [Server thread/TRACE] [FML]:   Registry: 1030 sexmod:girls.allie.bjmoan.bjmoan3 net.minecraft.util.SoundEvent@4e6d7e92
[22:10:40] [Server thread/TRACE] [FML]:   Registry: 1031 sexmod:girls.allie.bjmoan.bjmoan4 net.minecraft.util.SoundEvent@258409b5
[22:10:40] [Server thread/TRACE] [FML]:   Registry: 1032 sexmod:girls.allie.bjmoan.bjmoan5 net.minecraft.util.SoundEvent@4e3a31aa
[22:10:40] [Server thread/TRACE] [FML]:   Registry: 1033 sexmod:girls.allie.bjmoan.bjmoan6 net.minecraft.util.SoundEvent@67c60392
[22:10:40] [Server thread/TRACE] [FML]:   Registry: 1034 sexmod:girls.allie.bjmoan.bjmoan7 net.minecraft.util.SoundEvent@427a6816
[22:10:40] [Server thread/TRACE] [FML]:   Registry: 1035 sexmod:girls.allie.bjmoan.bjmoan8 net.minecraft.util.SoundEvent@47b6184d
[22:10:40] [Server thread/TRACE] [FML]:   Registry: 1036 sexmod:girls.allie.bjmoan.bjmoan9 net.minecraft.util.SoundEvent@581ed670
[22:10:40] [Server thread/TRACE] [FML]:   Registry: 1037 sexmod:girls.allie.bjmoan.bjmoan10 net.minecraft.util.SoundEvent@f138472
[22:10:40] [Server thread/TRACE] [FML]:   Registry: 1038 sexmod:girls.allie.bjmoan.bjmoan11 net.minecraft.util.SoundEvent@1e38675e
[22:10:40] [Server thread/TRACE] [FML]:   Registry: 1039 sexmod:girls.allie.bjmoan.bjmoan12 net.minecraft.util.SoundEvent@693b60a4
[22:10:40] [Server thread/TRACE] [FML]:   Registry: 1040 sexmod:girls.allie.bjmoan.bjmoan13 net.minecraft.util.SoundEvent@47b896a5
[22:10:40] [Server thread/TRACE] [FML]:   Registry: 1041 sexmod:girls.allie.giggle.giggle0 net.minecraft.util.SoundEvent@541bba34
[22:10:40] [Server thread/TRACE] [FML]:   Registry: 1042 sexmod:girls.allie.giggle.giggle1 net.minecraft.util.SoundEvent@9c4357e
[22:10:40] [Server thread/TRACE] [FML]:   Registry: 1043 sexmod:girls.allie.giggle.giggle2 net.minecraft.util.SoundEvent@3b484aa2
[22:10:40] [Server thread/TRACE] [FML]:   Registry: 1044 sexmod:girls.allie.giggle.giggle3 net.minecraft.util.SoundEvent@38c6eed0
[22:10:40] [Server thread/TRACE] [FML]:   Registry: 1045 sexmod:girls.allie.giggle.giggle4 net.minecraft.util.SoundEvent@310539e6
[22:10:40] [Server thread/TRACE] [FML]:   Registry: 1046 sexmod:girls.allie.happyoh.happyoh0 net.minecraft.util.SoundEvent@1942957d
[22:10:40] [Server thread/TRACE] [FML]:   Registry: 1047 sexmod:girls.allie.happyoh.happyoh1 net.minecraft.util.SoundEvent@60a6d1ad
[22:10:40] [Server thread/TRACE] [FML]:   Registry: 1048 sexmod:girls.allie.happyoh.happyoh2 net.minecraft.util.SoundEvent@6f191307
[22:10:40] [Server thread/TRACE] [FML]:   Registry: 1049 sexmod:girls.allie.heavybreathing.heavybreathing0 net.minecraft.util.SoundEvent@77cbcd0b
[22:10:40] [Server thread/TRACE] [FML]:   Registry: 1050 sexmod:girls.allie.heavybreathing.heavybreathing1 net.minecraft.util.SoundEvent@7a2f47f2
[22:10:40] [Server thread/TRACE] [FML]:   Registry: 1051 sexmod:girls.allie.heavybreathing.heavybreathing2 net.minecraft.util.SoundEvent@2cd2caa3
[22:10:40] [Server thread/TRACE] [FML]:   Registry: 1052 sexmod:girls.allie.heavybreathing.heavybreathing3 net.minecraft.util.SoundEvent@b746515
[22:10:40] [Server thread/TRACE] [FML]:   Registry: 1053 sexmod:girls.allie.heavybreathing.heavybreathing4 net.minecraft.util.SoundEvent@227e52e5
[22:10:40] [Server thread/TRACE] [FML]:   Registry: 1054 sexmod:girls.allie.heavybreathing.heavybreathing5 net.minecraft.util.SoundEvent@22ee818f
[22:10:40] [Server thread/TRACE] [FML]:   Registry: 1055 sexmod:girls.allie.heavybreathing.heavybreathing6 net.minecraft.util.SoundEvent@18d3d0a3
[22:10:40] [Server thread/TRACE] [FML]:   Registry: 1056 sexmod:girls.allie.heavybreathing.heavybreathing7 net.minecraft.util.SoundEvent@30275261
[22:10:40] [Server thread/TRACE] [FML]:   Registry: 1057 sexmod:girls.allie.hmph.hmph0 net.minecraft.util.SoundEvent@609ec7fa
[22:10:40] [Server thread/TRACE] [FML]:   Registry: 1058 sexmod:girls.allie.hmph.hmph1 net.minecraft.util.SoundEvent@362ad09f
[22:10:40] [Server thread/TRACE] [FML]:   Registry: 1059 sexmod:girls.allie.hmph.hmph2 net.minecraft.util.SoundEvent@307a4831
[22:10:40] [Server thread/TRACE] [FML]:   Registry: 1060 sexmod:girls.allie.hmph.hmph3 net.minecraft.util.SoundEvent@3ac4a005
[22:10:40] [Server thread/TRACE] [FML]:   Registry: 1061 sexmod:girls.allie.hmph.hmph4 net.minecraft.util.SoundEvent@2cf311b0
[22:10:40] [Server thread/TRACE] [FML]:   Registry: 1062 sexmod:girls.allie.huh.huh0 net.minecraft.util.SoundEvent@4c3d8299
[22:10:40] [Server thread/TRACE] [FML]:   Registry: 1063 sexmod:girls.allie.huh.huh1 net.minecraft.util.SoundEvent@2ee460ef
[22:10:40] [Server thread/TRACE] [FML]:   Registry: 1064 sexmod:girls.allie.lightbreathing.lightbreathing0 net.minecraft.util.SoundEvent@313f29be
[22:10:40] [Server thread/TRACE] [FML]:   Registry: 1065 sexmod:girls.allie.lightbreathing.lightbreathing1 net.minecraft.util.SoundEvent@575c0b8
[22:10:40] [Server thread/TRACE] [FML]:   Registry: 1066 sexmod:girls.allie.lightbreathing.lightbreathing2 net.minecraft.util.SoundEvent@257ca3c5
[22:10:40] [Server thread/TRACE] [FML]:   Registry: 1067 sexmod:girls.allie.lightbreathing.lightbreathing3 net.minecraft.util.SoundEvent@28925c9d
[22:10:40] [Server thread/TRACE] [FML]:   Registry: 1068 sexmod:girls.allie.lightbreathing.lightbreathing4 net.minecraft.util.SoundEvent@6028f2e8
[22:10:40] [Server thread/TRACE] [FML]:   Registry: 1069 sexmod:girls.allie.lightbreathing.lightbreathing5 net.minecraft.util.SoundEvent@4bf39e55
[22:10:40] [Server thread/TRACE] [FML]:   Registry: 1070 sexmod:girls.allie.lightbreathing.lightbreathing6 net.minecraft.util.SoundEvent@b517e65
[22:10:40] [Server thread/TRACE] [FML]:   Registry: 1071 sexmod:girls.allie.lightbreathing.lightbreathing7 net.minecraft.util.SoundEvent@319dad26
[22:10:40] [Server thread/TRACE] [FML]:   Registry: 1072 sexmod:girls.allie.lightbreathing.lightbreathing8 net.minecraft.util.SoundEvent@1685a64f
[22:10:40] [Server thread/TRACE] [FML]:   Registry: 1073 sexmod:girls.allie.lightbreathing.lightbreathing9 net.minecraft.util.SoundEvent@415383fc
[22:10:40] [Server thread/TRACE] [FML]:   Registry: 1074 sexmod:girls.allie.lightbreathing.lightbreathing10 net.minecraft.util.SoundEvent@41f17fe5
[22:10:40] [Server thread/TRACE] [FML]:   Registry: 1075 sexmod:girls.allie.lipsound.lipsound0 net.minecraft.util.SoundEvent@1dd91e60
[22:10:40] [Server thread/TRACE] [FML]:   Registry: 1076 sexmod:girls.allie.lipsound.lipsound1 net.minecraft.util.SoundEvent@26d5644a
[22:10:40] [Server thread/TRACE] [FML]:   Registry: 1077 sexmod:girls.allie.lipsound.lipsound2 net.minecraft.util.SoundEvent@7b444f0f
[22:10:40] [Server thread/TRACE] [FML]:   Registry: 1078 sexmod:girls.allie.lipsound.lipsound3 net.minecraft.util.SoundEvent@318009d5
[22:10:40] [Server thread/TRACE] [FML]:   Registry: 1079 sexmod:girls.allie.lipsound.lipsound4 net.minecraft.util.SoundEvent@64ff3b9b
[22:10:40] [Server thread/TRACE] [FML]:   Registry: 1080 sexmod:girls.allie.lipsound.lipsound5 net.minecraft.util.SoundEvent@6985f47a
[22:10:40] [Server thread/TRACE] [FML]:   Registry: 1081 sexmod:girls.allie.lipsound.lipsound6 net.minecraft.util.SoundEvent@3060e272
[22:10:40] [Server thread/TRACE] [FML]:   Registry: 1082 sexmod:girls.allie.lipsound.lipsound7 net.minecraft.util.SoundEvent@19f8b0a
[22:10:40] [Server thread/TRACE] [FML]:   Registry: 1083 sexmod:girls.allie.lipsound.lipsound8 net.minecraft.util.SoundEvent@1c214b41
[22:10:40] [Server thread/TRACE] [FML]:   Registry: 1084 sexmod:girls.allie.lipsound.lipsound9 net.minecraft.util.SoundEvent@5ac15a9b
[22:10:40] [Server thread/TRACE] [FML]:   Registry: 1085 sexmod:girls.allie.lipsound.lipsound10 net.minecraft.util.SoundEvent@6d8550c3
[22:10:40] [Server thread/TRACE] [FML]:   Registry: 1086 sexmod:girls.allie.lipsound.lipsound11 net.minecraft.util.SoundEvent@10bf41a2
[22:10:40] [Server thread/TRACE] [FML]:   Registry: 1087 sexmod:girls.allie.lipsound.lipsound12 net.minecraft.util.SoundEvent@6526bb7
[22:10:40] [Server thread/TRACE] [FML]:   Registry: 1088 sexmod:girls.allie.lipsound.lipsound13 net.minecraft.util.SoundEvent@5617fc64
[22:10:40] [Server thread/TRACE] [FML]:   Registry: 1089 sexmod:girls.allie.mmm.mmm0 net.minecraft.util.SoundEvent@1153bd2d
[22:10:40] [Server thread/TRACE] [FML]:   Registry: 1090 sexmod:girls.allie.mmm.mmm1 net.minecraft.util.SoundEvent@7b8b5cf4
[22:10:40] [Server thread/TRACE] [FML]:   Registry: 1091 sexmod:girls.allie.mmm.mmm2 net.minecraft.util.SoundEvent@6e118fe1
[22:10:40] [Server thread/TRACE] [FML]:   Registry: 1092 sexmod:girls.allie.mmm.mmm3 net.minecraft.util.SoundEvent@70cba9b
[22:10:40] [Server thread/TRACE] [FML]:   Registry: 1093 sexmod:girls.allie.mmm.mmm4 net.minecraft.util.SoundEvent@b3ad582
[22:10:40] [Server thread/TRACE] [FML]:   Registry: 1094 sexmod:girls.allie.mmm.mmm5 net.minecraft.util.SoundEvent@2a7754ed
[22:10:40] [Server thread/TRACE] [FML]:   Registry: 1095 sexmod:girls.allie.mmm.mmm6 net.minecraft.util.SoundEvent@487ba8c5
[22:10:40] [Server thread/TRACE] [FML]:   Registry: 1096 sexmod:girls.allie.mmm.mmm7 net.minecraft.util.SoundEvent@2ac10b33
[22:10:40] [Server thread/TRACE] [FML]:   Registry: 1097 sexmod:girls.allie.mmm.mmm8 net.minecraft.util.SoundEvent@770a4d2c
[22:10:40] [Server thread/TRACE] [FML]:   Registry: 1098 sexmod:girls.allie.mmm.mmm9 net.minecraft.util.SoundEvent@67cabf1c
[22:10:40] [Server thread/TRACE] [FML]:   Registry: 1099 sexmod:girls.allie.moan.moan0 net.minecraft.util.SoundEvent@72e21ea0
[22:10:40] [Server thread/TRACE] [FML]:   Registry: 1100 sexmod:girls.allie.moan.moan1 net.minecraft.util.SoundEvent@50d80b5c
[22:10:40] [Server thread/TRACE] [FML]:   Registry: 1101 sexmod:girls.allie.moan.moan2 net.minecraft.util.SoundEvent@751e4f46
[22:10:40] [Server thread/TRACE] [FML]:   Registry: 1102 sexmod:girls.allie.moan.moan3 net.minecraft.util.SoundEvent@479e3ca6
[22:10:40] [Server thread/TRACE] [FML]:   Registry: 1103 sexmod:girls.allie.moan.moan4 net.minecraft.util.SoundEvent@256b3deb
[22:10:40] [Server thread/TRACE] [FML]:   Registry: 1104 sexmod:girls.allie.moan.moan5 net.minecraft.util.SoundEvent@357940f1
[22:10:40] [Server thread/TRACE] [FML]:   Registry: 1105 sexmod:girls.allie.moan.moan6 net.minecraft.util.SoundEvent@321a5d67
[22:10:40] [Server thread/TRACE] [FML]:   Registry: 1106 sexmod:girls.allie.moan.moan7 net.minecraft.util.SoundEvent@4d72c8e
[22:10:40] [Server thread/TRACE] [FML]:   Registry: 1107 sexmod:girls.allie.sadoh.sadoh0 net.minecraft.util.SoundEvent@78afdd9a
[22:10:40] [Server thread/TRACE] [FML]:   Registry: 1108 sexmod:girls.allie.sadoh.sadoh1 net.minecraft.util.SoundEvent@72e64b6
[22:10:40] [Server thread/TRACE] [FML]:   Registry: 1109 sexmod:girls.allie.sigh.sigh0 net.minecraft.util.SoundEvent@673fe051
[22:10:40] [Server thread/TRACE] [FML]:   Registry: 1110 sexmod:girls.allie.sigh.sigh1 net.minecraft.util.SoundEvent@5ab10364
[22:10:40] [Server thread/TRACE] [FML]:   Registry: 1111 sexmod:girls.allie.scawy.scawy0 net.minecraft.util.SoundEvent@5cf446a5
[22:10:40] [Server thread/TRACE] [FML]:   Registry: 1112 sexmod:girls.allie.scawy.scawy1 net.minecraft.util.SoundEvent@280b9259
[22:10:40] [Server thread/TRACE] [FML]:   Registry: 1113 sexmod:girls.allie.scawy.scawy2 net.minecraft.util.SoundEvent@30aed261
[22:10:40] [Server thread/TRACE] [FML]:   Registry: 1114 sexmod:girls.kobold.bjmoan.bjmoan0 net.minecraft.util.SoundEvent@62d65d33
[22:10:40] [Server thread/TRACE] [FML]:   Registry: 1115 sexmod:girls.kobold.bjmoan.bjmoan1 net.minecraft.util.SoundEvent@1ce9eea2
[22:10:40] [Server thread/TRACE] [FML]:   Registry: 1116 sexmod:girls.kobold.bjmoan.bjmoan2 net.minecraft.util.SoundEvent@68842e3c
[22:10:40] [Server thread/TRACE] [FML]:   Registry: 1117 sexmod:girls.kobold.bjmoan.bjmoan3 net.minecraft.util.SoundEvent@2effd497
[22:10:40] [Server thread/TRACE] [FML]:   Registry: 1118 sexmod:girls.kobold.bjmoan.bjmoan4 net.minecraft.util.SoundEvent@7e903bbe
[22:10:40] [Server thread/TRACE] [FML]:   Registry: 1119 sexmod:girls.kobold.bjmoan.bjmoan5 net.minecraft.util.SoundEvent@2d5f4630
[22:10:40] [Server thread/TRACE] [FML]:   Registry: 1120 sexmod:girls.kobold.bjmoan.bjmoan6 net.minecraft.util.SoundEvent@64636869
[22:10:40] [Server thread/TRACE] [FML]:   Registry: 1121 sexmod:girls.kobold.bjmoan.bjmoan7 net.minecraft.util.SoundEvent@3468531e
[22:10:40] [Server thread/TRACE] [FML]:   Registry: 1122 sexmod:girls.kobold.bjmoan.bjmoan8 net.minecraft.util.SoundEvent@4b5ad3e6
[22:10:40] [Server thread/TRACE] [FML]:   Registry: 1123 sexmod:girls.kobold.bjmoan.bjmoan9 net.minecraft.util.SoundEvent@1c63727b
[22:10:40] [Server thread/TRACE] [FML]:   Registry: 1124 sexmod:girls.kobold.giggle.giggle0 net.minecraft.util.SoundEvent@633c71be
[22:10:40] [Server thread/TRACE] [FML]:   Registry: 1125 sexmod:girls.kobold.giggle.giggle1 net.minecraft.util.SoundEvent@15ba2e64
[22:10:40] [Server thread/TRACE] [FML]:   Registry: 1126 sexmod:girls.kobold.giggle.giggle2 net.minecraft.util.SoundEvent@8e20ad6
[22:10:40] [Server thread/TRACE] [FML]:   Registry: 1127 sexmod:girls.kobold.giggle.giggle3 net.minecraft.util.SoundEvent@f15411b
[22:10:40] [Server thread/TRACE] [FML]:   Registry: 1128 sexmod:girls.kobold.haa.haa0 net.minecraft.util.SoundEvent@f2460c6
[22:10:40] [Server thread/TRACE] [FML]:   Registry: 1129 sexmod:girls.kobold.haa.haa1 net.minecraft.util.SoundEvent@4b29a648
[22:10:40] [Server thread/TRACE] [FML]:   Registry: 1130 sexmod:girls.kobold.haa.haa2 net.minecraft.util.SoundEvent@5305b141
[22:10:40] [Server thread/TRACE] [FML]:   Registry: 1131 sexmod:girls.kobold.haa.haa3 net.minecraft.util.SoundEvent@763d3fa3
[22:10:40] [Server thread/TRACE] [FML]:   Registry: 1132 sexmod:girls.kobold.haa.haa4 net.minecraft.util.SoundEvent@5a3343f2
[22:10:40] [Server thread/TRACE] [FML]:   Registry: 1133 sexmod:girls.kobold.haa.haa5 net.minecraft.util.SoundEvent@5caeb51a
[22:10:40] [Server thread/TRACE] [FML]:   Registry: 1134 sexmod:girls.kobold.haa.haa6 net.minecraft.util.SoundEvent@225f9877
[22:10:40] [Server thread/TRACE] [FML]:   Registry: 1135 sexmod:girls.kobold.heymaster.heymaster0 net.minecraft.util.SoundEvent@3d006bb8
[22:10:40] [Server thread/TRACE] [FML]:   Registry: 1136 sexmod:girls.kobold.heymaster.heymaster1 net.minecraft.util.SoundEvent@7dec9339
[22:10:40] [Server thread/TRACE] [FML]:   Registry: 1137 sexmod:girls.kobold.heymaster.heymaster2 net.minecraft.util.SoundEvent@5443effb
[22:10:40] [Server thread/TRACE] [FML]:   Registry: 1138 sexmod:girls.kobold.heymaster.heymaster3 net.minecraft.util.SoundEvent@a815924
[22:10:40] [Server thread/TRACE] [FML]:   Registry: 1139 sexmod:girls.kobold.heymaster.heymaster4 net.minecraft.util.SoundEvent@34e2ae67
[22:10:40] [Server thread/TRACE] [FML]:   Registry: 1140 sexmod:girls.kobold.heymaster.heymaster5 net.minecraft.util.SoundEvent@2d0e8699
[22:10:40] [Server thread/TRACE] [FML]:   Registry: 1141 sexmod:girls.kobold.interested.interested0 net.minecraft.util.SoundEvent@667998f4
[22:10:40] [Server thread/TRACE] [FML]:   Registry: 1142 sexmod:girls.kobold.interested.interested1 net.minecraft.util.SoundEvent@6631b566
[22:10:40] [Server thread/TRACE] [FML]:   Registry: 1143 sexmod:girls.kobold.interested.interested2 net.minecraft.util.SoundEvent@4781ae51
[22:10:40] [Server thread/TRACE] [FML]:   Registry: 1144 sexmod:girls.kobold.lightbreathing.lightbreathing0 net.minecraft.util.SoundEvent@1e62c276
[22:10:40] [Server thread/TRACE] [FML]:   Registry: 1145 sexmod:girls.kobold.lightbreathing.lightbreathing1 net.minecraft.util.SoundEvent@34f64776
[22:10:40] [Server thread/TRACE] [FML]:   Registry: 1146 sexmod:girls.kobold.lightbreathing.lightbreathing2 net.minecraft.util.SoundEvent@5f075e0b
[22:10:40] [Server thread/TRACE] [FML]:   Registry: 1147 sexmod:girls.kobold.lightbreathing.lightbreathing3 net.minecraft.util.SoundEvent@153e809c
[22:10:40] [Server thread/TRACE] [FML]:   Registry: 1148 sexmod:girls.kobold.lightbreathing.lightbreathing4 net.minecraft.util.SoundEvent@1d47913f
[22:10:40] [Server thread/TRACE] [FML]:   Registry: 1149 sexmod:girls.kobold.lightbreathing.lightbreathing5 net.minecraft.util.SoundEvent@1b0cb816
[22:10:40] [Server thread/TRACE] [FML]:   Registry: 1150 sexmod:girls.kobold.lightbreathing.lightbreathing6 net.minecraft.util.SoundEvent@7e9e4a7a
[22:10:40] [Server thread/TRACE] [FML]:   Registry: 1151 sexmod:girls.kobold.lightbreathing.lightbreathing7 net.minecraft.util.SoundEvent@1fc51f55
[22:10:40] [Server thread/TRACE] [FML]:   Registry: 1152 sexmod:girls.kobold.lightbreathing.lightbreathing8 net.minecraft.util.SoundEvent@3eaabbfb
[22:10:40] [Server thread/TRACE] [FML]:   Registry: 1153 sexmod:girls.kobold.lightbreathing.lightbreathing9 net.minecraft.util.SoundEvent@40186830
[22:10:40] [Server thread/TRACE] [FML]:   Registry: 1154 sexmod:girls.kobold.lightbreathing.lightbreathing10 net.minecraft.util.SoundEvent@4c5927d3
[22:10:40] [Server thread/TRACE] [FML]:   Registry: 1155 sexmod:girls.kobold.lightbreathing.lightbreathing11 net.minecraft.util.SoundEvent@7b51a6ba
[22:10:40] [Server thread/TRACE] [FML]:   Registry: 1156 sexmod:girls.kobold.master.master0 net.minecraft.util.SoundEvent@10cfbf48
[22:10:40] [Server thread/TRACE] [FML]:   Registry: 1157 sexmod:girls.kobold.master.master1 net.minecraft.util.SoundEvent@13951c89
[22:10:40] [Server thread/TRACE] [FML]:   Registry: 1158 sexmod:girls.kobold.master.master2 net.minecraft.util.SoundEvent@1677d697
[22:10:40] [Server thread/TRACE] [FML]:   Registry: 1159 sexmod:girls.kobold.master.master3 net.minecraft.util.SoundEvent@60e5c695
[22:10:40] [Server thread/TRACE] [FML]:   Registry: 1160 sexmod:girls.kobold.master.master4 net.minecraft.util.SoundEvent@d3d103e
[22:10:40] [Server thread/TRACE] [FML]:   Registry: 1161 sexmod:girls.kobold.master.master5 net.minecraft.util.SoundEvent@36773444
[22:10:40] [Server thread/TRACE] [FML]:   Registry: 1162 sexmod:girls.kobold.moan.moan0 net.minecraft.util.SoundEvent@1e1c9f73
[22:10:40] [Server thread/TRACE] [FML]:   Registry: 1163 sexmod:girls.kobold.moan.moan1 net.minecraft.util.SoundEvent@5003334b
[22:10:40] [Server thread/TRACE] [FML]:   Registry: 1164 sexmod:girls.kobold.moan.moan2 net.minecraft.util.SoundEvent@355a6595
[22:10:40] [Server thread/TRACE] [FML]:   Registry: 1165 sexmod:girls.kobold.moan.moan3 net.minecraft.util.SoundEvent@3a00b26e
[22:10:40] [Server thread/TRACE] [FML]:   Registry: 1166 sexmod:girls.kobold.moan.moan4 net.minecraft.util.SoundEvent@409d555a
[22:10:40] [Server thread/TRACE] [FML]:   Registry: 1167 sexmod:girls.kobold.moan.moan5 net.minecraft.util.SoundEvent@94daf69
[22:10:40] [Server thread/TRACE] [FML]:   Registry: 1168 sexmod:girls.kobold.moan.moan6 net.minecraft.util.SoundEvent@6f5d1518
[22:10:40] [Server thread/TRACE] [FML]:   Registry: 1169 sexmod:girls.kobold.moan.moan7 net.minecraft.util.SoundEvent@50f1495f
[22:10:40] [Server thread/TRACE] [FML]:   Registry: 1170 sexmod:girls.kobold.moan.moan8 net.minecraft.util.SoundEvent@7a6cf19e
[22:10:40] [Server thread/TRACE] [FML]:   Registry: 1171 sexmod:girls.kobold.moan.moan9 net.minecraft.util.SoundEvent@1e3e3f5d
[22:10:40] [Server thread/TRACE] [FML]:   Registry: 1172 sexmod:girls.kobold.orgasm.orgasm0 net.minecraft.util.SoundEvent@194c0c57
[22:10:40] [Server thread/TRACE] [FML]:   Registry: 1173 sexmod:girls.kobold.orgasm.orgasm1 net.minecraft.util.SoundEvent@432d0590
[22:10:40] [Server thread/TRACE] [FML]:   Registry: 1174 sexmod:girls.kobold.orgasm.orgasm2 net.minecraft.util.SoundEvent@5e50fc6a
[22:10:40] [Server thread/TRACE] [FML]:   Registry: 1175 sexmod:girls.kobold.orgasm.orgasm3 net.minecraft.util.SoundEvent@31fbe42a
[22:10:40] [Server thread/TRACE] [FML]:   Registry: 1176 sexmod:girls.kobold.sad.sad0 net.minecraft.util.SoundEvent@48ac78f6
[22:10:40] [Server thread/TRACE] [FML]:   Registry: 1177 sexmod:girls.kobold.sad.sad1 net.minecraft.util.SoundEvent@6306f5f6
[22:10:40] [Server thread/TRACE] [FML]:   Registry: 1178 sexmod:girls.kobold.sad.sad2 net.minecraft.util.SoundEvent@3a6cf650
[22:10:40] [Server thread/TRACE] [FML]:   Registry: 1179 sexmod:girls.kobold.yep.yep0 net.minecraft.util.SoundEvent@54589f83
[22:10:40] [Server thread/TRACE] [FML]:   Registry: 1180 sexmod:girls.kobold.yep.yep1 net.minecraft.util.SoundEvent@7f182636
[22:10:40] [Server thread/TRACE] [FML]:   Registry: 1181 sexmod:girls.kobold.yep.yep2 net.minecraft.util.SoundEvent@2b65d566
[22:10:40] [Server thread/TRACE] [FML]:   Registry: 1182 sexmod:girls.kobold.yep.yep3 net.minecraft.util.SoundEvent@76e6782c
[22:10:40] [Server thread/TRACE] [FML]:   Registry: 1183 sexmod:girls.kobold.yep.yep4 net.minecraft.util.SoundEvent@665255f4
[22:10:40] [Server thread/TRACE] [FML]:   Registry: 1184 sexmod:girls.kobold.yep.yep5 net.minecraft.util.SoundEvent@5845e69e
[22:10:40] [Server thread/TRACE] [FML]:   Registry: 1185 sexmod:girls.kobold.yep.yep6 net.minecraft.util.SoundEvent@5d8ec615
[22:10:40] [Server thread/TRACE] [FML]:   Registry: 1186 sexmod:misc.flap.flap0 net.minecraft.util.SoundEvent@18ecf290
[22:10:40] [Server thread/TRACE] [FML]:   Registry: 1187 sexmod:misc.flap.flap1 net.minecraft.util.SoundEvent@6ce5f98c
[22:10:40] [Server thread/TRACE] [FML]:   Registry: 1188 sexmod:misc.flap.flap2 net.minecraft.util.SoundEvent@1be38398
[22:10:40] [Server thread/TRACE] [FML]:   Registry: 1189 sexmod:misc.flap.flap3 net.minecraft.util.SoundEvent@3076409f
[22:10:40] [Server thread/TRACE] [FML]:   Registry: 1190 sexmod:misc.shatter.shatter0 net.minecraft.util.SoundEvent@4f715c73
[22:10:40] [Server thread/TRACE] [FML]:   Registry: 1191 sexmod:misc.weoweo.weoweo0 net.minecraft.util.SoundEvent@c9bf588
[22:10:40] [Server thread/TRACE] [FML]:   Registry: 1192 sexmod:misc.weoweo.weoweo1 net.minecraft.util.SoundEvent@be348c0
[22:10:40] [Server thread/TRACE] [FML]:   Registry: 1193 sexmod:misc.weoweo.weoweo2 net.minecraft.util.SoundEvent@993939b
[22:10:40] [Server thread/TRACE] [FML]:   Registry: 1194 sexmod:misc.weoweo.weoweo3 net.minecraft.util.SoundEvent@4c44d41e
[22:10:40] [Server thread/TRACE] [FML]:   Registry: 1195 sexmod:misc.beew.beew0 net.minecraft.util.SoundEvent@1fa04fab
[22:10:40] [Server thread/TRACE] [FML]:   Registry: 1196 sexmod:misc.beew.beew1 net.minecraft.util.SoundEvent@e94a1d7
[22:10:40] [Server thread/TRACE] [FML]:   Registry: 1197 sexmod:misc.beew.beew2 net.minecraft.util.SoundEvent@1b8ef4d5
[22:10:40] [Server thread/TRACE] [FML]:   Registry: 1198 sexmod:misc.clap.clap0 net.minecraft.util.SoundEvent@7180279e
[22:10:40] [Server thread/TRACE] [FML]:   Registry: 1199 sexmod:girls.galath.ahh.ahh0 net.minecraft.util.SoundEvent@6c40e312
[22:10:40] [Server thread/TRACE] [FML]:   Registry: 1200 sexmod:girls.galath.ahh.ahh1 net.minecraft.util.SoundEvent@47f16d54
[22:10:40] [Server thread/TRACE] [FML]:   Registry: 1201 sexmod:girls.galath.ahh.ahh2 net.minecraft.util.SoundEvent@2b351123
[22:10:40] [Server thread/TRACE] [FML]:   Registry: 1202 sexmod:girls.galath.ahh.ahh3 net.minecraft.util.SoundEvent@5bf96f0c
[22:10:40] [Server thread/TRACE] [FML]:   Registry: 1203 sexmod:girls.galath.ahh.ahh4 net.minecraft.util.SoundEvent@30ca5f12
[22:10:40] [Server thread/TRACE] [FML]:   Registry: 1204 sexmod:girls.galath.ahh.ahh5 net.minecraft.util.SoundEvent@7c9d1f92
[22:10:40] [Server thread/TRACE] [FML]:   Registry: 1205 sexmod:girls.galath.ahh.ahh6 net.minecraft.util.SoundEvent@7f22a52b
[22:10:40] [Server thread/TRACE] [FML]:   Registry: 1206 sexmod:girls.galath.ahh.ahh7 net.minecraft.util.SoundEvent@6fb324cc
[22:10:40] [Server thread/TRACE] [FML]:   Registry: 1207 sexmod:girls.galath.breathing.breathing0 net.minecraft.util.SoundEvent@d63d4e7
[22:10:40] [Server thread/TRACE] [FML]:   Registry: 1208 sexmod:girls.galath.breathing.breathing1 net.minecraft.util.SoundEvent@19962b56
[22:10:40] [Server thread/TRACE] [FML]:   Registry: 1209 sexmod:girls.galath.breathing.breathing2 net.minecraft.util.SoundEvent@73f7deb2
[22:10:40] [Server thread/TRACE] [FML]:   Registry: 1210 sexmod:girls.galath.breathing.breathing3 net.minecraft.util.SoundEvent@5940144
[22:10:40] [Server thread/TRACE] [FML]:   Registry: 1211 sexmod:girls.galath.breathing.breathing4 net.minecraft.util.SoundEvent@16c339fd
[22:10:40] [Server thread/TRACE] [FML]:   Registry: 1212 sexmod:girls.galath.breathing.breathing5 net.minecraft.util.SoundEvent@3ea76ce8
[22:10:40] [Server thread/TRACE] [FML]:   Registry: 1213 sexmod:girls.galath.breathing.breathing6 net.minecraft.util.SoundEvent@736837c0
[22:10:40] [Server thread/TRACE] [FML]:   Registry: 1214 sexmod:girls.galath.dialog.dialog0 net.minecraft.util.SoundEvent@56d386c8
[22:10:40] [Server thread/TRACE] [FML]:   Registry: 1215 sexmod:girls.galath.dialog.dialog1 net.minecraft.util.SoundEvent@59d0513e
[22:10:40] [Server thread/TRACE] [FML]:   Registry: 1216 sexmod:girls.galath.dialog.dialog2 net.minecraft.util.SoundEvent@5c95b6c0
[22:10:40] [Server thread/TRACE] [FML]:   Registry: 1217 sexmod:girls.galath.dialog.dialog3 net.minecraft.util.SoundEvent@6e714ca5
[22:10:40] [Server thread/TRACE] [FML]:   Registry: 1218 sexmod:girls.galath.dialog.dialog4 net.minecraft.util.SoundEvent@245e7265
[22:10:40] [Server thread/TRACE] [FML]:   Registry: 1219 sexmod:girls.galath.dialog.dialog5 net.minecraft.util.SoundEvent@7fdc8e71
[22:10:40] [Server thread/TRACE] [FML]:   Registry: 1220 sexmod:girls.galath.giggle.giggle0 net.minecraft.util.SoundEvent@e8e04fc
[22:10:40] [Server thread/TRACE] [FML]:   Registry: 1221 sexmod:girls.galath.giggle.giggle1 net.minecraft.util.SoundEvent@6afe65ec
[22:10:40] [Server thread/TRACE] [FML]:   Registry: 1222 sexmod:girls.galath.giggle.giggle2 net.minecraft.util.SoundEvent@3de4ef8c
[22:10:40] [Server thread/TRACE] [FML]:   Registry: 1223 sexmod:girls.galath.giggle.giggle3 net.minecraft.util.SoundEvent@26504147
[22:10:40] [Server thread/TRACE] [FML]:   Registry: 1224 sexmod:girls.galath.hmph.hmph0 net.minecraft.util.SoundEvent@58070895
[22:10:40] [Server thread/TRACE] [FML]:   Registry: 1225 sexmod:girls.galath.hmph.hmph1 net.minecraft.util.SoundEvent@41cfc77c
[22:10:40] [Server thread/TRACE] [FML]:   Registry: 1226 sexmod:girls.galath.hmph.hmph2 net.minecraft.util.SoundEvent@5b4dc846
[22:10:40] [Server thread/TRACE] [FML]:   Registry: 1227 sexmod:girls.galath.huh.huh0 net.minecraft.util.SoundEvent@7fb3f011
[22:10:40] [Server thread/TRACE] [FML]:   Registry: 1228 sexmod:girls.galath.huh.huh1 net.minecraft.util.SoundEvent@1f101cd2
[22:10:40] [Server thread/TRACE] [FML]:   Registry: 1229 sexmod:girls.galath.huh.huh2 net.minecraft.util.SoundEvent@205bdc6b
[22:10:40] [Server thread/TRACE] [FML]:   Registry: 1230 sexmod:girls.galath.lightcharge.lightcharge0 net.minecraft.util.SoundEvent@15e12fde
[22:10:40] [Server thread/TRACE] [FML]:   Registry: 1231 sexmod:girls.galath.lightcharge.lightcharge1 net.minecraft.util.SoundEvent@7532760b
[22:10:40] [Server thread/TRACE] [FML]:   Registry: 1232 sexmod:girls.galath.lightcharge.lightcharge2 net.minecraft.util.SoundEvent@6adb02f3
[22:10:40] [Server thread/TRACE] [FML]:   Registry: 1233 sexmod:girls.galath.lightcharge.lightcharge3 net.minecraft.util.SoundEvent@149d3347
[22:10:40] [Server thread/TRACE] [FML]:   Registry: 1234 sexmod:girls.galath.lightcharge.lightcharge4 net.minecraft.util.SoundEvent@89e61d5
[22:10:40] [Server thread/TRACE] [FML]:   Registry: 1235 sexmod:girls.galath.moan.moan0 net.minecraft.util.SoundEvent@6efacce3
[22:10:40] [Server thread/TRACE] [FML]:   Registry: 1236 sexmod:girls.galath.moan.moan1 net.minecraft.util.SoundEvent@5c848755
[22:10:40] [Server thread/TRACE] [FML]:   Registry: 1237 sexmod:girls.galath.moan.moan2 net.minecraft.util.SoundEvent@21fe8089
[22:10:40] [Server thread/TRACE] [FML]:   Registry: 1238 sexmod:girls.galath.moan.moan3 net.minecraft.util.SoundEvent@5a95ddaa
[22:10:40] [Server thread/TRACE] [FML]:   Registry: 1239 sexmod:girls.galath.moan.moan4 net.minecraft.util.SoundEvent@62308fcf
[22:10:40] [Server thread/TRACE] [FML]:   Registry: 1240 sexmod:girls.galath.moan.moan5 net.minecraft.util.SoundEvent@1af602f3
[22:10:40] [Server thread/TRACE] [FML]:   Registry: 1241 sexmod:girls.galath.moan.moan6 net.minecraft.util.SoundEvent@4fd923ec
[22:10:40] [Server thread/TRACE] [FML]:   Registry: 1242 sexmod:girls.galath.moan.moan7 net.minecraft.util.SoundEvent@3bd5df30
[22:10:40] [Server thread/TRACE] [FML]:   Registry: 1243 sexmod:girls.galath.strongcharge.strongcharge0 net.minecraft.util.SoundEvent@5dfd6172
[22:10:40] [Server thread/TRACE] [FML]:   Registry: 1244 sexmod:girls.galath.strongcharge.strongcharge1 net.minecraft.util.SoundEvent@773611a4
[22:10:40] [Server thread/TRACE] [FML]:   Registry: 1245 sexmod:girls.galath.strongcharge.strongcharge2 net.minecraft.util.SoundEvent@71769aed
[22:10:40] [Server thread/TRACE] [FML]:   Registry: 1246 sexmod:girls.galath.strongcharge.strongcharge3 net.minecraft.util.SoundEvent@64cff7ac
[22:10:40] [Server thread/TRACE] [FML]:   Registry: 1247 sexmod:girls.galath.uuh.uuh0 net.minecraft.util.SoundEvent@528ffcb6
[22:10:40] [Server thread/TRACE] [FML]:   Registry: 1248 sexmod:girls.galath.uuh.uuh1 net.minecraft.util.SoundEvent@15f36c72
[22:10:40] [Server thread/TRACE] [FML]:   Registry: 1249 sexmod:girls.galath.uuh.uuh2 net.minecraft.util.SoundEvent@50173dd3
[22:10:40] [Server thread/TRACE] [FML]:   Registry: 1250 sexmod:girls.galath.uuh.uuh3 net.minecraft.util.SoundEvent@4b7ed2ea
[22:10:40] [Server thread/TRACE] [FML]:   Registry: 1251 sexmod:girls.galath.uuh.uuh4 net.minecraft.util.SoundEvent@66b9fd7f
[22:10:40] [Server thread/TRACE] [FML]:   Registry: 1252 sexmod:girls.galath.uuh.uuh5 net.minecraft.util.SoundEvent@68a78d26
[22:10:40] [Server thread/TRACE] [FML]:   Registry: 1253 sexmod:girls.galath.uuh.uuh6 net.minecraft.util.SoundEvent@1b7dc44
[22:10:40] [Server thread/TRACE] [FML]:   Registry: 1254 sexmod:girls.galath.orgasm.orgasm0 net.minecraft.util.SoundEvent@3ce3a71a
[22:10:40] [Server thread/TRACE] [FML]:   Registry: 1255 sexmod:girls.galath.orgasm.orgasm1 net.minecraft.util.SoundEvent@1598f7fc
[22:10:40] [Server thread/TRACE] [FML]:   Registry: 1256 sexmod:girls.galath.orgasm.orgasm2 net.minecraft.util.SoundEvent@410286d4
[22:10:40] [Server thread/TRACE] [FML]:   Registry: 1257 sexmod:girls.galath.orgasm.orgasm3 net.minecraft.util.SoundEvent@7e68274c
[22:10:40] [Server thread/TRACE] [FML]:   Registry: 1258 sexmod:girls.galath.orgasm.orgasm4 net.minecraft.util.SoundEvent@5f9284ec
[22:10:40] [Server thread/TRACE] [FML]:   Registry: 1259 sexmod:girls.galath.aaa.aaa0 net.minecraft.util.SoundEvent@d67bff5
[22:10:40] [Server thread/TRACE] [FML]:   Registry: 1260 sexmod:girls.galath.aaa.aaa1 net.minecraft.util.SoundEvent@5806bcab
[22:10:40] [Server thread/TRACE] [FML]:   Registry: 1261 sexmod:misc.pyro.pyro0 net.minecraft.util.SoundEvent@676bb2a0
[22:10:40] [Server thread/TRACE] [FML]: Registry Name : minecraft:potiontypes
[22:10:40] [Server thread/TRACE] [FML]:   Registry: 0 minecraft:empty net.minecraft.potion.PotionType@66234b0f
[22:10:40] [Server thread/TRACE] [FML]:   Registry: 1 minecraft:water net.minecraft.potion.PotionType@2fca3eb5
[22:10:40] [Server thread/TRACE] [FML]:   Registry: 2 minecraft:mundane net.minecraft.potion.PotionType@69eb544f
[22:10:40] [Server thread/TRACE] [FML]:   Registry: 3 minecraft:thick net.minecraft.potion.PotionType@7cb29ea8
[22:10:40] [Server thread/TRACE] [FML]:   Registry: 4 minecraft:awkward net.minecraft.potion.PotionType@b5c902
[22:10:40] [Server thread/TRACE] [FML]:   Registry: 5 minecraft:night_vision net.minecraft.potion.PotionType@7e747037
[22:10:40] [Server thread/TRACE] [FML]:   Registry: 6 minecraft:long_night_vision net.minecraft.potion.PotionType@4d0e1a9a
[22:10:40] [Server thread/TRACE] [FML]:   Registry: 7 minecraft:invisibility net.minecraft.potion.PotionType@25218a4d
[22:10:40] [Server thread/TRACE] [FML]:   Registry: 8 minecraft:long_invisibility net.minecraft.potion.PotionType@bf2aa32
[22:10:40] [Server thread/TRACE] [FML]:   Registry: 9 minecraft:leaping net.minecraft.potion.PotionType@56da96b3
[22:10:40] [Server thread/TRACE] [FML]:   Registry: 10 minecraft:long_leaping net.minecraft.potion.PotionType@6b3d9c38
[22:10:40] [Server thread/TRACE] [FML]:   Registry: 11 minecraft:strong_leaping net.minecraft.potion.PotionType@426710f0
[22:10:40] [Server thread/TRACE] [FML]:   Registry: 12 minecraft:fire_resistance net.minecraft.potion.PotionType@5c5a91b4
[22:10:40] [Server thread/TRACE] [FML]:   Registry: 13 minecraft:long_fire_resistance net.minecraft.potion.PotionType@5e37fb82
[22:10:40] [Server thread/TRACE] [FML]:   Registry: 14 minecraft:swiftness net.minecraft.potion.PotionType@59ec7020
[22:10:40] [Server thread/TRACE] [FML]:   Registry: 15 minecraft:long_swiftness net.minecraft.potion.PotionType@23f60b7d
[22:10:40] [Server thread/TRACE] [FML]:   Registry: 16 minecraft:strong_swiftness net.minecraft.potion.PotionType@2ba9f986
[22:10:40] [Server thread/TRACE] [FML]:   Registry: 17 minecraft:slowness net.minecraft.potion.PotionType@4aa3fc9a
[22:10:40] [Server thread/TRACE] [FML]:   Registry: 18 minecraft:long_slowness net.minecraft.potion.PotionType@70f4f89e
[22:10:40] [Server thread/TRACE] [FML]:   Registry: 19 minecraft:water_breathing net.minecraft.potion.PotionType@634aa81e
[22:10:40] [Server thread/TRACE] [FML]:   Registry: 20 minecraft:long_water_breathing net.minecraft.potion.PotionType@74b1838
[22:10:40] [Server thread/TRACE] [FML]:   Registry: 21 minecraft:healing net.minecraft.potion.PotionType@52d96367
[22:10:40] [Server thread/TRACE] [FML]:   Registry: 22 minecraft:strong_healing net.minecraft.potion.PotionType@5be51aa
[22:10:40] [Server thread/TRACE] [FML]:   Registry: 23 minecraft:harming net.minecraft.potion.PotionType@3302035b
[22:10:40] [Server thread/TRACE] [FML]:   Registry: 24 minecraft:strong_harming net.minecraft.potion.PotionType@6c5747db
[22:10:40] [Server thread/TRACE] [FML]:   Registry: 25 minecraft:poison net.minecraft.potion.PotionType@750cd36d
[22:10:40] [Server thread/TRACE] [FML]:   Registry: 26 minecraft:long_poison net.minecraft.potion.PotionType@2c8ff67
[22:10:40] [Server thread/TRACE] [FML]:   Registry: 27 minecraft:strong_poison net.minecraft.potion.PotionType@21733cbe
[22:10:40] [Server thread/TRACE] [FML]:   Registry: 28 minecraft:regeneration net.minecraft.potion.PotionType@77ccded4
[22:10:40] [Server thread/TRACE] [FML]:   Registry: 29 minecraft:long_regeneration net.minecraft.potion.PotionType@64c8fcfb
[22:10:40] [Server thread/TRACE] [FML]:   Registry: 30 minecraft:strong_regeneration net.minecraft.potion.PotionType@21be14c2
[22:10:40] [Server thread/TRACE] [FML]:   Registry: 31 minecraft:strength net.minecraft.potion.PotionType@19105a87
[22:10:40] [Server thread/TRACE] [FML]:   Registry: 32 minecraft:long_strength net.minecraft.potion.PotionType@83b0d0f
[22:10:40] [Server thread/TRACE] [FML]:   Registry: 33 minecraft:strong_strength net.minecraft.potion.PotionType@2bb717d7
[22:10:40] [Server thread/TRACE] [FML]:   Registry: 34 minecraft:weakness net.minecraft.potion.PotionType@7afe0e67
[22:10:40] [Server thread/TRACE] [FML]:   Registry: 35 minecraft:long_weakness net.minecraft.potion.PotionType@6121a7dd
[22:10:40] [Server thread/TRACE] [FML]:   Registry: 36 minecraft:luck net.minecraft.potion.PotionType@31228d83
[22:10:40] [Server thread/TRACE] [FML]:   Registry: 37 sexmod:horny_potion net.minecraft.potion.PotionType@7bc1c718
[22:10:40] [Server thread/TRACE] [FML]: Registry Name : minecraft:enchantments
[22:10:40] [Server thread/TRACE] [FML]:   Registry: 0 minecraft:protection net.minecraft.enchantment.EnchantmentProtection@370c7cc5
[22:10:40] [Server thread/TRACE] [FML]:   Registry: 1 minecraft:fire_protection net.minecraft.enchantment.EnchantmentProtection@61b838f2
[22:10:40] [Server thread/TRACE] [FML]:   Registry: 2 minecraft:feather_falling net.minecraft.enchantment.EnchantmentProtection@2a04ab05
[22:10:40] [Server thread/TRACE] [FML]:   Registry: 3 minecraft:blast_protection net.minecraft.enchantment.EnchantmentProtection@5ebbde60
[22:10:40] [Server thread/TRACE] [FML]:   Registry: 4 minecraft:projectile_protection net.minecraft.enchantment.EnchantmentProtection@a056b26
[22:10:40] [Server thread/TRACE] [FML]:   Registry: 5 minecraft:respiration net.minecraft.enchantment.EnchantmentOxygen@25c1f5ee
[22:10:40] [Server thread/TRACE] [FML]:   Registry: 6 minecraft:aqua_affinity net.minecraft.enchantment.EnchantmentWaterWorker@15a8cebd
[22:10:40] [Server thread/TRACE] [FML]:   Registry: 7 minecraft:thorns net.minecraft.enchantment.EnchantmentThorns@2a484710
[22:10:40] [Server thread/TRACE] [FML]:   Registry: 8 minecraft:depth_strider net.minecraft.enchantment.EnchantmentWaterWalker@424f02b8
[22:10:40] [Server thread/TRACE] [FML]:   Registry: 9 minecraft:frost_walker net.minecraft.enchantment.EnchantmentFrostWalker@69b3886f
[22:10:40] [Server thread/TRACE] [FML]:   Registry: 10 minecraft:binding_curse net.minecraft.enchantment.EnchantmentBindingCurse@6793f752
[22:10:40] [Server thread/TRACE] [FML]:   Registry: 16 minecraft:sharpness net.minecraft.enchantment.EnchantmentDamage@482ba4b1
[22:10:40] [Server thread/TRACE] [FML]:   Registry: 17 minecraft:smite net.minecraft.enchantment.EnchantmentDamage@307af381
[22:10:40] [Server thread/TRACE] [FML]:   Registry: 18 minecraft:bane_of_arthropods net.minecraft.enchantment.EnchantmentDamage@1510b9a2
[22:10:40] [Server thread/TRACE] [FML]:   Registry: 19 minecraft:knockback net.minecraft.enchantment.EnchantmentKnockback@4bcdd11
[22:10:40] [Server thread/TRACE] [FML]:   Registry: 20 minecraft:fire_aspect net.minecraft.enchantment.EnchantmentFireAspect@58c42c8c
[22:10:40] [Server thread/TRACE] [FML]:   Registry: 21 minecraft:looting net.minecraft.enchantment.EnchantmentLootBonus@54895681
[22:10:40] [Server thread/TRACE] [FML]:   Registry: 22 minecraft:sweeping net.minecraft.enchantment.EnchantmentSweepingEdge@1796b2d4
[22:10:40] [Server thread/TRACE] [FML]:   Registry: 32 minecraft:efficiency net.minecraft.enchantment.EnchantmentDigging@5db0003d
[22:10:40] [Server thread/TRACE] [FML]:   Registry: 33 minecraft:silk_touch net.minecraft.enchantment.EnchantmentUntouching@200d1a3d
[22:10:40] [Server thread/TRACE] [FML]:   Registry: 34 minecraft:unbreaking net.minecraft.enchantment.EnchantmentDurability@37d699a1
[22:10:40] [Server thread/TRACE] [FML]:   Registry: 35 minecraft:fortune net.minecraft.enchantment.EnchantmentLootBonus@7f42b194
[22:10:40] [Server thread/TRACE] [FML]:   Registry: 48 minecraft:power net.minecraft.enchantment.EnchantmentArrowDamage@2a8f8555
[22:10:40] [Server thread/TRACE] [FML]:   Registry: 49 minecraft:punch net.minecraft.enchantment.EnchantmentArrowKnockback@23b1aa9
[22:10:40] [Server thread/TRACE] [FML]:   Registry: 50 minecraft:flame net.minecraft.enchantment.EnchantmentArrowFire@267ff4df
[22:10:40] [Server thread/TRACE] [FML]:   Registry: 51 minecraft:infinity net.minecraft.enchantment.EnchantmentArrowInfinite@e26a3df
[22:10:40] [Server thread/TRACE] [FML]:   Registry: 61 minecraft:luck_of_the_sea net.minecraft.enchantment.EnchantmentLootBonus@57a667c8
[22:10:40] [Server thread/TRACE] [FML]:   Registry: 62 minecraft:lure net.minecraft.enchantment.EnchantmentFishingSpeed@1b17d8ab
[22:10:40] [Server thread/TRACE] [FML]:   Registry: 70 minecraft:mending net.minecraft.enchantment.EnchantmentMending@6d969330
[22:10:40] [Server thread/TRACE] [FML]:   Registry: 71 minecraft:vanishing_curse net.minecraft.enchantment.EnchantmentVanishingCurse@714e861f
[22:10:40] [Server thread/TRACE] [FML]: Registry Name : minecraft:recipes
[22:10:40] [Server thread/TRACE] [FML]:   Registry: 0 minecraft:armordye net.minecraft.item.crafting.RecipesArmorDyes@3b65084e
[22:10:40] [Server thread/TRACE] [FML]:   Registry: 1 minecraft:bookcloning net.minecraft.item.crafting.RecipeBookCloning@7d12429
[22:10:40] [Server thread/TRACE] [FML]:   Registry: 2 minecraft:mapcloning net.minecraft.item.crafting.RecipesMapCloning@5db9f51f
[22:10:40] [Server thread/TRACE] [FML]:   Registry: 3 minecraft:mapextending net.minecraft.item.crafting.RecipesMapExtending@429e7914
[22:10:40] [Server thread/TRACE] [FML]:   Registry: 4 minecraft:fireworks net.minecraft.item.crafting.RecipeFireworks@1a7d0c9f
[22:10:40] [Server thread/TRACE] [FML]:   Registry: 5 minecraft:repairitem net.minecraft.item.crafting.RecipeRepairItem@280484c7
[22:10:40] [Server thread/TRACE] [FML]:   Registry: 6 minecraft:tippedarrow net.minecraft.item.crafting.RecipeTippedArrow@59127611
[22:10:40] [Server thread/TRACE] [FML]:   Registry: 7 minecraft:bannerduplicate net.minecraft.item.crafting.RecipesBanners$RecipeDuplicatePattern@5c0e2ec
[22:10:40] [Server thread/TRACE] [FML]:   Registry: 8 minecraft:banneraddpattern net.minecraft.item.crafting.RecipesBanners$RecipeAddPattern@369ad7da
[22:10:40] [Server thread/TRACE] [FML]:   Registry: 9 minecraft:shielddecoration net.minecraft.item.crafting.ShieldRecipes$Decoration@222d9d4f
[22:10:40] [Server thread/TRACE] [FML]:   Registry: 10 minecraft:shulkerboxcoloring net.minecraft.item.crafting.ShulkerBoxRecipes$ShulkerBoxColoring@71e7830a
[22:10:40] [Server thread/TRACE] [FML]:   Registry: 11 minecraft:yellow_wool net.minecraft.item.crafting.ShapelessRecipes@46524ebe
[22:10:40] [Server thread/TRACE] [FML]:   Registry: 12 minecraft:yellow_stained_hardened_clay net.minecraft.item.crafting.ShapedRecipes@5cbe95b1
[22:10:40] [Server thread/TRACE] [FML]:   Registry: 13 minecraft:yellow_stained_glass_pane net.minecraft.item.crafting.ShapedRecipes@6210666c
[22:10:40] [Server thread/TRACE] [FML]:   Registry: 14 minecraft:yellow_stained_glass net.minecraft.item.crafting.ShapedRecipes@6c830ebd
[22:10:40] [Server thread/TRACE] [FML]:   Registry: 15 minecraft:yellow_dye_from_sunflower net.minecraft.item.crafting.ShapelessRecipes@11ad095c
[22:10:40] [Server thread/TRACE] [FML]:   Registry: 16 minecraft:yellow_dye_from_dandelion net.minecraft.item.crafting.ShapelessRecipes@19d27c27
[22:10:40] [Server thread/TRACE] [FML]:   Registry: 17 minecraft:yellow_concrete_powder net.minecraft.item.crafting.ShapelessRecipes@118fbaf0
[22:10:40] [Server thread/TRACE] [FML]:   Registry: 18 minecraft:yellow_carpet net.minecraft.item.crafting.ShapedRecipes@50b4364
[22:10:40] [Server thread/TRACE] [FML]:   Registry: 19 minecraft:yellow_bed_from_white_bed net.minecraft.item.crafting.ShapelessRecipes@9dc782d
[22:10:40] [Server thread/TRACE] [FML]:   Registry: 20 minecraft:yellow_bed net.minecraft.item.crafting.ShapedRecipes@54275b5d
[22:10:40] [Server thread/TRACE] [FML]:   Registry: 21 minecraft:yellow_banner net.minecraft.item.crafting.ShapedRecipes@31b6b0c7
[22:10:40] [Server thread/TRACE] [FML]:   Registry: 22 minecraft:writable_book net.minecraft.item.crafting.ShapelessRecipes@7752c0e7
[22:10:40] [Server thread/TRACE] [FML]:   Registry: 23 minecraft:wooden_sword net.minecraft.item.crafting.ShapedRecipes@5368e981
[22:10:40] [Server thread/TRACE] [FML]:   Registry: 24 minecraft:wooden_shovel net.minecraft.item.crafting.ShapedRecipes@685e6a68
[22:10:40] [Server thread/TRACE] [FML]:   Registry: 25 minecraft:wooden_pressure_plate net.minecraft.item.crafting.ShapedRecipes@2673487b
[22:10:40] [Server thread/TRACE] [FML]:   Registry: 26 minecraft:wooden_pickaxe net.minecraft.item.crafting.ShapedRecipes@350f18a6
[22:10:40] [Server thread/TRACE] [FML]:   Registry: 27 minecraft:wooden_hoe net.minecraft.item.crafting.ShapedRecipes@74bdfa0b
[22:10:40] [Server thread/TRACE] [FML]:   Registry: 28 minecraft:wooden_door net.minecraft.item.crafting.ShapedRecipes@17f8db6
[22:10:40] [Server thread/TRACE] [FML]:   Registry: 29 minecraft:wooden_button net.minecraft.item.crafting.ShapedRecipes@71fb8301
[22:10:40] [Server thread/TRACE] [FML]:   Registry: 30 minecraft:wooden_axe net.minecraft.item.crafting.ShapedRecipes@1ddf42dd
[22:10:40] [Server thread/TRACE] [FML]:   Registry: 31 minecraft:white_stained_hardened_clay net.minecraft.item.crafting.ShapedRecipes@5d37aa0f
[22:10:40] [Server thread/TRACE] [FML]:   Registry: 32 minecraft:white_stained_glass_pane net.minecraft.item.crafting.ShapedRecipes@72a3462f
[22:10:40] [Server thread/TRACE] [FML]:   Registry: 33 minecraft:white_stained_glass net.minecraft.item.crafting.ShapedRecipes@22aefae0
[22:10:40] [Server thread/TRACE] [FML]:   Registry: 34 minecraft:white_concrete_powder net.minecraft.item.crafting.ShapelessRecipes@21abda60
[22:10:40] [Server thread/TRACE] [FML]:   Registry: 35 minecraft:white_carpet net.minecraft.item.crafting.ShapedRecipes@69a73867
[22:10:40] [Server thread/TRACE] [FML]:   Registry: 36 minecraft:white_bed net.minecraft.item.crafting.ShapedRecipes@401ec794
[22:10:40] [Server thread/TRACE] [FML]:   Registry: 37 minecraft:white_banner net.minecraft.item.crafting.ShapedRecipes@750e2d33
[22:10:40] [Server thread/TRACE] [FML]:   Registry: 38 minecraft:wheat net.minecraft.item.crafting.ShapedRecipes@252c6cdb
[22:10:40] [Server thread/TRACE] [FML]:   Registry: 39 minecraft:tripwire_hook net.minecraft.item.crafting.ShapedRecipes@70a24f9
[22:10:40] [Server thread/TRACE] [FML]:   Registry: 40 minecraft:trapped_chest net.minecraft.item.crafting.ShapelessRecipes@36cfe107
[22:10:40] [Server thread/TRACE] [FML]:   Registry: 41 minecraft:trapdoor net.minecraft.item.crafting.ShapedRecipes@51b51641
[22:10:40] [Server thread/TRACE] [FML]:   Registry: 42 minecraft:torch net.minecraft.item.crafting.ShapedRecipes@ff4b223
[22:10:40] [Server thread/TRACE] [FML]:   Registry: 43 minecraft:tnt_minecart net.minecraft.item.crafting.ShapedRecipes@9f1ca74
[22:10:40] [Server thread/TRACE] [FML]:   Registry: 44 minecraft:tnt net.minecraft.item.crafting.ShapedRecipes@f9a5e3f
[22:10:40] [Server thread/TRACE] [FML]:   Registry: 45 minecraft:sugar net.minecraft.item.crafting.ShapedRecipes@3e04abc5
[22:10:40] [Server thread/TRACE] [FML]:   Registry: 46 minecraft:string_to_wool net.minecraft.item.crafting.ShapedRecipes@1533338c
[22:10:40] [Server thread/TRACE] [FML]:   Registry: 47 minecraft:stonebrick net.minecraft.item.crafting.ShapedRecipes@21f91efa
[22:10:40] [Server thread/TRACE] [FML]:   Registry: 48 minecraft:stone_sword net.minecraft.item.crafting.ShapedRecipes@6de84336
[22:10:40] [Server thread/TRACE] [FML]:   Registry: 49 minecraft:stone_stairs net.minecraft.item.crafting.ShapedRecipes@1a5b7394
[22:10:40] [Server thread/TRACE] [FML]:   Registry: 50 minecraft:stone_slab net.minecraft.item.crafting.ShapedRecipes@28b5662d
[22:10:40] [Server thread/TRACE] [FML]:   Registry: 51 minecraft:stone_shovel net.minecraft.item.crafting.ShapedRecipes@2d4e99de
[22:10:40] [Server thread/TRACE] [FML]:   Registry: 52 minecraft:stone_pressure_plate net.minecraft.item.crafting.ShapedRecipes@63bca84d
[22:10:40] [Server thread/TRACE] [FML]:   Registry: 53 minecraft:stone_pickaxe net.minecraft.item.crafting.ShapedRecipes@13dc6649
[22:10:40] [Server thread/TRACE] [FML]:   Registry: 54 minecraft:stone_hoe net.minecraft.item.crafting.ShapedRecipes@3982206a
[22:10:40] [Server thread/TRACE] [FML]:   Registry: 55 minecraft:stone_button net.minecraft.item.crafting.ShapedRecipes@10f20d38
[22:10:40] [Server thread/TRACE] [FML]:   Registry: 56 minecraft:stone_brick_stairs net.minecraft.item.crafting.ShapedRecipes@419f0ea
[22:10:40] [Server thread/TRACE] [FML]:   Registry: 57 minecraft:stone_brick_slab net.minecraft.item.crafting.ShapedRecipes@3c544c9
[22:10:40] [Server thread/TRACE] [FML]:   Registry: 58 minecraft:stone_axe net.minecraft.item.crafting.ShapedRecipes@43a59289
[22:10:40] [Server thread/TRACE] [FML]:   Registry: 59 minecraft:sticky_piston net.minecraft.item.crafting.ShapedRecipes@5529522f
[22:10:40] [Server thread/TRACE] [FML]:   Registry: 60 minecraft:stick net.minecraft.item.crafting.ShapedRecipes@1073c664
[22:10:40] [Server thread/TRACE] [FML]:   Registry: 61 minecraft:spruce_wooden_slab net.minecraft.item.crafting.ShapedRecipes@1b60d324
[22:10:40] [Server thread/TRACE] [FML]:   Registry: 62 minecraft:spruce_stairs net.minecraft.item.crafting.ShapedRecipes@38929da
[22:10:40] [Server thread/TRACE] [FML]:   Registry: 63 minecraft:spruce_planks net.minecraft.item.crafting.ShapedRecipes@42f9873e
[22:10:40] [Server thread/TRACE] [FML]:   Registry: 64 minecraft:spruce_fence_gate net.minecraft.item.crafting.ShapedRecipes@5ee6fdc4
[22:10:40] [Server thread/TRACE] [FML]:   Registry: 65 minecraft:spruce_fence net.minecraft.item.crafting.ShapedRecipes@48b3b1b8
[22:10:40] [Server thread/TRACE] [FML]:   Registry: 66 minecraft:spruce_door net.minecraft.item.crafting.ShapedRecipes@39a3984c
[22:10:40] [Server thread/TRACE] [FML]:   Registry: 67 minecraft:spruce_boat net.minecraft.item.crafting.ShapedRecipes@686b1e2d
[22:10:40] [Server thread/TRACE] [FML]:   Registry: 68 minecraft:spectral_arrow net.minecraft.item.crafting.ShapedRecipes@7b598d05
[22:10:40] [Server thread/TRACE] [FML]:   Registry: 69 minecraft:speckled_melon net.minecraft.item.crafting.ShapedRecipes@16df9bde
[22:10:40] [Server thread/TRACE] [FML]:   Registry: 70 minecraft:snow_layer net.minecraft.item.crafting.ShapedRecipes@2ec5cc14
[22:10:40] [Server thread/TRACE] [FML]:   Registry: 71 minecraft:snow net.minecraft.item.crafting.ShapedRecipes@17d816b3
[22:10:40] [Server thread/TRACE] [FML]:   Registry: 72 minecraft:smooth_sandstone net.minecraft.item.crafting.ShapedRecipes@2da5fdc
[22:10:40] [Server thread/TRACE] [FML]:   Registry: 73 minecraft:smooth_red_sandstone net.minecraft.item.crafting.ShapedRecipes@615bad16
[22:10:40] [Server thread/TRACE] [FML]:   Registry: 74 minecraft:slime_ball net.minecraft.item.crafting.ShapedRecipes@2ecdf528
[22:10:40] [Server thread/TRACE] [FML]:   Registry: 75 minecraft:slime net.minecraft.item.crafting.ShapedRecipes@76db9048
[22:10:40] [Server thread/TRACE] [FML]:   Registry: 76 minecraft:sign net.minecraft.item.crafting.ShapedRecipes@11228bee
[22:10:40] [Server thread/TRACE] [FML]:   Registry: 77 minecraft:shield net.minecraft.item.crafting.ShapedRecipes@2487e20
[22:10:40] [Server thread/TRACE] [FML]:   Registry: 78 minecraft:shears net.minecraft.item.crafting.ShapedRecipes@3cdfbbef
[22:10:40] [Server thread/TRACE] [FML]:   Registry: 79 minecraft:sea_lantern net.minecraft.item.crafting.ShapedRecipes@d8e4250
[22:10:40] [Server thread/TRACE] [FML]:   Registry: 80 minecraft:sandstone_stairs net.minecraft.item.crafting.ShapedRecipes@20a47036
[22:10:40] [Server thread/TRACE] [FML]:   Registry: 81 minecraft:sandstone_slab net.minecraft.item.crafting.ShapedRecipes@26865b57
[22:10:40] [Server thread/TRACE] [FML]:   Registry: 82 minecraft:sandstone net.minecraft.item.crafting.ShapedRecipes@6df2a206
[22:10:40] [Server thread/TRACE] [FML]:   Registry: 83 minecraft:repeater net.minecraft.item.crafting.ShapedRecipes@598778cc
[22:10:40] [Server thread/TRACE] [FML]:   Registry: 84 minecraft:redstone_torch net.minecraft.item.crafting.ShapedRecipes@4571cebe
[22:10:40] [Server thread/TRACE] [FML]:   Registry: 85 minecraft:redstone_lamp net.minecraft.item.crafting.ShapedRecipes@704c3bdf
[22:10:40] [Server thread/TRACE] [FML]:   Registry: 86 minecraft:redstone_block net.minecraft.item.crafting.ShapedRecipes@14df5253
[22:10:40] [Server thread/TRACE] [FML]:   Registry: 87 minecraft:redstone net.minecraft.item.crafting.ShapedRecipes@710afd47
[22:10:40] [Server thread/TRACE] [FML]:   Registry: 88 minecraft:red_wool net.minecraft.item.crafting.ShapelessRecipes@604f376a
[22:10:40] [Server thread/TRACE] [FML]:   Registry: 89 minecraft:red_stained_hardened_clay net.minecraft.item.crafting.ShapedRecipes@1805ec96
[22:10:40] [Server thread/TRACE] [FML]:   Registry: 90 minecraft:red_stained_glass_pane net.minecraft.item.crafting.ShapedRecipes@702f4124
[22:10:40] [Server thread/TRACE] [FML]:   Registry: 91 minecraft:red_stained_glass net.minecraft.item.crafting.ShapedRecipes@22ff1372
[22:10:40] [Server thread/TRACE] [FML]:   Registry: 92 minecraft:red_sandstone_stairs net.minecraft.item.crafting.ShapedRecipes@7283877
[22:10:40] [Server thread/TRACE] [FML]:   Registry: 93 minecraft:red_sandstone_slab net.minecraft.item.crafting.ShapedRecipes@3e2c4d4b
[22:10:40] [Server thread/TRACE] [FML]:   Registry: 94 minecraft:red_sandstone net.minecraft.item.crafting.ShapedRecipes@11180750
[22:10:40] [Server thread/TRACE] [FML]:   Registry: 95 minecraft:red_nether_brick net.minecraft.item.crafting.ShapedRecipes@7d7b4e04
[22:10:40] [Server thread/TRACE] [FML]:   Registry: 96 minecraft:red_dye_from_tulip net.minecraft.item.crafting.ShapelessRecipes@7f4f1536
[22:10:40] [Server thread/TRACE] [FML]:   Registry: 97 minecraft:red_dye_from_rose_bush net.minecraft.item.crafting.ShapelessRecipes@70b196d3
[22:10:40] [Server thread/TRACE] [FML]:   Registry: 98 minecraft:red_dye_from_poppy net.minecraft.item.crafting.ShapelessRecipes@e7b0bec
[22:10:40] [Server thread/TRACE] [FML]:   Registry: 99 minecraft:red_dye_from_beetroot net.minecraft.item.crafting.ShapelessRecipes@59f3426f
[22:10:40] [Server thread/TRACE] [FML]:   Registry: 100 minecraft:red_concrete_powder net.minecraft.item.crafting.ShapelessRecipes@2e159116
[22:10:40] [Server thread/TRACE] [FML]:   Registry: 101 minecraft:red_carpet net.minecraft.item.crafting.ShapedRecipes@6996bbc4
[22:10:40] [Server thread/TRACE] [FML]:   Registry: 102 minecraft:red_bed_from_white_bed net.minecraft.item.crafting.ShapelessRecipes@64f3991e
[22:10:40] [Server thread/TRACE] [FML]:   Registry: 103 minecraft:red_bed net.minecraft.item.crafting.ShapedRecipes@1de30c31
[22:10:40] [Server thread/TRACE] [FML]:   Registry: 104 minecraft:red_banner net.minecraft.item.crafting.ShapedRecipes@2e4ecdf8
[22:10:40] [Server thread/TRACE] [FML]:   Registry: 105 minecraft:rail net.minecraft.item.crafting.ShapedRecipes@36c783ca
[22:10:40] [Server thread/TRACE] [FML]:   Registry: 106 minecraft:rabbit_stew_from_red_mushroom net.minecraft.item.crafting.ShapedRecipes@21a9f95b
[22:10:40] [Server thread/TRACE] [FML]:   Registry: 107 minecraft:rabbit_stew_from_brown_mushroom net.minecraft.item.crafting.ShapedRecipes@3041beb3
[22:10:40] [Server thread/TRACE] [FML]:   Registry: 108 minecraft:quartz_stairs net.minecraft.item.crafting.ShapedRecipes@19647566
[22:10:40] [Server thread/TRACE] [FML]:   Registry: 109 minecraft:quartz_slab net.minecraft.item.crafting.ShapedRecipes@2335aef2
[22:10:40] [Server thread/TRACE] [FML]:   Registry: 110 minecraft:quartz_block net.minecraft.item.crafting.ShapedRecipes@39a8e2fa
[22:10:40] [Server thread/TRACE] [FML]:   Registry: 111 minecraft:purpur_stairs net.minecraft.item.crafting.ShapedRecipes@71b3ba5a
[22:10:40] [Server thread/TRACE] [FML]:   Registry: 112 minecraft:purpur_slab net.minecraft.item.crafting.ShapedRecipes@7856f41a
[22:10:40] [Server thread/TRACE] [FML]:   Registry: 113 minecraft:purpur_pillar net.minecraft.item.crafting.ShapedRecipes@284c4f02
[22:10:40] [Server thread/TRACE] [FML]:   Registry: 114 minecraft:purpur_block net.minecraft.item.crafting.ShapedRecipes@1b8d20e6
[22:10:40] [Server thread/TRACE] [FML]:   Registry: 115 minecraft:purple_wool net.minecraft.item.crafting.ShapelessRecipes@1a4930cf
[22:10:40] [Server thread/TRACE] [FML]:   Registry: 116 minecraft:purple_stained_hardened_clay net.minecraft.item.crafting.ShapedRecipes@7c956dda
[22:10:40] [Server thread/TRACE] [FML]:   Registry: 117 minecraft:purple_stained_glass_pane net.minecraft.item.crafting.ShapedRecipes@78d6c244
[22:10:40] [Server thread/TRACE] [FML]:   Registry: 118 minecraft:purple_stained_glass net.minecraft.item.crafting.ShapedRecipes@631944d4
[22:10:40] [Server thread/TRACE] [FML]:   Registry: 119 minecraft:purple_shulker_box net.minecraft.item.crafting.ShapedRecipes@2fa212df
[22:10:40] [Server thread/TRACE] [FML]:   Registry: 120 minecraft:purple_dye net.minecraft.item.crafting.ShapelessRecipes@6591f8ea
[22:10:40] [Server thread/TRACE] [FML]:   Registry: 121 minecraft:purple_concrete_powder net.minecraft.item.crafting.ShapelessRecipes@7aa3857b
[22:10:40] [Server thread/TRACE] [FML]:   Registry: 122 minecraft:purple_carpet net.minecraft.item.crafting.ShapedRecipes@1d2046bb
[22:10:40] [Server thread/TRACE] [FML]:   Registry: 123 minecraft:purple_bed_from_white_bed net.minecraft.item.crafting.ShapelessRecipes@3b9c9b8b
[22:10:40] [Server thread/TRACE] [FML]:   Registry: 124 minecraft:purple_bed net.minecraft.item.crafting.ShapedRecipes@5af38a4a
[22:10:40] [Server thread/TRACE] [FML]:   Registry: 125 minecraft:purple_banner net.minecraft.item.crafting.ShapedRecipes@315cf170
[22:10:40] [Server thread/TRACE] [FML]:   Registry: 126 minecraft:pumpkin_seeds net.minecraft.item.crafting.ShapedRecipes@53e28097
[22:10:40] [Server thread/TRACE] [FML]:   Registry: 127 minecraft:pumpkin_pie net.minecraft.item.crafting.ShapelessRecipes@595ec862
[22:10:40] [Server thread/TRACE] [FML]:   Registry: 128 minecraft:prismarine_bricks net.minecraft.item.crafting.ShapedRecipes@56cd5d76
[22:10:40] [Server thread/TRACE] [FML]:   Registry: 129 minecraft:prismarine net.minecraft.item.crafting.ShapedRecipes@9f2376f
[22:10:40] [Server thread/TRACE] [FML]:   Registry: 130 minecraft:polished_granite net.minecraft.item.crafting.ShapedRecipes@204b0f07
[22:10:40] [Server thread/TRACE] [FML]:   Registry: 131 minecraft:polished_diorite net.minecraft.item.crafting.ShapedRecipes@25d0b918
[22:10:40] [Server thread/TRACE] [FML]:   Registry: 132 minecraft:polished_andesite net.minecraft.item.crafting.ShapedRecipes@5feb82b3
[22:10:40] [Server thread/TRACE] [FML]:   Registry: 133 minecraft:piston net.minecraft.item.crafting.ShapedRecipes@4b09d1c3
[22:10:40] [Server thread/TRACE] [FML]:   Registry: 134 minecraft:pink_wool net.minecraft.item.crafting.ShapelessRecipes@165aa43a
[22:10:40] [Server thread/TRACE] [FML]:   Registry: 135 minecraft:pink_stained_hardened_clay net.minecraft.item.crafting.ShapedRecipes@38667005
[22:10:40] [Server thread/TRACE] [FML]:   Registry: 136 minecraft:pink_stained_glass_pane net.minecraft.item.crafting.ShapedRecipes@76ffc17c
[22:10:40] [Server thread/TRACE] [FML]:   Registry: 137 minecraft:pink_stained_glass net.minecraft.item.crafting.ShapedRecipes@71a2df1
[22:10:40] [Server thread/TRACE] [FML]:   Registry: 138 minecraft:pink_dye_from_red_bonemeal net.minecraft.item.crafting.ShapelessRecipes@6d617b07
[22:10:40] [Server thread/TRACE] [FML]:   Registry: 139 minecraft:pink_dye_from_pink_tulip net.minecraft.item.crafting.ShapelessRecipes@1acc873b
[22:10:40] [Server thread/TRACE] [FML]:   Registry: 140 minecraft:pink_dye_from_peony net.minecraft.item.crafting.ShapelessRecipes@14201a90
[22:10:40] [Server thread/TRACE] [FML]:   Registry: 141 minecraft:pink_concrete_powder net.minecraft.item.crafting.ShapelessRecipes@3a4f8e8a
[22:10:40] [Server thread/TRACE] [FML]:   Registry: 142 minecraft:pink_carpet net.minecraft.item.crafting.ShapedRecipes@6fd7aba8
[22:10:40] [Server thread/TRACE] [FML]:   Registry: 143 minecraft:pink_bed_from_white_bed net.minecraft.item.crafting.ShapelessRecipes@7573c7b5
[22:10:40] [Server thread/TRACE] [FML]:   Registry: 144 minecraft:pink_bed net.minecraft.item.crafting.ShapedRecipes@29f95272
[22:10:40] [Server thread/TRACE] [FML]:   Registry: 145 minecraft:pink_banner net.minecraft.item.crafting.ShapedRecipes@b841713
[22:10:40] [Server thread/TRACE] [FML]:   Registry: 146 minecraft:pillar_quartz_block net.minecraft.item.crafting.ShapedRecipes@3a54638b
[22:10:40] [Server thread/TRACE] [FML]:   Registry: 147 minecraft:paper net.minecraft.item.crafting.ShapedRecipes@1884e671
[22:10:40] [Server thread/TRACE] [FML]:   Registry: 148 minecraft:painting net.minecraft.item.crafting.ShapedRecipes@1dbff71c
[22:10:40] [Server thread/TRACE] [FML]:   Registry: 149 minecraft:orange_wool net.minecraft.item.crafting.ShapelessRecipes@7cdc4070
[22:10:40] [Server thread/TRACE] [FML]:   Registry: 150 minecraft:orange_stained_hardened_clay net.minecraft.item.crafting.ShapedRecipes@29c25bbc
[22:10:40] [Server thread/TRACE] [FML]:   Registry: 151 minecraft:orange_stained_glass_pane net.minecraft.item.crafting.ShapedRecipes@1de12397
[22:10:40] [Server thread/TRACE] [FML]:   Registry: 152 minecraft:orange_stained_glass net.minecraft.item.crafting.ShapedRecipes@1029cf9
[22:10:40] [Server thread/TRACE] [FML]:   Registry: 153 minecraft:orange_dye_from_red_yellow net.minecraft.item.crafting.ShapelessRecipes@38cb1606
[22:10:40] [Server thread/TRACE] [FML]:   Registry: 154 minecraft:orange_dye_from_orange_tulip net.minecraft.item.crafting.ShapelessRecipes@1171ba7e
[22:10:40] [Server thread/TRACE] [FML]:   Registry: 155 minecraft:orange_concrete_powder net.minecraft.item.crafting.ShapelessRecipes@6630dd28
[22:10:40] [Server thread/TRACE] [FML]:   Registry: 156 minecraft:orange_carpet net.minecraft.item.crafting.ShapedRecipes@6fd9dbe6
[22:10:40] [Server thread/TRACE] [FML]:   Registry: 157 minecraft:orange_bed_from_white_bed net.minecraft.item.crafting.ShapelessRecipes@25d9291a
[22:10:40] [Server thread/TRACE] [FML]:   Registry: 158 minecraft:orange_bed net.minecraft.item.crafting.ShapedRecipes@70d687b8
[22:10:40] [Server thread/TRACE] [FML]:   Registry: 159 minecraft:orange_banner net.minecraft.item.crafting.ShapedRecipes@5ae66c98
[22:10:40] [Server thread/TRACE] [FML]:   Registry: 160 minecraft:observer net.minecraft.item.crafting.ShapedRecipes@7ac685ef
[22:10:40] [Server thread/TRACE] [FML]:   Registry: 161 minecraft:oak_wooden_slab net.minecraft.item.crafting.ShapedRecipes@4b7ab7ab
[22:10:40] [Server thread/TRACE] [FML]:   Registry: 162 minecraft:oak_stairs net.minecraft.item.crafting.ShapedRecipes@4f581211
[22:10:40] [Server thread/TRACE] [FML]:   Registry: 163 minecraft:oak_planks net.minecraft.item.crafting.ShapedRecipes@6697f3d
[22:10:40] [Server thread/TRACE] [FML]:   Registry: 164 minecraft:noteblock net.minecraft.item.crafting.ShapedRecipes@47ef5a33
[22:10:40] [Server thread/TRACE] [FML]:   Registry: 165 minecraft:nether_wart_block net.minecraft.item.crafting.ShapedRecipes@72a34537
[22:10:40] [Server thread/TRACE] [FML]:   Registry: 166 minecraft:nether_brick_stairs net.minecraft.item.crafting.ShapedRecipes@6654ca0d
[22:10:40] [Server thread/TRACE] [FML]:   Registry: 167 minecraft:nether_brick_slab net.minecraft.item.crafting.ShapedRecipes@67a6a2d0
[22:10:40] [Server thread/TRACE] [FML]:   Registry: 168 minecraft:nether_brick_fence net.minecraft.item.crafting.ShapedRecipes@4b360972
[22:10:40] [Server thread/TRACE] [FML]:   Registry: 169 minecraft:nether_brick net.minecraft.item.crafting.ShapedRecipes@40a28bda
[22:10:40] [Server thread/TRACE] [FML]:   Registry: 170 minecraft:mushroom_stew net.minecraft.item.crafting.ShapelessRecipes@15d79b70
[22:10:40] [Server thread/TRACE] [FML]:   Registry: 171 minecraft:mossy_stonebrick net.minecraft.item.crafting.ShapelessRecipes@299a43d9
[22:10:40] [Server thread/TRACE] [FML]:   Registry: 172 minecraft:mossy_cobblestone_wall net.minecraft.item.crafting.ShapedRecipes@768f4b42
[22:10:40] [Server thread/TRACE] [FML]:   Registry: 173 minecraft:mossy_cobblestone net.minecraft.item.crafting.ShapelessRecipes@45fb2354
[22:10:40] [Server thread/TRACE] [FML]:   Registry: 174 minecraft:minecart net.minecraft.item.crafting.ShapedRecipes@5f3f57ff
[22:10:40] [Server thread/TRACE] [FML]:   Registry: 175 minecraft:melon_seeds net.minecraft.item.crafting.ShapedRecipes@7a117dc2
[22:10:40] [Server thread/TRACE] [FML]:   Registry: 176 minecraft:melon_block net.minecraft.item.crafting.ShapedRecipes@6a902015
[22:10:40] [Server thread/TRACE] [FML]:   Registry: 177 minecraft:map net.minecraft.item.crafting.ShapedRecipes@4eb1943b
[22:10:40] [Server thread/TRACE] [FML]:   Registry: 178 minecraft:magma_cream net.minecraft.item.crafting.ShapelessRecipes@30c8c6ab
[22:10:40] [Server thread/TRACE] [FML]:   Registry: 179 minecraft:magma net.minecraft.item.crafting.ShapedRecipes@2dd8a273
[22:10:40] [Server thread/TRACE] [FML]:   Registry: 180 minecraft:magenta_wool net.minecraft.item.crafting.ShapelessRecipes@19ec5357
[22:10:40] [Server thread/TRACE] [FML]:   Registry: 181 minecraft:magenta_stained_hardened_clay net.minecraft.item.crafting.ShapedRecipes@60844992
[22:10:40] [Server thread/TRACE] [FML]:   Registry: 182 minecraft:magenta_stained_glass_pane net.minecraft.item.crafting.ShapedRecipes@7bdb4f17
[22:10:40] [Server thread/TRACE] [FML]:   Registry: 183 minecraft:magenta_stained_glass net.minecraft.item.crafting.ShapedRecipes@4f6fd101
[22:10:40] [Server thread/TRACE] [FML]:   Registry: 184 minecraft:magenta_dye_from_purple_and_pink net.minecraft.item.crafting.ShapelessRecipes@208e5b23
[22:10:40] [Server thread/TRACE] [FML]:   Registry: 185 minecraft:magenta_dye_from_lilac net.minecraft.item.crafting.ShapelessRecipes@794d28a3
[22:10:40] [Server thread/TRACE] [FML]:   Registry: 186 minecraft:magenta_dye_from_lapis_red_pink net.minecraft.item.crafting.ShapelessRecipes@2b2b7e3c
[22:10:40] [Server thread/TRACE] [FML]:   Registry: 187 minecraft:magenta_dye_from_lapis_ink_bonemeal net.minecraft.item.crafting.ShapelessRecipes@6b030101
[22:10:40] [Server thread/TRACE] [FML]:   Registry: 188 minecraft:magenta_dye_from_allium net.minecraft.item.crafting.ShapelessRecipes@628b503a
[22:10:40] [Server thread/TRACE] [FML]:   Registry: 189 minecraft:magenta_concrete_powder net.minecraft.item.crafting.ShapelessRecipes@66a472b9
[22:10:40] [Server thread/TRACE] [FML]:   Registry: 190 minecraft:magenta_carpet net.minecraft.item.crafting.ShapedRecipes@7aa15a80
[22:10:40] [Server thread/TRACE] [FML]:   Registry: 191 minecraft:magenta_bed_from_white_bed net.minecraft.item.crafting.ShapelessRecipes@62b786dc
[22:10:40] [Server thread/TRACE] [FML]:   Registry: 192 minecraft:magenta_bed net.minecraft.item.crafting.ShapedRecipes@9880a15
[22:10:40] [Server thread/TRACE] [FML]:   Registry: 193 minecraft:magenta_banner net.minecraft.item.crafting.ShapedRecipes@3722f39d
[22:10:40] [Server thread/TRACE] [FML]:   Registry: 194 minecraft:lit_pumpkin net.minecraft.item.crafting.ShapedRecipes@2493eec6
[22:10:40] [Server thread/TRACE] [FML]:   Registry: 195 minecraft:lime_wool net.minecraft.item.crafting.ShapelessRecipes@65d90b7f
[22:10:40] [Server thread/TRACE] [FML]:   Registry: 196 minecraft:lime_stained_hardened_clay net.minecraft.item.crafting.ShapedRecipes@7742a276
[22:10:40] [Server thread/TRACE] [FML]:   Registry: 197 minecraft:lime_stained_glass_pane net.minecraft.item.crafting.ShapedRecipes@2beee3e8
[22:10:40] [Server thread/TRACE] [FML]:   Registry: 198 minecraft:lime_stained_glass net.minecraft.item.crafting.ShapedRecipes@3ba97962
[22:10:40] [Server thread/TRACE] [FML]:   Registry: 199 minecraft:lime_dye net.minecraft.item.crafting.ShapelessRecipes@30fa8a6b
[22:10:40] [Server thread/TRACE] [FML]:   Registry: 200 minecraft:lime_concrete_powder net.minecraft.item.crafting.ShapelessRecipes@61b8c9de
[22:10:40] [Server thread/TRACE] [FML]:   Registry: 201 minecraft:lime_carpet net.minecraft.item.crafting.ShapedRecipes@26270b77
[22:10:40] [Server thread/TRACE] [FML]:   Registry: 202 minecraft:lime_bed_from_white_bed net.minecraft.item.crafting.ShapelessRecipes@3eee08f5
[22:10:40] [Server thread/TRACE] [FML]:   Registry: 203 minecraft:lime_bed net.minecraft.item.crafting.ShapedRecipes@290c266c
[22:10:40] [Server thread/TRACE] [FML]:   Registry: 204 minecraft:lime_banner net.minecraft.item.crafting.ShapedRecipes@2570b316
[22:10:40] [Server thread/TRACE] [FML]:   Registry: 205 minecraft:light_weighted_pressure_plate net.minecraft.item.crafting.ShapedRecipes@58ebee9
[22:10:40] [Server thread/TRACE] [FML]:   Registry: 206 minecraft:light_gray_wool net.minecraft.item.crafting.ShapelessRecipes@6be50b35
[22:10:40] [Server thread/TRACE] [FML]:   Registry: 207 minecraft:light_gray_stained_hardened_clay net.minecraft.item.crafting.ShapedRecipes@6814262d
[22:10:40] [Server thread/TRACE] [FML]:   Registry: 208 minecraft:light_gray_stained_glass_pane net.minecraft.item.crafting.ShapedRecipes@da5d5e1
[22:10:40] [Server thread/TRACE] [FML]:   Registry: 209 minecraft:light_gray_stained_glass net.minecraft.item.crafting.ShapedRecipes@7df3da0b
[22:10:40] [Server thread/TRACE] [FML]:   Registry: 210 minecraft:light_gray_dye_from_white_tulip net.minecraft.item.crafting.ShapelessRecipes@402f61f5
[22:10:40] [Server thread/TRACE] [FML]:   Registry: 211 minecraft:light_gray_dye_from_oxeye_daisy net.minecraft.item.crafting.ShapelessRecipes@49e62b17
[22:10:40] [Server thread/TRACE] [FML]:   Registry: 212 minecraft:light_gray_dye_from_ink_bonemeal net.minecraft.item.crafting.ShapelessRecipes@2e426dd2
[22:10:40] [Server thread/TRACE] [FML]:   Registry: 213 minecraft:light_gray_dye_from_gray_bonemeal net.minecraft.item.crafting.ShapelessRecipes@50f3ba6a
[22:10:40] [Server thread/TRACE] [FML]:   Registry: 214 minecraft:light_gray_dye_from_azure_bluet net.minecraft.item.crafting.ShapelessRecipes@4f541e67
[22:10:40] [Server thread/TRACE] [FML]:   Registry: 215 minecraft:light_gray_concrete_powder net.minecraft.item.crafting.ShapelessRecipes@2e7a9db7
[22:10:40] [Server thread/TRACE] [FML]:   Registry: 216 minecraft:light_gray_carpet net.minecraft.item.crafting.ShapedRecipes@5b0e9e0c
[22:10:40] [Server thread/TRACE] [FML]:   Registry: 217 minecraft:light_gray_bed_from_white_bed net.minecraft.item.crafting.ShapelessRecipes@78e387d6
[22:10:40] [Server thread/TRACE] [FML]:   Registry: 218 minecraft:light_gray_bed net.minecraft.item.crafting.ShapedRecipes@60a6840c
[22:10:40] [Server thread/TRACE] [FML]:   Registry: 219 minecraft:light_gray_banner net.minecraft.item.crafting.ShapedRecipes@6de33fde
[22:10:40] [Server thread/TRACE] [FML]:   Registry: 220 minecraft:light_blue_wool net.minecraft.item.crafting.ShapelessRecipes@2a16d4dc
[22:10:40] [Server thread/TRACE] [FML]:   Registry: 221 minecraft:light_blue_stained_hardened_clay net.minecraft.item.crafting.ShapedRecipes@241d1052
[22:10:40] [Server thread/TRACE] [FML]:   Registry: 222 minecraft:light_blue_stained_glass_pane net.minecraft.item.crafting.ShapedRecipes@4fd37449
[22:10:40] [Server thread/TRACE] [FML]:   Registry: 223 minecraft:light_blue_stained_glass net.minecraft.item.crafting.ShapedRecipes@5072e638
[22:10:40] [Server thread/TRACE] [FML]:   Registry: 224 minecraft:light_blue_dye_from_lapis_bonemeal net.minecraft.item.crafting.ShapelessRecipes@70c31b17
[22:10:40] [Server thread/TRACE] [FML]:   Registry: 225 minecraft:light_blue_dye_from_blue_orchid net.minecraft.item.crafting.ShapelessRecipes@4cf230bf
[22:10:40] [Server thread/TRACE] [FML]:   Registry: 226 minecraft:light_blue_concrete_powder net.minecraft.item.crafting.ShapelessRecipes@cf984d9
[22:10:40] [Server thread/TRACE] [FML]:   Registry: 227 minecraft:light_blue_carpet net.minecraft.item.crafting.ShapedRecipes@4045fd1f
[22:10:40] [Server thread/TRACE] [FML]:   Registry: 228 minecraft:light_blue_bed_from_white_bed net.minecraft.item.crafting.ShapelessRecipes@3cead673
[22:10:40] [Server thread/TRACE] [FML]:   Registry: 229 minecraft:light_blue_bed net.minecraft.item.crafting.ShapedRecipes@4152bd0f
[22:10:40] [Server thread/TRACE] [FML]:   Registry: 230 minecraft:light_blue_banner net.minecraft.item.crafting.ShapedRecipes@6e49b011
[22:10:40] [Server thread/TRACE] [FML]:   Registry: 231 minecraft:lever net.minecraft.item.crafting.ShapedRecipes@e706aa
[22:10:40] [Server thread/TRACE] [FML]:   Registry: 232 minecraft:leather_leggings net.minecraft.item.crafting.ShapedRecipes@6906be0f
[22:10:40] [Server thread/TRACE] [FML]:   Registry: 233 minecraft:leather_helmet net.minecraft.item.crafting.ShapedRecipes@62ab5e63
[22:10:40] [Server thread/TRACE] [FML]:   Registry: 234 minecraft:leather_chestplate net.minecraft.item.crafting.ShapedRecipes@5310e451
[22:10:40] [Server thread/TRACE] [FML]:   Registry: 235 minecraft:leather_boots net.minecraft.item.crafting.ShapedRecipes@4c41a177
[22:10:40] [Server thread/TRACE] [FML]:   Registry: 236 minecraft:leather net.minecraft.item.crafting.ShapedRecipes@25421809
[22:10:40] [Server thread/TRACE] [FML]:   Registry: 237 minecraft:lead net.minecraft.item.crafting.ShapedRecipes@5f3ddc86
[22:10:40] [Server thread/TRACE] [FML]:   Registry: 238 minecraft:lapis_lazuli net.minecraft.item.crafting.ShapedRecipes@42e202d7
[22:10:40] [Server thread/TRACE] [FML]:   Registry: 239 minecraft:lapis_block net.minecraft.item.crafting.ShapedRecipes@1255de25
[22:10:40] [Server thread/TRACE] [FML]:   Registry: 240 minecraft:ladder net.minecraft.item.crafting.ShapedRecipes@38e46765
[22:10:40] [Server thread/TRACE] [FML]:   Registry: 241 minecraft:jungle_wooden_slab net.minecraft.item.crafting.ShapedRecipes@3221588e
[22:10:40] [Server thread/TRACE] [FML]:   Registry: 242 minecraft:jungle_stairs net.minecraft.item.crafting.ShapedRecipes@d13379e
[22:10:40] [Server thread/TRACE] [FML]:   Registry: 243 minecraft:jungle_planks net.minecraft.item.crafting.ShapedRecipes@1f5d7fd5
[22:10:40] [Server thread/TRACE] [FML]:   Registry: 244 minecraft:jungle_fence_gate net.minecraft.item.crafting.ShapedRecipes@70697478
[22:10:40] [Server thread/TRACE] [FML]:   Registry: 245 minecraft:jungle_fence net.minecraft.item.crafting.ShapedRecipes@2e0652ab
[22:10:40] [Server thread/TRACE] [FML]:   Registry: 246 minecraft:jungle_door net.minecraft.item.crafting.ShapedRecipes@eb1d475
[22:10:40] [Server thread/TRACE] [FML]:   Registry: 247 minecraft:jungle_boat net.minecraft.item.crafting.ShapedRecipes@11bfd751
[22:10:40] [Server thread/TRACE] [FML]:   Registry: 248 minecraft:jukebox net.minecraft.item.crafting.ShapedRecipes@17df689e
[22:10:40] [Server thread/TRACE] [FML]:   Registry: 249 minecraft:item_frame net.minecraft.item.crafting.ShapedRecipes@713e7d9a
[22:10:40] [Server thread/TRACE] [FML]:   Registry: 250 minecraft:iron_trapdoor net.minecraft.item.crafting.ShapedRecipes@3e6acec2
[22:10:40] [Server thread/TRACE] [FML]:   Registry: 251 minecraft:iron_sword net.minecraft.item.crafting.ShapedRecipes@10d4b573
[22:10:40] [Server thread/TRACE] [FML]:   Registry: 252 minecraft:iron_shovel net.minecraft.item.crafting.ShapedRecipes@39f93225
[22:10:40] [Server thread/TRACE] [FML]:   Registry: 253 minecraft:iron_pickaxe net.minecraft.item.crafting.ShapedRecipes@839755f
[22:10:40] [Server thread/TRACE] [FML]:   Registry: 254 minecraft:iron_nugget net.minecraft.item.crafting.ShapedRecipes@17053b5
[22:10:40] [Server thread/TRACE] [FML]:   Registry: 255 minecraft:iron_leggings net.minecraft.item.crafting.ShapedRecipes@1b25d695
[22:10:40] [Server thread/TRACE] [FML]:   Registry: 256 minecraft:iron_ingot_from_nuggets net.minecraft.item.crafting.ShapedRecipes@75e4fe3c
[22:10:40] [Server thread/TRACE] [FML]:   Registry: 257 minecraft:iron_ingot_from_block net.minecraft.item.crafting.ShapedRecipes@77e6761f
[22:10:40] [Server thread/TRACE] [FML]:   Registry: 258 minecraft:iron_hoe net.minecraft.item.crafting.ShapedRecipes@380fdcf2
[22:10:40] [Server thread/TRACE] [FML]:   Registry: 259 minecraft:iron_helmet net.minecraft.item.crafting.ShapedRecipes@15d58530
[22:10:40] [Server thread/TRACE] [FML]:   Registry: 260 minecraft:iron_door net.minecraft.item.crafting.ShapedRecipes@4a890fdd
[22:10:40] [Server thread/TRACE] [FML]:   Registry: 261 minecraft:iron_chestplate net.minecraft.item.crafting.ShapedRecipes@2acb1264
[22:10:40] [Server thread/TRACE] [FML]:   Registry: 262 minecraft:iron_boots net.minecraft.item.crafting.ShapedRecipes@351ede23
[22:10:40] [Server thread/TRACE] [FML]:   Registry: 263 minecraft:iron_block net.minecraft.item.crafting.ShapedRecipes@7c69e1e1
[22:10:40] [Server thread/TRACE] [FML]:   Registry: 264 minecraft:iron_bars net.minecraft.item.crafting.ShapedRecipes@39b85a73
[22:10:40] [Server thread/TRACE] [FML]:   Registry: 265 minecraft:iron_axe net.minecraft.item.crafting.ShapedRecipes@71468613
[22:10:40] [Server thread/TRACE] [FML]:   Registry: 266 minecraft:hopper_minecart net.minecraft.item.crafting.ShapedRecipes@1b19712f
[22:10:40] [Server thread/TRACE] [FML]:   Registry: 267 minecraft:hopper net.minecraft.item.crafting.ShapedRecipes@6d35ff7b
[22:10:40] [Server thread/TRACE] [FML]:   Registry: 268 minecraft:heavy_weighted_pressure_plate net.minecraft.item.crafting.ShapedRecipes@588d630d
[22:10:40] [Server thread/TRACE] [FML]:   Registry: 269 minecraft:hay_block net.minecraft.item.crafting.ShapedRecipes@60e47aab
[22:10:40] [Server thread/TRACE] [FML]:   Registry: 270 minecraft:green_wool net.minecraft.item.crafting.ShapelessRecipes@7884f722
[22:10:40] [Server thread/TRACE] [FML]:   Registry: 271 minecraft:green_stained_hardened_clay net.minecraft.item.crafting.ShapedRecipes@186295cc
[22:10:40] [Server thread/TRACE] [FML]:   Registry: 272 minecraft:green_stained_glass_pane net.minecraft.item.crafting.ShapedRecipes@bfd97fb
[22:10:40] [Server thread/TRACE] [FML]:   Registry: 273 minecraft:green_stained_glass net.minecraft.item.crafting.ShapedRecipes@751686aa
[22:10:40] [Server thread/TRACE] [FML]:   Registry: 274 minecraft:green_concrete_powder net.minecraft.item.crafting.ShapelessRecipes@49d543a9
[22:10:40] [Server thread/TRACE] [FML]:   Registry: 275 minecraft:green_carpet net.minecraft.item.crafting.ShapedRecipes@492c9892
[22:10:40] [Server thread/TRACE] [FML]:   Registry: 276 minecraft:green_bed_from_white_bed net.minecraft.item.crafting.ShapelessRecipes@6475e778
[22:10:40] [Server thread/TRACE] [FML]:   Registry: 277 minecraft:green_bed net.minecraft.item.crafting.ShapedRecipes@356fa0d1
[22:10:40] [Server thread/TRACE] [FML]:   Registry: 278 minecraft:green_banner net.minecraft.item.crafting.ShapedRecipes@2cadcff6
[22:10:40] [Server thread/TRACE] [FML]:   Registry: 279 minecraft:gray_wool net.minecraft.item.crafting.ShapelessRecipes@e5c5e6
[22:10:40] [Server thread/TRACE] [FML]:   Registry: 280 minecraft:gray_stained_hardened_clay net.minecraft.item.crafting.ShapedRecipes@8cb7185
[22:10:40] [Server thread/TRACE] [FML]:   Registry: 281 minecraft:gray_stained_glass_pane net.minecraft.item.crafting.ShapedRecipes@58ec8271
[22:10:40] [Server thread/TRACE] [FML]:   Registry: 282 minecraft:gray_stained_glass net.minecraft.item.crafting.ShapedRecipes@5eb2972f
[22:10:40] [Server thread/TRACE] [FML]:   Registry: 283 minecraft:gray_dye net.minecraft.item.crafting.ShapelessRecipes@25b4754a
[22:10:40] [Server thread/TRACE] [FML]:   Registry: 284 minecraft:gray_concrete_powder net.minecraft.item.crafting.ShapelessRecipes@528f5b7f
[22:10:40] [Server thread/TRACE] [FML]:   Registry: 285 minecraft:gray_carpet net.minecraft.item.crafting.ShapedRecipes@5f166f2e
[22:10:40] [Server thread/TRACE] [FML]:   Registry: 286 minecraft:gray_bed_from_white_bed net.minecraft.item.crafting.ShapelessRecipes@578b2dec
[22:10:40] [Server thread/TRACE] [FML]:   Registry: 287 minecraft:gray_bed net.minecraft.item.crafting.ShapedRecipes@48ee3c2d
[22:10:40] [Server thread/TRACE] [FML]:   Registry: 288 minecraft:gray_banner net.minecraft.item.crafting.ShapedRecipes@218f2f51
[22:10:40] [Server thread/TRACE] [FML]:   Registry: 289 minecraft:granite net.minecraft.item.crafting.ShapelessRecipes@43756cb
[22:10:40] [Server thread/TRACE] [FML]:   Registry: 290 minecraft:golden_sword net.minecraft.item.crafting.ShapedRecipes@1a336906
[22:10:40] [Server thread/TRACE] [FML]:   Registry: 291 minecraft:golden_shovel net.minecraft.item.crafting.ShapedRecipes@69bc4024
[22:10:40] [Server thread/TRACE] [FML]:   Registry: 292 minecraft:golden_rail net.minecraft.item.crafting.ShapedRecipes@311d28f5
[22:10:40] [Server thread/TRACE] [FML]:   Registry: 293 minecraft:golden_pickaxe net.minecraft.item.crafting.ShapedRecipes@28e48b65
[22:10:40] [Server thread/TRACE] [FML]:   Registry: 294 minecraft:golden_leggings net.minecraft.item.crafting.ShapedRecipes@2e0516a3
[22:10:40] [Server thread/TRACE] [FML]:   Registry: 295 minecraft:golden_hoe net.minecraft.item.crafting.ShapedRecipes@35fb3209
[22:10:40] [Server thread/TRACE] [FML]:   Registry: 296 minecraft:golden_helmet net.minecraft.item.crafting.ShapedRecipes@70439c3
[22:10:40] [Server thread/TRACE] [FML]:   Registry: 297 minecraft:golden_chestplate net.minecraft.item.crafting.ShapedRecipes@51cca357
[22:10:40] [Server thread/TRACE] [FML]:   Registry: 298 minecraft:golden_carrot net.minecraft.item.crafting.ShapedRecipes@5a205ee5
[22:10:40] [Server thread/TRACE] [FML]:   Registry: 299 minecraft:golden_boots net.minecraft.item.crafting.ShapedRecipes@5256fbc
[22:10:40] [Server thread/TRACE] [FML]:   Registry: 300 minecraft:golden_axe net.minecraft.item.crafting.ShapedRecipes@56f2c9e8
[22:10:40] [Server thread/TRACE] [FML]:   Registry: 301 minecraft:golden_apple net.minecraft.item.crafting.ShapedRecipes@6cc56b32
[22:10:40] [Server thread/TRACE] [FML]:   Registry: 302 minecraft:gold_nugget net.minecraft.item.crafting.ShapedRecipes@2d0f548a
[22:10:40] [Server thread/TRACE] [FML]:   Registry: 303 minecraft:gold_ingot_from_nuggets net.minecraft.item.crafting.ShapedRecipes@900649e
[22:10:40] [Server thread/TRACE] [FML]:   Registry: 304 minecraft:gold_ingot_from_block net.minecraft.item.crafting.ShapedRecipes@37caecda
[22:10:40] [Server thread/TRACE] [FML]:   Registry: 305 minecraft:gold_block net.minecraft.item.crafting.ShapedRecipes@35554635
[22:10:40] [Server thread/TRACE] [FML]:   Registry: 306 minecraft:glowstone net.minecraft.item.crafting.ShapedRecipes@70592729
[22:10:40] [Server thread/TRACE] [FML]:   Registry: 307 minecraft:glass_pane net.minecraft.item.crafting.ShapedRecipes@304068
[22:10:40] [Server thread/TRACE] [FML]:   Registry: 308 minecraft:glass_bottle net.minecraft.item.crafting.ShapedRecipes@6dd38df2
[22:10:40] [Server thread/TRACE] [FML]:   Registry: 309 minecraft:furnace_minecart net.minecraft.item.crafting.ShapedRecipes@34eaf9c1
[22:10:40] [Server thread/TRACE] [FML]:   Registry: 310 minecraft:furnace net.minecraft.item.crafting.ShapedRecipes@248b2b61
[22:10:40] [Server thread/TRACE] [FML]:   Registry: 311 minecraft:flower_pot net.minecraft.item.crafting.ShapedRecipes@4ca5cb99
[22:10:40] [Server thread/TRACE] [FML]:   Registry: 312 minecraft:flint_and_steel net.minecraft.item.crafting.ShapelessRecipes@1115be8c
[22:10:40] [Server thread/TRACE] [FML]:   Registry: 313 minecraft:fishing_rod net.minecraft.item.crafting.ShapedRecipes@69f69078
[22:10:40] [Server thread/TRACE] [FML]:   Registry: 314 minecraft:fire_charge net.minecraft.item.crafting.ShapelessRecipes@7dddfc35
[22:10:40] [Server thread/TRACE] [FML]:   Registry: 315 minecraft:fermented_spider_eye net.minecraft.item.crafting.ShapelessRecipes@2b8cf049
[22:10:40] [Server thread/TRACE] [FML]:   Registry: 316 minecraft:fence_gate net.minecraft.item.crafting.ShapedRecipes@6c1e40d9
[22:10:40] [Server thread/TRACE] [FML]:   Registry: 317 minecraft:fence net.minecraft.item.crafting.ShapedRecipes@6f52a229
[22:10:40] [Server thread/TRACE] [FML]:   Registry: 318 minecraft:ender_eye net.minecraft.item.crafting.ShapelessRecipes@1c3d9e28
[22:10:40] [Server thread/TRACE] [FML]:   Registry: 319 minecraft:ender_chest net.minecraft.item.crafting.ShapedRecipes@49bb808f
[22:10:40] [Server thread/TRACE] [FML]:   Registry: 320 minecraft:end_rod net.minecraft.item.crafting.ShapedRecipes@185339ed
[22:10:40] [Server thread/TRACE] [FML]:   Registry: 321 minecraft:end_crystal net.minecraft.item.crafting.ShapedRecipes@68c4db77
[22:10:40] [Server thread/TRACE] [FML]:   Registry: 322 minecraft:end_bricks net.minecraft.item.crafting.ShapedRecipes@7e89eba7
[22:10:40] [Server thread/TRACE] [FML]:   Registry: 323 minecraft:enchanting_table net.minecraft.item.crafting.ShapedRecipes@72f35a31
[22:10:40] [Server thread/TRACE] [FML]:   Registry: 324 minecraft:emerald_block net.minecraft.item.crafting.ShapedRecipes@407f2029
[22:10:40] [Server thread/TRACE] [FML]:   Registry: 325 minecraft:emerald net.minecraft.item.crafting.ShapedRecipes@7a30e30b
[22:10:40] [Server thread/TRACE] [FML]:   Registry: 326 minecraft:dropper net.minecraft.item.crafting.ShapedRecipes@77cc6a28
[22:10:40] [Server thread/TRACE] [FML]:   Registry: 327 minecraft:dispenser net.minecraft.item.crafting.ShapedRecipes@6f65aa58
[22:10:40] [Server thread/TRACE] [FML]:   Registry: 328 minecraft:diorite net.minecraft.item.crafting.ShapedRecipes@fb5d334
[22:10:40] [Server thread/TRACE] [FML]:   Registry: 329 minecraft:diamond_sword net.minecraft.item.crafting.ShapedRecipes@27ec0d06
[22:10:40] [Server thread/TRACE] [FML]:   Registry: 330 minecraft:diamond_shovel net.minecraft.item.crafting.ShapedRecipes@3a48c398
[22:10:40] [Server thread/TRACE] [FML]:   Registry: 331 minecraft:diamond_pickaxe net.minecraft.item.crafting.ShapedRecipes@7be3abaa
[22:10:40] [Server thread/TRACE] [FML]:   Registry: 332 minecraft:diamond_leggings net.minecraft.item.crafting.ShapedRecipes@5aac6f9f
[22:10:40] [Server thread/TRACE] [FML]:   Registry: 333 minecraft:diamond_hoe net.minecraft.item.crafting.ShapedRecipes@38848217
[22:10:40] [Server thread/TRACE] [FML]:   Registry: 334 minecraft:diamond_helmet net.minecraft.item.crafting.ShapedRecipes@792e8181
[22:10:40] [Server thread/TRACE] [FML]:   Registry: 335 minecraft:diamond_chestplate net.minecraft.item.crafting.ShapedRecipes@23bd2f6e
[22:10:40] [Server thread/TRACE] [FML]:   Registry: 336 minecraft:diamond_boots net.minecraft.item.crafting.ShapedRecipes@54997f67
[22:10:40] [Server thread/TRACE] [FML]:   Registry: 337 minecraft:diamond_block net.minecraft.item.crafting.ShapedRecipes@76b05c0
[22:10:40] [Server thread/TRACE] [FML]:   Registry: 338 minecraft:diamond_axe net.minecraft.item.crafting.ShapedRecipes@13374ca6
[22:10:40] [Server thread/TRACE] [FML]:   Registry: 339 minecraft:diamond net.minecraft.item.crafting.ShapedRecipes@55c46ec1
[22:10:40] [Server thread/TRACE] [FML]:   Registry: 340 minecraft:detector_rail net.minecraft.item.crafting.ShapedRecipes@326706d
[22:10:40] [Server thread/TRACE] [FML]:   Registry: 341 minecraft:daylight_detector net.minecraft.item.crafting.ShapedRecipes@5e1d1524
[22:10:40] [Server thread/TRACE] [FML]:   Registry: 342 minecraft:dark_prismarine net.minecraft.item.crafting.ShapedRecipes@12608986
[22:10:40] [Server thread/TRACE] [FML]:   Registry: 343 minecraft:dark_oak_wooden_slab net.minecraft.item.crafting.ShapedRecipes@30e2016a
[22:10:40] [Server thread/TRACE] [FML]:   Registry: 344 minecraft:dark_oak_stairs net.minecraft.item.crafting.ShapedRecipes@61d09475
[22:10:40] [Server thread/TRACE] [FML]:   Registry: 345 minecraft:dark_oak_planks net.minecraft.item.crafting.ShapedRecipes@7f70e244
[22:10:40] [Server thread/TRACE] [FML]:   Registry: 346 minecraft:dark_oak_fence_gate net.minecraft.item.crafting.ShapedRecipes@6d2db15b
[22:10:40] [Server thread/TRACE] [FML]:   Registry: 347 minecraft:dark_oak_fence net.minecraft.item.crafting.ShapedRecipes@7bbd76b8
[22:10:40] [Server thread/TRACE] [FML]:   Registry: 348 minecraft:dark_oak_door net.minecraft.item.crafting.ShapedRecipes@ce19c86
[22:10:40] [Server thread/TRACE] [FML]:   Registry: 349 minecraft:dark_oak_boat net.minecraft.item.crafting.ShapedRecipes@1bb4c431
[22:10:40] [Server thread/TRACE] [FML]:   Registry: 350 minecraft:cyan_wool net.minecraft.item.crafting.ShapelessRecipes@56b66a26
[22:10:40] [Server thread/TRACE] [FML]:   Registry: 351 minecraft:cyan_stained_hardened_clay net.minecraft.item.crafting.ShapedRecipes@6dbb3d7d
[22:10:40] [Server thread/TRACE] [FML]:   Registry: 352 minecraft:cyan_stained_glass_pane net.minecraft.item.crafting.ShapedRecipes@3ea9a091
[22:10:40] [Server thread/TRACE] [FML]:   Registry: 353 minecraft:cyan_stained_glass net.minecraft.item.crafting.ShapedRecipes@543da15
[22:10:40] [Server thread/TRACE] [FML]:   Registry: 354 minecraft:cyan_dye net.minecraft.item.crafting.ShapelessRecipes@210d3a42
[22:10:40] [Server thread/TRACE] [FML]:   Registry: 355 minecraft:cyan_concrete_powder net.minecraft.item.crafting.ShapelessRecipes@4cef0747
[22:10:40] [Server thread/TRACE] [FML]:   Registry: 356 minecraft:cyan_carpet net.minecraft.item.crafting.ShapedRecipes@113d0f75
[22:10:40] [Server thread/TRACE] [FML]:   Registry: 357 minecraft:cyan_bed_from_white_bed net.minecraft.item.crafting.ShapelessRecipes@7d17906
[22:10:40] [Server thread/TRACE] [FML]:   Registry: 358 minecraft:cyan_bed net.minecraft.item.crafting.ShapedRecipes@5534e6f1
[22:10:40] [Server thread/TRACE] [FML]:   Registry: 359 minecraft:cyan_banner net.minecraft.item.crafting.ShapedRecipes@2ae2fa13
[22:10:40] [Server thread/TRACE] [FML]:   Registry: 360 minecraft:crafting_table net.minecraft.item.crafting.ShapedRecipes@22604c7e
[22:10:40] [Server thread/TRACE] [FML]:   Registry: 361 minecraft:cookie net.minecraft.item.crafting.ShapedRecipes@1e4d8770
[22:10:40] [Server thread/TRACE] [FML]:   Registry: 362 minecraft:compass net.minecraft.item.crafting.ShapedRecipes@13404f75
[22:10:40] [Server thread/TRACE] [FML]:   Registry: 363 minecraft:comparator net.minecraft.item.crafting.ShapedRecipes@53e4a19e
[22:10:40] [Server thread/TRACE] [FML]:   Registry: 364 minecraft:cobblestone_wall net.minecraft.item.crafting.ShapedRecipes@38ebc866
[22:10:40] [Server thread/TRACE] [FML]:   Registry: 365 minecraft:cobblestone_slab net.minecraft.item.crafting.ShapedRecipes@7a7f9d45
[22:10:40] [Server thread/TRACE] [FML]:   Registry: 366 minecraft:coarse_dirt net.minecraft.item.crafting.ShapedRecipes@1fc5c0b2
[22:10:40] [Server thread/TRACE] [FML]:   Registry: 367 minecraft:coal_block net.minecraft.item.crafting.ShapedRecipes@6bdedbbd
[22:10:40] [Server thread/TRACE] [FML]:   Registry: 368 minecraft:coal net.minecraft.item.crafting.ShapedRecipes@30bd39d5
[22:10:40] [Server thread/TRACE] [FML]:   Registry: 369 minecraft:clock net.minecraft.item.crafting.ShapedRecipes@3bc891f2
[22:10:40] [Server thread/TRACE] [FML]:   Registry: 370 minecraft:clay net.minecraft.item.crafting.ShapedRecipes@3534651a
[22:10:40] [Server thread/TRACE] [FML]:   Registry: 371 minecraft:chiseled_stonebrick net.minecraft.item.crafting.ShapedRecipes@3f122cdc
[22:10:40] [Server thread/TRACE] [FML]:   Registry: 372 minecraft:chiseled_sandstone net.minecraft.item.crafting.ShapedRecipes@4bff28e7
[22:10:40] [Server thread/TRACE] [FML]:   Registry: 373 minecraft:chiseled_red_sandstone net.minecraft.item.crafting.ShapedRecipes@5e95b0ab
[22:10:40] [Server thread/TRACE] [FML]:   Registry: 374 minecraft:chiseled_quartz_block net.minecraft.item.crafting.ShapedRecipes@141b011a
[22:10:40] [Server thread/TRACE] [FML]:   Registry: 375 minecraft:chest_minecart net.minecraft.item.crafting.ShapedRecipes@45311a99
[22:10:40] [Server thread/TRACE] [FML]:   Registry: 376 minecraft:chest net.minecraft.item.crafting.ShapedRecipes@f237ae7
[22:10:40] [Server thread/TRACE] [FML]:   Registry: 377 minecraft:cauldron net.minecraft.item.crafting.ShapedRecipes@6339e604
[22:10:40] [Server thread/TRACE] [FML]:   Registry: 378 minecraft:carrot_on_a_stick net.minecraft.item.crafting.ShapedRecipes@18463720
[22:10:40] [Server thread/TRACE] [FML]:   Registry: 379 minecraft:cake net.minecraft.item.crafting.ShapedRecipes@47e60b71
[22:10:40] [Server thread/TRACE] [FML]:   Registry: 380 minecraft:bucket net.minecraft.item.crafting.ShapedRecipes@1eb9d69a
[22:10:40] [Server thread/TRACE] [FML]:   Registry: 381 minecraft:brown_wool net.minecraft.item.crafting.ShapelessRecipes@49a06087
[22:10:40] [Server thread/TRACE] [FML]:   Registry: 382 minecraft:brown_stained_hardened_clay net.minecraft.item.crafting.ShapedRecipes@5a6efe33
[22:10:40] [Server thread/TRACE] [FML]:   Registry: 383 minecraft:brown_stained_glass_pane net.minecraft.item.crafting.ShapedRecipes@2ecdcfe3
[22:10:40] [Server thread/TRACE] [FML]:   Registry: 384 minecraft:brown_stained_glass net.minecraft.item.crafting.ShapedRecipes@46591e98
[22:10:40] [Server thread/TRACE] [FML]:   Registry: 385 minecraft:brown_concrete_powder net.minecraft.item.crafting.ShapelessRecipes@1cb44a2f
[22:10:40] [Server thread/TRACE] [FML]:   Registry: 386 minecraft:brown_carpet net.minecraft.item.crafting.ShapedRecipes@212e39ee
[22:10:40] [Server thread/TRACE] [FML]:   Registry: 387 minecraft:brown_bed_from_white_bed net.minecraft.item.crafting.ShapelessRecipes@131d977f
[22:10:40] [Server thread/TRACE] [FML]:   Registry: 388 minecraft:brown_bed net.minecraft.item.crafting.ShapedRecipes@5e2975ca
[22:10:40] [Server thread/TRACE] [FML]:   Registry: 389 minecraft:brown_banner net.minecraft.item.crafting.ShapedRecipes@5e681097
[22:10:40] [Server thread/TRACE] [FML]:   Registry: 390 minecraft:brick_stairs net.minecraft.item.crafting.ShapedRecipes@b56c222
[22:10:40] [Server thread/TRACE] [FML]:   Registry: 391 minecraft:brick_slab net.minecraft.item.crafting.ShapedRecipes@41bd6a0f
[22:10:40] [Server thread/TRACE] [FML]:   Registry: 392 minecraft:brick_block net.minecraft.item.crafting.ShapedRecipes@30bbe83
[22:10:40] [Server thread/TRACE] [FML]:   Registry: 393 minecraft:brewing_stand net.minecraft.item.crafting.ShapedRecipes@2c0fefac
[22:10:40] [Server thread/TRACE] [FML]:   Registry: 394 minecraft:bread net.minecraft.item.crafting.ShapedRecipes@688d619c
[22:10:40] [Server thread/TRACE] [FML]:   Registry: 395 minecraft:bowl net.minecraft.item.crafting.ShapedRecipes@362be0cd
[22:10:40] [Server thread/TRACE] [FML]:   Registry: 396 minecraft:bow net.minecraft.item.crafting.ShapedRecipes@2f75a9b1
[22:10:40] [Server thread/TRACE] [FML]:   Registry: 397 minecraft:bookshelf net.minecraft.item.crafting.ShapedRecipes@19e801b5
[22:10:40] [Server thread/TRACE] [FML]:   Registry: 398 minecraft:book net.minecraft.item.crafting.ShapelessRecipes@5ad40184
[22:10:40] [Server thread/TRACE] [FML]:   Registry: 399 minecraft:bone_meal_from_bone net.minecraft.item.crafting.ShapelessRecipes@3f908bc0
[22:10:40] [Server thread/TRACE] [FML]:   Registry: 400 minecraft:bone_meal_from_block net.minecraft.item.crafting.ShapelessRecipes@4b8a0d03
[22:10:40] [Server thread/TRACE] [FML]:   Registry: 401 minecraft:bone_block net.minecraft.item.crafting.ShapedRecipes@d6d683e
[22:10:40] [Server thread/TRACE] [FML]:   Registry: 402 minecraft:boat net.minecraft.item.crafting.ShapedRecipes@17f41739
[22:10:40] [Server thread/TRACE] [FML]:   Registry: 403 minecraft:blue_wool net.minecraft.item.crafting.ShapelessRecipes@144440f5
[22:10:40] [Server thread/TRACE] [FML]:   Registry: 404 minecraft:blue_stained_hardened_clay net.minecraft.item.crafting.ShapedRecipes@43f99817
[22:10:40] [Server thread/TRACE] [FML]:   Registry: 405 minecraft:blue_stained_glass_pane net.minecraft.item.crafting.ShapedRecipes@3ec7ad61
[22:10:40] [Server thread/TRACE] [FML]:   Registry: 406 minecraft:blue_stained_glass net.minecraft.item.crafting.ShapedRecipes@7c682e26
[22:10:40] [Server thread/TRACE] [FML]:   Registry: 407 minecraft:blue_concrete_powder net.minecraft.item.crafting.ShapelessRecipes@2a99fa07
[22:10:40] [Server thread/TRACE] [FML]:   Registry: 408 minecraft:blue_carpet net.minecraft.item.crafting.ShapedRecipes@323efafe
[22:10:40] [Server thread/TRACE] [FML]:   Registry: 409 minecraft:blue_bed_from_white_bed net.minecraft.item.crafting.ShapelessRecipes@4182a651
[22:10:40] [Server thread/TRACE] [FML]:   Registry: 410 minecraft:blue_bed net.minecraft.item.crafting.ShapedRecipes@799fb45e
[22:10:40] [Server thread/TRACE] [FML]:   Registry: 411 minecraft:blue_banner net.minecraft.item.crafting.ShapedRecipes@299cab08
[22:10:40] [Server thread/TRACE] [FML]:   Registry: 412 minecraft:blaze_powder net.minecraft.item.crafting.ShapelessRecipes@6ffc6ea7
[22:10:40] [Server thread/TRACE] [FML]:   Registry: 413 minecraft:black_wool net.minecraft.item.crafting.ShapelessRecipes@5627b8eb
[22:10:40] [Server thread/TRACE] [FML]:   Registry: 414 minecraft:black_stained_hardened_clay net.minecraft.item.crafting.ShapedRecipes@397a10df
[22:10:40] [Server thread/TRACE] [FML]:   Registry: 415 minecraft:black_stained_glass_pane net.minecraft.item.crafting.ShapedRecipes@63eea8c4
[22:10:40] [Server thread/TRACE] [FML]:   Registry: 416 minecraft:black_stained_glass net.minecraft.item.crafting.ShapedRecipes@280d6a20
[22:10:40] [Server thread/TRACE] [FML]:   Registry: 417 minecraft:black_concrete_powder net.minecraft.item.crafting.ShapelessRecipes@5960f17
[22:10:40] [Server thread/TRACE] [FML]:   Registry: 418 minecraft:black_carpet net.minecraft.item.crafting.ShapedRecipes@174e1b99
[22:10:40] [Server thread/TRACE] [FML]:   Registry: 419 minecraft:black_bed_from_white_bed net.minecraft.item.crafting.ShapelessRecipes@24068086
[22:10:40] [Server thread/TRACE] [FML]:   Registry: 420 minecraft:black_bed net.minecraft.item.crafting.ShapedRecipes@546083d6
[22:10:40] [Server thread/TRACE] [FML]:   Registry: 421 minecraft:black_banner net.minecraft.item.crafting.ShapedRecipes@5896b9f5
[22:10:40] [Server thread/TRACE] [FML]:   Registry: 422 minecraft:birch_wooden_slab net.minecraft.item.crafting.ShapedRecipes@570ed9c
[22:10:40] [Server thread/TRACE] [FML]:   Registry: 423 minecraft:birch_stairs net.minecraft.item.crafting.ShapedRecipes@1fe05fff
[22:10:40] [Server thread/TRACE] [FML]:   Registry: 424 minecraft:birch_planks net.minecraft.item.crafting.ShapedRecipes@6ffbf0ac
[22:10:40] [Server thread/TRACE] [FML]:   Registry: 425 minecraft:birch_fence_gate net.minecraft.item.crafting.ShapedRecipes@fceab5d
[22:10:40] [Server thread/TRACE] [FML]:   Registry: 426 minecraft:birch_fence net.minecraft.item.crafting.ShapedRecipes@1fa18f87
[22:10:40] [Server thread/TRACE] [FML]:   Registry: 427 minecraft:birch_door net.minecraft.item.crafting.ShapedRecipes@2b1d1a5
[22:10:40] [Server thread/TRACE] [FML]:   Registry: 428 minecraft:birch_boat net.minecraft.item.crafting.ShapedRecipes@5b88af70
[22:10:40] [Server thread/TRACE] [FML]:   Registry: 429 minecraft:beetroot_soup net.minecraft.item.crafting.ShapedRecipes@4bc21e34
[22:10:40] [Server thread/TRACE] [FML]:   Registry: 430 minecraft:beacon net.minecraft.item.crafting.ShapedRecipes@3573e19d
[22:10:40] [Server thread/TRACE] [FML]:   Registry: 431 minecraft:arrow net.minecraft.item.crafting.ShapedRecipes@377e90b0
[22:10:40] [Server thread/TRACE] [FML]:   Registry: 432 minecraft:armor_stand net.minecraft.item.crafting.ShapedRecipes@7d5ef1c3
[22:10:40] [Server thread/TRACE] [FML]:   Registry: 433 minecraft:anvil net.minecraft.item.crafting.ShapedRecipes@5bf7f15f
[22:10:40] [Server thread/TRACE] [FML]:   Registry: 434 minecraft:andesite net.minecraft.item.crafting.ShapelessRecipes@2c154508
[22:10:40] [Server thread/TRACE] [FML]:   Registry: 435 minecraft:activator_rail net.minecraft.item.crafting.ShapedRecipes@8b1202a
[22:10:40] [Server thread/TRACE] [FML]:   Registry: 436 minecraft:acacia_wooden_slab net.minecraft.item.crafting.ShapedRecipes@32646ecf
[22:10:40] [Server thread/TRACE] [FML]:   Registry: 437 minecraft:acacia_stairs net.minecraft.item.crafting.ShapedRecipes@2cff5aa3
[22:10:40] [Server thread/TRACE] [FML]:   Registry: 438 minecraft:acacia_planks net.minecraft.item.crafting.ShapedRecipes@25df2014
[22:10:40] [Server thread/TRACE] [FML]:   Registry: 439 minecraft:acacia_fence_gate net.minecraft.item.crafting.ShapedRecipes@35f01759
[22:10:40] [Server thread/TRACE] [FML]:   Registry: 440 minecraft:acacia_fence net.minecraft.item.crafting.ShapedRecipes@27fc0217
[22:10:40] [Server thread/TRACE] [FML]:   Registry: 441 minecraft:acacia_door net.minecraft.item.crafting.ShapedRecipes@c1a74d
[22:10:40] [Server thread/TRACE] [FML]:   Registry: 442 minecraft:acacia_boat net.minecraft.item.crafting.ShapedRecipes@413eaf5d
[22:10:40] [Server thread/TRACE] [FML]:   Registry: 443 dungeonsmod:saddle net.minecraft.item.crafting.ShapedRecipes@71cb4663
[22:10:40] [Server thread/TRACE] [FML]:   Registry: 444 dungeonsmod:home_gem net.minecraft.item.crafting.ShapedRecipes@43b16e7a
[22:10:40] [Server thread/TRACE] [FML]:   Registry: 445 sexmod:npc_editor_wand net.minecraft.item.crafting.ShapedRecipes@61b1c16b
[22:10:40] [Server thread/TRACE] [FML]:   Registry: 446 sexmod:dragonstaff net.minecraft.item.crafting.ShapedRecipes@258aeb86
[22:10:40] [Server thread/TRACE] [FML]:   Registry: 447 travelersbackpack:travelers_backpack_zombie com.tiviacz.travelersbackpack.common.ShapedBackpackRecipe@6ed4fe2c
[22:10:40] [Server thread/TRACE] [FML]:   Registry: 448 travelersbackpack:travelers_backpack_yellow com.tiviacz.travelersbackpack.common.ShapedBackpackRecipe@5730b160
[22:10:40] [Server thread/TRACE] [FML]:   Registry: 449 travelersbackpack:travelers_backpack_wolf com.tiviacz.travelersbackpack.common.ShapedBackpackRecipe@1d5649cb
[22:10:40] [Server thread/TRACE] [FML]:   Registry: 450 travelersbackpack:travelers_backpack_witherskeleton com.tiviacz.travelersbackpack.common.ShapedBackpackRecipe@870d380
[22:10:40] [Server thread/TRACE] [FML]:   Registry: 451 travelersbackpack:travelers_backpack_wither com.tiviacz.travelersbackpack.common.ShapedBackpackRecipe@13a18fc0
[22:10:40] [Server thread/TRACE] [FML]:   Registry: 452 travelersbackpack:travelers_backpack_white com.tiviacz.travelersbackpack.common.ShapedBackpackRecipe@59a316c1
[22:10:40] [Server thread/TRACE] [FML]:   Registry: 453 travelersbackpack:travelers_backpack_to_standard com.tiviacz.travelersbackpack.common.ShapelessBackpackRecipe@36b3e2d8
[22:10:40] [Server thread/TRACE] [FML]:   Registry: 454 travelersbackpack:travelers_backpack_sunflower com.tiviacz.travelersbackpack.common.ShapedBackpackRecipe@4c2b8e0b
[22:10:40] [Server thread/TRACE] [FML]:   Registry: 455 travelersbackpack:travelers_backpack_standard net.minecraft.item.crafting.ShapedRecipes@36e6c397
[22:10:40] [Server thread/TRACE] [FML]:   Registry: 456 travelersbackpack:travelers_backpack_squid com.tiviacz.travelersbackpack.common.ShapedBackpackRecipe@7a968f61
[22:10:40] [Server thread/TRACE] [FML]:   Registry: 457 travelersbackpack:travelers_backpack_sponge com.tiviacz.travelersbackpack.common.ShapedBackpackRecipe@3670aef9
[22:10:40] [Server thread/TRACE] [FML]:   Registry: 458 travelersbackpack:travelers_backpack_spider com.tiviacz.travelersbackpack.common.ShapedBackpackRecipe@c38ebfe
[22:10:40] [Server thread/TRACE] [FML]:   Registry: 459 travelersbackpack:travelers_backpack_snow com.tiviacz.travelersbackpack.common.ShapedBackpackRecipe@286abcea
[22:10:40] [Server thread/TRACE] [FML]:   Registry: 460 travelersbackpack:travelers_backpack_slime com.tiviacz.travelersbackpack.common.ShapedBackpackRecipe@a3d93b6
[22:10:40] [Server thread/TRACE] [FML]:   Registry: 461 travelersbackpack:travelers_backpack_skeleton com.tiviacz.travelersbackpack.common.ShapedBackpackRecipe@5307c2de
[22:10:40] [Server thread/TRACE] [FML]:   Registry: 462 travelersbackpack:travelers_backpack_silverfish com.tiviacz.travelersbackpack.common.ShapedBackpackRecipe@5ae43d7c
[22:10:40] [Server thread/TRACE] [FML]:   Registry: 463 travelersbackpack:travelers_backpack_sheep com.tiviacz.travelersbackpack.common.ShapedBackpackRecipe@258bcdf5
[22:10:40] [Server thread/TRACE] [FML]:   Registry: 464 travelersbackpack:travelers_backpack_sandstone com.tiviacz.travelersbackpack.common.ShapedBackpackRecipe@441a200c
[22:10:40] [Server thread/TRACE] [FML]:   Registry: 465 travelersbackpack:travelers_backpack_redstone com.tiviacz.travelersbackpack.common.ShapedBackpackRecipe@2a07331
[22:10:40] [Server thread/TRACE] [FML]:   Registry: 466 travelersbackpack:travelers_backpack_redmushroom com.tiviacz.travelersbackpack.common.ShapedBackpackRecipe@465597c6
[22:10:40] [Server thread/TRACE] [FML]:   Registry: 467 travelersbackpack:travelers_backpack_red com.tiviacz.travelersbackpack.common.ShapedBackpackRecipe@18649004
[22:10:40] [Server thread/TRACE] [FML]:   Registry: 468 travelersbackpack:travelers_backpack_rainbow com.tiviacz.travelersbackpack.common.ShapedBackpackRecipe@40fdf338
[22:10:40] [Server thread/TRACE] [FML]:   Registry: 469 travelersbackpack:travelers_backpack_quartz com.tiviacz.travelersbackpack.common.ShapedBackpackRecipe@1296369a
[22:10:40] [Server thread/TRACE] [FML]:   Registry: 470 travelersbackpack:travelers_backpack_purple com.tiviacz.travelersbackpack.common.ShapedBackpackRecipe@64283e1c
[22:10:40] [Server thread/TRACE] [FML]:   Registry: 471 travelersbackpack:travelers_backpack_pumpkin com.tiviacz.travelersbackpack.common.ShapedBackpackRecipe@4e33b8bc
[22:10:40] [Server thread/TRACE] [FML]:   Registry: 472 travelersbackpack:travelers_backpack_pink com.tiviacz.travelersbackpack.common.ShapedBackpackRecipe@614c37d2
[22:10:40] [Server thread/TRACE] [FML]:   Registry: 473 travelersbackpack:travelers_backpack_pig com.tiviacz.travelersbackpack.common.ShapedBackpackRecipe@641b300
[22:10:40] [Server thread/TRACE] [FML]:   Registry: 474 travelersbackpack:travelers_backpack_overworld com.tiviacz.travelersbackpack.common.ShapedBackpackRecipe@72a09d7f
[22:10:40] [Server thread/TRACE] [FML]:   Registry: 475 travelersbackpack:travelers_backpack_orange com.tiviacz.travelersbackpack.common.ShapedBackpackRecipe@485e5676
[22:10:40] [Server thread/TRACE] [FML]:   Registry: 476 travelersbackpack:travelers_backpack_ocelot com.tiviacz.travelersbackpack.common.ShapedBackpackRecipe@1ae8f315
[22:10:40] [Server thread/TRACE] [FML]:   Registry: 477 travelersbackpack:travelers_backpack_obsidian com.tiviacz.travelersbackpack.common.ShapedBackpackRecipe@45b96e6a
[22:10:40] [Server thread/TRACE] [FML]:   Registry: 478 travelersbackpack:travelers_backpack_nether com.tiviacz.travelersbackpack.common.ShapedBackpackRecipe@4d16459
[22:10:40] [Server thread/TRACE] [FML]:   Registry: 479 travelersbackpack:travelers_backpack_mooshroom com.tiviacz.travelersbackpack.common.ShapedBackpackRecipe@35b7c264
[22:10:40] [Server thread/TRACE] [FML]:   Registry: 480 travelersbackpack:travelers_backpack_moddednetwork com.tiviacz.travelersbackpack.common.ShapedBackpackRecipe@5f19eac4
[22:10:40] [Server thread/TRACE] [FML]:   Registry: 481 travelersbackpack:travelers_backpack_melon com.tiviacz.travelersbackpack.common.ShapedBackpackRecipe@3d80bd07
[22:10:40] [Server thread/TRACE] [FML]:   Registry: 482 travelersbackpack:travelers_backpack_magmacube com.tiviacz.travelersbackpack.common.ShapedBackpackRecipe@668f1850
[22:10:40] [Server thread/TRACE] [FML]:   Registry: 483 travelersbackpack:travelers_backpack_magenta com.tiviacz.travelersbackpack.common.ShapedBackpackRecipe@72bb46c6
[22:10:40] [Server thread/TRACE] [FML]:   Registry: 484 travelersbackpack:travelers_backpack_lime com.tiviacz.travelersbackpack.common.ShapedBackpackRecipe@7c1b4e63
[22:10:40] [Server thread/TRACE] [FML]:   Registry: 485 travelersbackpack:travelers_backpack_lightgray com.tiviacz.travelersbackpack.common.ShapedBackpackRecipe@3a7b04f6
[22:10:40] [Server thread/TRACE] [FML]:   Registry: 486 travelersbackpack:travelers_backpack_lightblue com.tiviacz.travelersbackpack.common.ShapedBackpackRecipe@781210e7
[22:10:40] [Server thread/TRACE] [FML]:   Registry: 487 travelersbackpack:travelers_backpack_leather com.tiviacz.travelersbackpack.common.ShapedBackpackRecipe@26209b78
[22:10:40] [Server thread/TRACE] [FML]:   Registry: 488 travelersbackpack:travelers_backpack_lapis com.tiviacz.travelersbackpack.common.ShapedBackpackRecipe@64ea5345
[22:10:40] [Server thread/TRACE] [FML]:   Registry: 489 travelersbackpack:travelers_backpack_iron com.tiviacz.travelersbackpack.common.ShapedBackpackRecipe@f869814
[22:10:40] [Server thread/TRACE] [FML]:   Registry: 490 travelersbackpack:travelers_backpack_horse com.tiviacz.travelersbackpack.common.ShapedBackpackRecipe@3dff2afb
[22:10:40] [Server thread/TRACE] [FML]:   Registry: 491 travelersbackpack:travelers_backpack_haybale com.tiviacz.travelersbackpack.common.ShapedBackpackRecipe@5078d14e
[22:10:40] [Server thread/TRACE] [FML]:   Registry: 492 travelersbackpack:travelers_backpack_green com.tiviacz.travelersbackpack.common.ShapedBackpackRecipe@344854
[22:10:40] [Server thread/TRACE] [FML]:   Registry: 493 travelersbackpack:travelers_backpack_gray com.tiviacz.travelersbackpack.common.ShapedBackpackRecipe@1cb41efd
[22:10:40] [Server thread/TRACE] [FML]:   Registry: 494 travelersbackpack:travelers_backpack_gold com.tiviacz.travelersbackpack.common.ShapedBackpackRecipe@74f98e10
[22:10:40] [Server thread/TRACE] [FML]:   Registry: 495 travelersbackpack:travelers_backpack_glowstone com.tiviacz.travelersbackpack.common.ShapedBackpackRecipe@76a9848b
[22:10:40] [Server thread/TRACE] [FML]:   Registry: 496 travelersbackpack:travelers_backpack_ghast com.tiviacz.travelersbackpack.common.ShapedBackpackRecipe@43b30af2
[22:10:40] [Server thread/TRACE] [FML]:   Registry: 497 travelersbackpack:travelers_backpack_enderman com.tiviacz.travelersbackpack.common.ShapedBackpackRecipe@426d1984
[22:10:40] [Server thread/TRACE] [FML]:   Registry: 498 travelersbackpack:travelers_backpack_end com.tiviacz.travelersbackpack.common.ShapedBackpackRecipe@3771cce3
[22:10:40] [Server thread/TRACE] [FML]:   Registry: 499 travelersbackpack:travelers_backpack_emerald com.tiviacz.travelersbackpack.common.ShapedBackpackRecipe@7231f3dd
[22:10:40] [Server thread/TRACE] [FML]:   Registry: 500 travelersbackpack:travelers_backpack_egg com.tiviacz.travelersbackpack.common.ShapedBackpackRecipe@3f7fface
[22:10:40] [Server thread/TRACE] [FML]:   Registry: 501 travelersbackpack:travelers_backpack_dragon com.tiviacz.travelersbackpack.common.ShapedBackpackRecipe@789a9b0b
[22:10:40] [Server thread/TRACE] [FML]:   Registry: 502 travelersbackpack:travelers_backpack_diamond com.tiviacz.travelersbackpack.common.ShapedBackpackRecipe@35d69c24
[22:10:40] [Server thread/TRACE] [FML]:   Registry: 503 travelersbackpack:travelers_backpack_cyan com.tiviacz.travelersbackpack.common.ShapedBackpackRecipe@31b4c357
[22:10:40] [Server thread/TRACE] [FML]:   Registry: 504 travelersbackpack:travelers_backpack_creeper com.tiviacz.travelersbackpack.common.ShapedBackpackRecipe@52db7d31
[22:10:40] [Server thread/TRACE] [FML]:   Registry: 505 travelersbackpack:travelers_backpack_cow com.tiviacz.travelersbackpack.common.ShapedBackpackRecipe@62888b1f
[22:10:40] [Server thread/TRACE] [FML]:   Registry: 506 travelersbackpack:travelers_backpack_cookie com.tiviacz.travelersbackpack.common.ShapedBackpackRecipe@4581108
[22:10:40] [Server thread/TRACE] [FML]:   Registry: 507 travelersbackpack:travelers_backpack_coal com.tiviacz.travelersbackpack.common.ShapedBackpackRecipe@44dfbf9b
[22:10:40] [Server thread/TRACE] [FML]:   Registry: 508 travelersbackpack:travelers_backpack_chicken com.tiviacz.travelersbackpack.common.ShapedBackpackRecipe@a1c725c
[22:10:40] [Server thread/TRACE] [FML]:   Registry: 509 travelersbackpack:travelers_backpack_chest com.tiviacz.travelersbackpack.common.ShapedBackpackRecipe@3b46cbf5
[22:10:40] [Server thread/TRACE] [FML]:   Registry: 510 travelersbackpack:travelers_backpack_carrot com.tiviacz.travelersbackpack.common.ShapedBackpackRecipe@6bf67908
[22:10:40] [Server thread/TRACE] [FML]:   Registry: 511 travelersbackpack:travelers_backpack_cake com.tiviacz.travelersbackpack.common.ShapedBackpackRecipe@7e6abc4f
[22:10:40] [Server thread/TRACE] [FML]:   Registry: 512 travelersbackpack:travelers_backpack_cactus com.tiviacz.travelersbackpack.common.ShapedBackpackRecipe@cba6506
[22:10:40] [Server thread/TRACE] [FML]:   Registry: 513 travelersbackpack:travelers_backpack_brownmushroom com.tiviacz.travelersbackpack.common.ShapedBackpackRecipe@6dd7e0e2
[22:10:40] [Server thread/TRACE] [FML]:   Registry: 514 travelersbackpack:travelers_backpack_brown com.tiviacz.travelersbackpack.common.ShapedBackpackRecipe@6570fd0d
[22:10:40] [Server thread/TRACE] [FML]:   Registry: 515 travelersbackpack:travelers_backpack_bookshelf com.tiviacz.travelersbackpack.common.ShapedBackpackRecipe@18ad3d4a
[22:10:40] [Server thread/TRACE] [FML]:   Registry: 516 travelersbackpack:travelers_backpack_blue com.tiviacz.travelersbackpack.common.ShapedBackpackRecipe@1bd7a146
[22:10:40] [Server thread/TRACE] [FML]:   Registry: 517 travelersbackpack:travelers_backpack_blaze com.tiviacz.travelersbackpack.common.ShapedBackpackRecipe@47fbe9f1
[22:10:40] [Server thread/TRACE] [FML]:   Registry: 518 travelersbackpack:travelers_backpack_black com.tiviacz.travelersbackpack.common.ShapedBackpackRecipe@346385db
[22:10:40] [Server thread/TRACE] [FML]:   Registry: 519 travelersbackpack:sleeping_bag_bottom net.minecraft.item.crafting.ShapedRecipes@4081f99d
[22:10:40] [Server thread/TRACE] [FML]:   Registry: 520 travelersbackpack:hose_nozzle net.minecraft.item.crafting.ShapedRecipes@cb6e1e2
[22:10:40] [Server thread/TRACE] [FML]:   Registry: 521 travelersbackpack:hose net.minecraft.item.crafting.ShapedRecipes@325f974a
[22:10:40] [Server thread/TRACE] [FML]:   Registry: 522 travelersbackpack:backpack_tank net.minecraft.item.crafting.ShapedRecipes@25036c90
[22:10:40] [Server thread/TRACE] [FML]: Registry Name : minecraft:villagerprofessions
[22:10:40] [Server thread/TRACE] [FML]:   Registry: 0 minecraft:farmer net.minecraftforge.fml.common.registry.VillagerRegistry$VillagerProfession@25b74370
[22:10:40] [Server thread/TRACE] [FML]:   Registry: 1 minecraft:librarian net.minecraftforge.fml.common.registry.VillagerRegistry$VillagerProfession@2513155a
[22:10:40] [Server thread/TRACE] [FML]:   Registry: 2 minecraft:priest net.minecraftforge.fml.common.registry.VillagerRegistry$VillagerProfession@6313b441
[22:10:40] [Server thread/TRACE] [FML]:   Registry: 3 minecraft:smith net.minecraftforge.fml.common.registry.VillagerRegistry$VillagerProfession@47fa3671
[22:10:40] [Server thread/TRACE] [FML]:   Registry: 4 minecraft:butcher net.minecraftforge.fml.common.registry.VillagerRegistry$VillagerProfession@60f662bd
[22:10:40] [Server thread/TRACE] [FML]:   Registry: 5 minecraft:nitwit net.minecraftforge.fml.common.registry.VillagerRegistry$VillagerProfession@5df2023c
[22:10:40] [Server thread/TRACE] [FML]:   Registry: 6 dungeonsmod:traveler net.minecraftforge.fml.common.registry.VillagerRegistry$VillagerProfession@26c6055d
[22:10:40] [Server thread/TRACE] [FML]: Registry Name : minecraft:dataserializers
[22:10:40] [Server thread/TRACE] [FML]: Registry Name : minecraft:entities
[22:10:40] [Server thread/TRACE] [FML]:   Registry: 0 dungeonsmod:rogue net.minecraftforge.fml.common.registry.EntityEntry@5cf78ee3
[22:10:40] [Server thread/TRACE] [FML]:   Registry: 1 minecraft:item net.minecraftforge.fml.common.registry.EntityEntry@7893c715
[22:10:40] [Server thread/TRACE] [FML]:   Registry: 2 minecraft:xp_orb net.minecraftforge.fml.common.registry.EntityEntry@5f935d49
[22:10:40] [Server thread/TRACE] [FML]:   Registry: 3 minecraft:area_effect_cloud net.minecraftforge.fml.common.registry.EntityEntry@76af34b5
[22:10:40] [Server thread/TRACE] [FML]:   Registry: 4 minecraft:elder_guardian net.minecraftforge.fml.common.registry.EntityEntry@74a85515
[22:10:40] [Server thread/TRACE] [FML]:   Registry: 5 minecraft:wither_skeleton net.minecraftforge.fml.common.registry.EntityEntry@31c7c281
[22:10:40] [Server thread/TRACE] [FML]:   Registry: 6 minecraft:stray net.minecraftforge.fml.common.registry.EntityEntry@6d8b7ea9
[22:10:40] [Server thread/TRACE] [FML]:   Registry: 7 minecraft:egg net.minecraftforge.fml.common.registry.EntityEntry@16c5b50a
[22:10:40] [Server thread/TRACE] [FML]:   Registry: 8 minecraft:leash_knot net.minecraftforge.fml.common.registry.EntityEntry@278fe428
[22:10:40] [Server thread/TRACE] [FML]:   Registry: 9 minecraft:painting net.minecraftforge.fml.common.registry.EntityEntry@1d4cc7
[22:10:40] [Server thread/TRACE] [FML]:   Registry: 10 minecraft:arrow net.minecraftforge.fml.common.registry.EntityEntry@255ed8e4
[22:10:40] [Server thread/TRACE] [FML]:   Registry: 11 minecraft:snowball net.minecraftforge.fml.common.registry.EntityEntry@2a7bc16b
[22:10:40] [Server thread/TRACE] [FML]:   Registry: 12 minecraft:fireball net.minecraftforge.fml.common.registry.EntityEntry@205159dc
[22:10:40] [Server thread/TRACE] [FML]:   Registry: 13 minecraft:small_fireball net.minecraftforge.fml.common.registry.EntityEntry@6fde6f05
[22:10:40] [Server thread/TRACE] [FML]:   Registry: 14 minecraft:ender_pearl net.minecraftforge.fml.common.registry.EntityEntry@f9b8129
[22:10:40] [Server thread/TRACE] [FML]:   Registry: 15 minecraft:eye_of_ender_signal net.minecraftforge.fml.common.registry.EntityEntry@4492b393
[22:10:40] [Server thread/TRACE] [FML]:   Registry: 16 minecraft:potion net.minecraftforge.fml.common.registry.EntityEntry@63a7781
[22:10:40] [Server thread/TRACE] [FML]:   Registry: 17 minecraft:xp_bottle net.minecraftforge.fml.common.registry.EntityEntry@22686ddb
[22:10:40] [Server thread/TRACE] [FML]:   Registry: 18 minecraft:item_frame net.minecraftforge.fml.common.registry.EntityEntry@7bfa1eb5
[22:10:40] [Server thread/TRACE] [FML]:   Registry: 19 minecraft:wither_skull net.minecraftforge.fml.common.registry.EntityEntry@320ff86f
[22:10:40] [Server thread/TRACE] [FML]:   Registry: 20 minecraft:tnt net.minecraftforge.fml.common.registry.EntityEntry@84f51d9
[22:10:40] [Server thread/TRACE] [FML]:   Registry: 21 minecraft:falling_block net.minecraftforge.fml.common.registry.EntityEntry@8383a14
[22:10:40] [Server thread/TRACE] [FML]:   Registry: 22 minecraft:fireworks_rocket net.minecraftforge.fml.common.registry.EntityEntry@395a573c
[22:10:40] [Server thread/TRACE] [FML]:   Registry: 23 minecraft:husk net.minecraftforge.fml.common.registry.EntityEntry@d84418a
[22:10:40] [Server thread/TRACE] [FML]:   Registry: 24 minecraft:spectral_arrow net.minecraftforge.fml.common.registry.EntityEntry@ec5f944
[22:10:40] [Server thread/TRACE] [FML]:   Registry: 25 minecraft:shulker_bullet net.minecraftforge.fml.common.registry.EntityEntry@3973b6d4
[22:10:40] [Server thread/TRACE] [FML]:   Registry: 26 minecraft:dragon_fireball net.minecraftforge.fml.common.registry.EntityEntry@5c8ab9de
[22:10:40] [Server thread/TRACE] [FML]:   Registry: 27 minecraft:zombie_villager net.minecraftforge.fml.common.registry.EntityEntry@2e7bb00e
[22:10:40] [Server thread/TRACE] [FML]:   Registry: 28 minecraft:skeleton_horse net.minecraftforge.fml.common.registry.EntityEntry@704d3b00
[22:10:40] [Server thread/TRACE] [FML]:   Registry: 29 minecraft:zombie_horse net.minecraftforge.fml.common.registry.EntityEntry@138a85d3
[22:10:40] [Server thread/TRACE] [FML]:   Registry: 30 minecraft:armor_stand net.minecraftforge.fml.common.registry.EntityEntry@59baf2c7
[22:10:40] [Server thread/TRACE] [FML]:   Registry: 31 minecraft:donkey net.minecraftforge.fml.common.registry.EntityEntry@4ad896f7
[22:10:40] [Server thread/TRACE] [FML]:   Registry: 32 minecraft:mule net.minecraftforge.fml.common.registry.EntityEntry@7d61468c
[22:10:40] [Server thread/TRACE] [FML]:   Registry: 33 minecraft:evocation_fangs net.minecraftforge.fml.common.registry.EntityEntry@4beae1e3
[22:10:40] [Server thread/TRACE] [FML]:   Registry: 34 minecraft:evocation_illager net.minecraftforge.fml.common.registry.EntityEntry@77e9dca8
[22:10:40] [Server thread/TRACE] [FML]:   Registry: 35 minecraft:vex net.minecraftforge.fml.common.registry.EntityEntry@7cd1ec54
[22:10:40] [Server thread/TRACE] [FML]:   Registry: 36 minecraft:vindication_illager net.minecraftforge.fml.common.registry.EntityEntry@5c9a4f3b
[22:10:40] [Server thread/TRACE] [FML]:   Registry: 37 minecraft:illusion_illager net.minecraftforge.fml.common.registry.EntityEntry@2cea921a
[22:10:40] [Server thread/TRACE] [FML]:   Registry: 38 dungeonsmod:anthermite net.minecraftforge.fml.common.registry.EntityEntry@1a641916
[22:10:40] [Server thread/TRACE] [FML]:   Registry: 39 dungeonsmod:mimic net.minecraftforge.fml.common.registry.EntityEntry@661b209a
[22:10:40] [Server thread/TRACE] [FML]:   Registry: 40 minecraft:commandblock_minecart net.minecraftforge.fml.common.registry.EntityEntry@520a95ff
[22:10:40] [Server thread/TRACE] [FML]:   Registry: 41 minecraft:boat net.minecraftforge.fml.common.registry.EntityEntry@5c573229
[22:10:40] [Server thread/TRACE] [FML]:   Registry: 42 minecraft:minecart net.minecraftforge.fml.common.registry.EntityEntry@714f1a44
[22:10:40] [Server thread/TRACE] [FML]:   Registry: 43 minecraft:chest_minecart net.minecraftforge.fml.common.registry.EntityEntry@41a23470
[22:10:40] [Server thread/TRACE] [FML]:   Registry: 44 minecraft:furnace_minecart net.minecraftforge.fml.common.registry.EntityEntry@39a7eca5
[22:10:40] [Server thread/TRACE] [FML]:   Registry: 45 minecraft:tnt_minecart net.minecraftforge.fml.common.registry.EntityEntry@156cfa20
[22:10:40] [Server thread/TRACE] [FML]:   Registry: 46 minecraft:hopper_minecart net.minecraftforge.fml.common.registry.EntityEntry@c11332b
[22:10:40] [Server thread/TRACE] [FML]:   Registry: 47 minecraft:spawner_minecart net.minecraftforge.fml.common.registry.EntityEntry@5d27b4c1
[22:10:40] [Server thread/TRACE] [FML]:   Registry: 48 dungeonsmod:crawler net.minecraftforge.fml.common.registry.EntityEntry@1ab1d897
[22:10:40] [Server thread/TRACE] [FML]:   Registry: 49 dungeonsmod:slimond net.minecraftforge.fml.common.registry.EntityEntry@adec813
[22:10:40] [Server thread/TRACE] [FML]:   Registry: 50 minecraft:creeper net.minecraftforge.fml.common.registry.EntityEntry@21f50d2c
[22:10:40] [Server thread/TRACE] [FML]:   Registry: 51 minecraft:skeleton net.minecraftforge.fml.common.registry.EntityEntry@270f28cf
[22:10:40] [Server thread/TRACE] [FML]:   Registry: 52 minecraft:spider net.minecraftforge.fml.common.registry.EntityEntry@e3ed455
[22:10:40] [Server thread/TRACE] [FML]:   Registry: 53 minecraft:giant net.minecraftforge.fml.common.registry.EntityEntry@2ab8589a
[22:10:40] [Server thread/TRACE] [FML]:   Registry: 54 minecraft:zombie net.minecraftforge.fml.common.registry.EntityEntry@697a92af
[22:10:40] [Server thread/TRACE] [FML]:   Registry: 55 minecraft:slime net.minecraftforge.fml.common.registry.EntityEntry@3d3930fe
[22:10:40] [Server thread/TRACE] [FML]:   Registry: 56 minecraft:ghast net.minecraftforge.fml.common.registry.EntityEntry@52909a97
[22:10:40] [Server thread/TRACE] [FML]:   Registry: 57 minecraft:zombie_pigman net.minecraftforge.fml.common.registry.EntityEntry@25cde5bb
[22:10:40] [Server thread/TRACE] [FML]:   Registry: 58 minecraft:enderman net.minecraftforge.fml.common.registry.EntityEntry@2c678c7b
[22:10:40] [Server thread/TRACE] [FML]:   Registry: 59 minecraft:cave_spider net.minecraftforge.fml.common.registry.EntityEntry@243c4346
[22:10:40] [Server thread/TRACE] [FML]:   Registry: 60 minecraft:silverfish net.minecraftforge.fml.common.registry.EntityEntry@5d08976a
[22:10:40] [Server thread/TRACE] [FML]:   Registry: 61 minecraft:blaze net.minecraftforge.fml.common.registry.EntityEntry@52cb52bd
[22:10:40] [Server thread/TRACE] [FML]:   Registry: 62 minecraft:magma_cube net.minecraftforge.fml.common.registry.EntityEntry@55053f81
[22:10:40] [Server thread/TRACE] [FML]:   Registry: 63 minecraft:ender_dragon net.minecraftforge.fml.common.registry.EntityEntry@5cffec7
[22:10:40] [Server thread/TRACE] [FML]:   Registry: 64 minecraft:wither net.minecraftforge.fml.common.registry.EntityEntry@44eb2452
[22:10:40] [Server thread/TRACE] [FML]:   Registry: 65 minecraft:bat net.minecraftforge.fml.common.registry.EntityEntry@49c83262
[22:10:40] [Server thread/TRACE] [FML]:   Registry: 66 minecraft:witch net.minecraftforge.fml.common.registry.EntityEntry@5a48d186
[22:10:40] [Server thread/TRACE] [FML]:   Registry: 67 minecraft:endermite net.minecraftforge.fml.common.registry.EntityEntry@2086d469
[22:10:40] [Server thread/TRACE] [FML]:   Registry: 68 minecraft:guardian net.minecraftforge.fml.common.registry.EntityEntry@17c53dfb
[22:10:40] [Server thread/TRACE] [FML]:   Registry: 69 minecraft:shulker net.minecraftforge.fml.common.registry.EntityEntry@38022758
[22:10:40] [Server thread/TRACE] [FML]:   Registry: 70 dungeonsmod:piranha net.minecraftforge.fml.common.registry.EntityEntry@165d3b02
[22:10:40] [Server thread/TRACE] [FML]:   Registry: 71 dungeonsmod:shark net.minecraftforge.fml.common.registry.EntityEntry@2dc0ae4c
[22:10:40] [Server thread/TRACE] [FML]:   Registry: 72 dungeonsmod:kraken net.minecraftforge.fml.common.registry.EntityEntry@6e528fce
[22:10:40] [Server thread/TRACE] [FML]:   Registry: 73 dungeonsmod:king net.minecraftforge.fml.common.registry.EntityEntry@325fc731
[22:10:40] [Server thread/TRACE] [FML]:   Registry: 74 dungeonsmod:deserted net.minecraftforge.fml.common.registry.EntityEntry@50d6e5a8
[22:10:40] [Server thread/TRACE] [FML]:   Registry: 75 dungeonsmod:traveler net.minecraftforge.fml.common.registry.EntityEntry@353c24b5
[22:10:40] [Server thread/TRACE] [FML]:   Registry: 76 dungeonsmod:ironslime net.minecraftforge.fml.common.registry.EntityEntry@4323a763
[22:10:40] [Server thread/TRACE] [FML]:   Registry: 77 dungeonsmod:kingguard net.minecraftforge.fml.common.registry.EntityEntry@1943e08a
[22:10:40] [Server thread/TRACE] [FML]:   Registry: 78 dungeonsmod:ninja net.minecraftforge.fml.common.registry.EntityEntry@778ef8e8
[22:10:40] [Server thread/TRACE] [FML]:   Registry: 79 dungeonsmod:refractor net.minecraftforge.fml.common.registry.EntityEntry@39322ed8
[22:10:40] [Server thread/TRACE] [FML]:   Registry: 80 dungeonsmod:scientist net.minecraftforge.fml.common.registry.EntityEntry@697bf65d
[22:10:40] [Server thread/TRACE] [FML]:   Registry: 81 dungeonsmod:phoenix net.minecraftforge.fml.common.registry.EntityEntry@184ba330
[22:10:40] [Server thread/TRACE] [FML]:   Registry: 82 dungeonsmod:sun net.minecraftforge.fml.common.registry.EntityEntry@2487c34b
[22:10:40] [Server thread/TRACE] [FML]:   Registry: 83 dungeonsmod:slimewolf net.minecraftforge.fml.common.registry.EntityEntry@2e9a5121
[22:10:40] [Server thread/TRACE] [FML]:   Registry: 84 sexmod:jenny net.minecraftforge.fml.common.registry.EntityEntry@34428553
[22:10:40] [Server thread/TRACE] [FML]:   Registry: 85 sexmod:ellie net.minecraftforge.fml.common.registry.EntityEntry@3c504797
[22:10:40] [Server thread/TRACE] [FML]:   Registry: 86 sexmod:slime net.minecraftforge.fml.common.registry.EntityEntry@6a90e4b3
[22:10:40] [Server thread/TRACE] [FML]:   Registry: 87 sexmod:bia net.minecraftforge.fml.common.registry.EntityEntry@1bffcc48
[22:10:40] [Server thread/TRACE] [FML]:   Registry: 88 sexmod:bee net.minecraftforge.fml.common.registry.EntityEntry@24f1fb2a
[22:10:40] [Server thread/TRACE] [FML]:   Registry: 89 sexmod:luna net.minecraftforge.fml.common.registry.EntityEntry@2032289a
[22:10:40] [Server thread/TRACE] [FML]:   Registry: 90 minecraft:pig net.minecraftforge.fml.common.registry.EntityEntry@5d221b20
[22:10:40] [Server thread/TRACE] [FML]:   Registry: 91 minecraft:sheep net.minecraftforge.fml.common.registry.EntityEntry@78eafad
[22:10:40] [Server thread/TRACE] [FML]:   Registry: 92 minecraft:cow net.minecraftforge.fml.common.registry.EntityEntry@2dd3d39d
[22:10:40] [Server thread/TRACE] [FML]:   Registry: 93 minecraft:chicken net.minecraftforge.fml.common.registry.EntityEntry@6f2d3391
[22:10:40] [Server thread/TRACE] [FML]:   Registry: 94 minecraft:squid net.minecraftforge.fml.common.registry.EntityEntry@5d84e363
[22:10:40] [Server thread/TRACE] [FML]:   Registry: 95 minecraft:wolf net.minecraftforge.fml.common.registry.EntityEntry@bb12f41
[22:10:40] [Server thread/TRACE] [FML]:   Registry: 96 minecraft:mooshroom net.minecraftforge.fml.common.registry.EntityEntry@3739f3c9
[22:10:40] [Server thread/TRACE] [FML]:   Registry: 97 minecraft:snowman net.minecraftforge.fml.common.registry.EntityEntry@40fe8fd5
[22:10:40] [Server thread/TRACE] [FML]:   Registry: 98 minecraft:ocelot net.minecraftforge.fml.common.registry.EntityEntry@1410d645
[22:10:40] [Server thread/TRACE] [FML]:   Registry: 99 minecraft:villager_golem net.minecraftforge.fml.common.registry.EntityEntry@329b331f
[22:10:40] [Server thread/TRACE] [FML]:   Registry: 100 minecraft:horse net.minecraftforge.fml.common.registry.EntityEntry@74ce7fdf
[22:10:40] [Server thread/TRACE] [FML]:   Registry: 101 minecraft:rabbit net.minecraftforge.fml.common.registry.EntityEntry@2dc21583
[22:10:40] [Server thread/TRACE] [FML]:   Registry: 102 minecraft:polar_bear net.minecraftforge.fml.common.registry.EntityEntry@786ff0ea
[22:10:40] [Server thread/TRACE] [FML]:   Registry: 103 minecraft:llama net.minecraftforge.fml.common.registry.EntityEntry@6785c9fa
[22:10:40] [Server thread/TRACE] [FML]:   Registry: 104 minecraft:llama_spit net.minecraftforge.fml.common.registry.EntityEntry@194b9783
[22:10:40] [Server thread/TRACE] [FML]:   Registry: 105 minecraft:parrot net.minecraftforge.fml.common.registry.EntityEntry@297bd171
[22:10:40] [Server thread/TRACE] [FML]:   Registry: 106 sexmod:allie net.minecraftforge.fml.common.registry.EntityEntry@32bc0a3e
[22:10:40] [Server thread/TRACE] [FML]:   Registry: 107 sexmod:kobold net.minecraftforge.fml.common.registry.EntityEntry@6ed1a2d8
[22:10:40] [Server thread/TRACE] [FML]:   Registry: 108 sexmod:kobold_egg net.minecraftforge.fml.common.registry.EntityEntry@3ae1f297
[22:10:40] [Server thread/TRACE] [FML]:   Registry: 109 sexmod:goblin net.minecraftforge.fml.common.registry.EntityEntry@114d244
[22:10:40] [Server thread/TRACE] [FML]:   Registry: 110 sexmod:galath net.minecraftforge.fml.common.registry.EntityEntry@58fc8665
[22:10:40] [Server thread/TRACE] [FML]:   Registry: 111 sexmod:manglelie net.minecraftforge.fml.common.registry.EntityEntry@26d8a312
[22:10:40] [Server thread/TRACE] [FML]:   Registry: 112 sexmod:custom_model net.minecraftforge.fml.common.registry.EntityEntry@4a4a044f
[22:10:40] [Server thread/TRACE] [FML]:   Registry: 113 sexmod:player_jenny net.minecraftforge.fml.common.registry.EntityEntry@292d2d7b
[22:10:40] [Server thread/TRACE] [FML]:   Registry: 114 sexmod:player_ellie net.minecraftforge.fml.common.registry.EntityEntry@9fef864
[22:10:40] [Server thread/TRACE] [FML]:   Registry: 115 sexmod:player_slime net.minecraftforge.fml.common.registry.EntityEntry@55256032
[22:10:40] [Server thread/TRACE] [FML]:   Registry: 116 sexmod:player_bia net.minecraftforge.fml.common.registry.EntityEntry@b25e9ab
[22:10:40] [Server thread/TRACE] [FML]:   Registry: 117 sexmod:player_bee net.minecraftforge.fml.common.registry.EntityEntry@50b55127
[22:10:40] [Server thread/TRACE] [FML]:   Registry: 118 sexmod:player_allie net.minecraftforge.fml.common.registry.EntityEntry@6d92ffed
[22:10:40] [Server thread/TRACE] [FML]:   Registry: 119 sexmod:player_kobold net.minecraftforge.fml.common.registry.EntityEntry@46853c55
[22:10:40] [Server thread/TRACE] [FML]:   Registry: 120 minecraft:villager net.minecraftforge.fml.common.registry.EntityEntry@984de01
[22:10:40] [Server thread/TRACE] [FML]:   Registry: 121 sexmod:player_goblin net.minecraftforge.fml.common.registry.EntityEntry@2cfe1dd5
[22:10:40] [Server thread/TRACE] [FML]:   Registry: 122 sexmod:player_luna net.minecraftforge.fml.common.registry.EntityEntry@2982ca25
[22:10:40] [Server thread/TRACE] [FML]:   Registry: 123 sexmod:player_galath net.minecraftforge.fml.common.registry.EntityEntry@5d158eec
[22:10:40] [Server thread/TRACE] [FML]:   Registry: 124 sexmod:friendly_slime net.minecraftforge.fml.common.registry.EntityEntry@5ba7143e
[22:10:40] [Server thread/TRACE] [FML]:   Registry: 125 sexmod:luna_hook net.minecraftforge.fml.common.registry.EntityEntry@3d89ee04
[22:10:40] [Server thread/TRACE] [FML]:   Registry: 126 sexmod:energy_ball net.minecraftforge.fml.common.registry.EntityEntry@31908e08
[22:10:40] [Server thread/TRACE] [FML]:   Registry: 127 sexmod:pyrocinical net.minecraftforge.fml.common.registry.EntityEntry@4caaaac1
[22:10:40] [Server thread/TRACE] [FML]:   Registry: 128 battletowers:golem net.minecraftforge.fml.common.registry.EntityEntry@57599937
[22:10:40] [Server thread/TRACE] [FML]:   Registry: 129 battletowers:golemfireball net.minecraftforge.fml.common.registry.EntityEntry@4ef08418
[22:10:40] [Server thread/TRACE] [FML]:   Registry: 200 minecraft:ender_crystal net.minecraftforge.fml.common.registry.EntityEntry@7757a37f
[22:10:40] [Server thread/TRACE] [FML]: Sending event FMLModIdMappingEvent to mod minecraft
[22:10:40] [Server thread/TRACE] [FML]: Sent event FMLModIdMappingEvent to mod minecraft
[22:10:40] [Server thread/DEBUG] [FML]: Bar Step: ModIdMapping - Minecraft took 0.000s
[22:10:40] [Server thread/TRACE] [FML]: Sending event FMLModIdMappingEvent to mod mcp
[22:10:40] [Server thread/TRACE] [FML]: Sent event FMLModIdMappingEvent to mod mcp
[22:10:40] [Server thread/DEBUG] [FML]: Bar Step: ModIdMapping - Minecraft Coder Pack took 0.000s
[22:10:40] [Server thread/TRACE] [FML]: Sending event FMLModIdMappingEvent to mod FML
[22:10:40] [Server thread/TRACE] [FML]: Sent event FMLModIdMappingEvent to mod FML
[22:10:40] [Server thread/DEBUG] [FML]: Bar Step: ModIdMapping - Forge Mod Loader took 0.000s
[22:10:40] [Server thread/TRACE] [FML]: Sending event FMLModIdMappingEvent to mod forge
[22:10:40] [Server thread/TRACE] [FML]: Sent event FMLModIdMappingEvent to mod forge
[22:10:40] [Server thread/DEBUG] [FML]: Bar Step: ModIdMapping - Minecraft Forge took 0.028s
[22:10:40] [Server thread/TRACE] [FML]: Sending event FMLModIdMappingEvent to mod battletowers
[22:10:40] [Server thread/TRACE] [FML]: Sent event FMLModIdMappingEvent to mod battletowers
[22:10:40] [Server thread/DEBUG] [FML]: Bar Step: ModIdMapping - Battle Towers took 0.000s
[22:10:40] [Server thread/TRACE] [FML]: Sending event FMLModIdMappingEvent to mod dungeonsmod
[22:10:40] [Server thread/TRACE] [FML]: Sent event FMLModIdMappingEvent to mod dungeonsmod
[22:10:40] [Server thread/DEBUG] [FML]: Bar Step: ModIdMapping - Dungeons Mod took 0.000s
[22:10:40] [Server thread/TRACE] [FML]: Sending event FMLModIdMappingEvent to mod sexmod
[22:10:40] [Server thread/TRACE] [FML]: Sent event FMLModIdMappingEvent to mod sexmod
[22:10:40] [Server thread/DEBUG] [FML]: Bar Step: ModIdMapping - Fapcraft took 0.000s
[22:10:40] [Server thread/TRACE] [FML]: Sending event FMLModIdMappingEvent to mod geckolib3
[22:10:40] [Server thread/TRACE] [FML]: Sent event FMLModIdMappingEvent to mod geckolib3
[22:10:40] [Server thread/DEBUG] [FML]: Bar Step: ModIdMapping - geckolib3 took 0.000s
[22:10:40] [Server thread/TRACE] [FML]: Sending event FMLModIdMappingEvent to mod jei
[22:10:40] [Server thread/TRACE] [FML]: Sent event FMLModIdMappingEvent to mod jei
[22:10:40] [Server thread/DEBUG] [FML]: Bar Step: ModIdMapping - Just Enough Items took 0.000s
[22:10:40] [Server thread/TRACE] [FML]: Sending event FMLModIdMappingEvent to mod travelersbackpack
[22:10:40] [Server thread/TRACE] [FML]: Sent event FMLModIdMappingEvent to mod travelersbackpack
[22:10:40] [Server thread/DEBUG] [FML]: Bar Step: ModIdMapping - Traveler's Backpack took 0.000s
[22:10:40] [Server thread/DEBUG] [FML]: Bar Finished: ModIdMapping took 0.030s
[22:10:40] [Server thread/INFO] [FML]: Applying holder lookups
[22:10:40] [Server thread/INFO] [FML]: Holder lookups applied
[22:10:40] [Server thread/DEBUG] [FML]: Loading persistent fluid defaults from world
[22:10:40] [Server thread/DEBUG] [FML]: The fluid travelersbackpack:potion has been selected as the default fluid for potion
[22:10:40] [Server thread/DEBUG] [FML]: The fluid minecraft:lava has been selected as the default fluid for lava
[22:10:40] [Server thread/DEBUG] [FML]: The fluid minecraft:water has been selected as the default fluid for water
[22:10:40] [Server thread/DEBUG] [FML]: The fluid travelersbackpack:milk has been selected as the default fluid for milk
[22:10:41] [Server thread/INFO] [FML]: Loading dimension 0 (world) (net.minecraft.server.dedicated.DedicatedServer@3ab74b5a)
[22:10:41] [Server thread/INFO] [net.minecraft.advancements.AdvancementList]: Loaded 495 advancements
[22:10:41] [Server thread/INFO] [STDOUT]: [atomicstryker.battletowers.common.WorldGenHandler:loadPosFile:403]: Battletower Positions reloaded. Lines 19, entries 6
[22:10:41] [Server thread/INFO] [FML]: Loading dimension -1 (world) (net.minecraft.server.dedicated.DedicatedServer@3ab74b5a)
[22:10:41] [Server thread/INFO] [STDOUT]: [atomicstryker.battletowers.common.WorldGenHandler:loadPosFile:403]: Battletower Positions reloaded. Lines 1, entries 0
[22:10:41] [Server thread/INFO] [FML]: Loading dimension 1 (world) (net.minecraft.server.dedicated.DedicatedServer@3ab74b5a)
[22:10:41] [Server thread/INFO] [STDOUT]: [atomicstryker.battletowers.common.WorldGenHandler:loadPosFile:403]: Battletower Positions reloaded. Lines 1, entries 0
[22:10:41] [Server thread/INFO] [net.minecraft.server.MinecraftServer]: Preparing start region for level 0
[22:10:42] [Server thread/INFO] [net.minecraft.server.MinecraftServer]: Preparing spawn area: 32%
[22:10:42] [Server thread/INFO] [net.minecraft.server.dedicated.DedicatedServer]: Done (2.316s)! For help, type "help" or "?"
[22:10:42] [Server thread/TRACE] [FML]: Sending event FMLServerStartingEvent to mod minecraft
[22:10:42] [Server thread/TRACE] [FML]: Sent event FMLServerStartingEvent to mod minecraft
[22:10:42] [Server thread/DEBUG] [FML]: Bar Step: ServerStarting - Minecraft took 0.000s
[22:10:42] [Server thread/TRACE] [FML]: Sending event FMLServerStartingEvent to mod mcp
[22:10:42] [Server thread/TRACE] [FML]: Sent event FMLServerStartingEvent to mod mcp
[22:10:42] [Server thread/DEBUG] [FML]: Bar Step: ServerStarting - Minecraft Coder Pack took 0.000s
[22:10:42] [Server thread/TRACE] [FML]: Sending event FMLServerStartingEvent to mod FML
[22:10:42] [Server thread/TRACE] [FML]: Sent event FMLServerStartingEvent to mod FML
[22:10:42] [Server thread/DEBUG] [FML]: Bar Step: ServerStarting - Forge Mod Loader took 0.000s
[22:10:42] [Server thread/TRACE] [FML]: Sending event FMLServerStartingEvent to mod forge
[22:10:42] [Server thread/TRACE] [FML]: Sent event FMLServerStartingEvent to mod forge
[22:10:42] [Server thread/DEBUG] [FML]: Bar Step: ServerStarting - Minecraft Forge took 0.019s
[22:10:42] [Server thread/TRACE] [FML]: Sending event FMLServerStartingEvent to mod battletowers
[22:10:42] [Server thread/TRACE] [FML]: Sent event FMLServerStartingEvent to mod battletowers
[22:10:42] [Server thread/DEBUG] [FML]: Bar Step: ServerStarting - Battle Towers took 0.003s
[22:10:42] [Server thread/TRACE] [FML]: Sending event FMLServerStartingEvent to mod dungeonsmod
[22:10:42] [Server thread/TRACE] [FML]: Sent event FMLServerStartingEvent to mod dungeonsmod
[22:10:42] [Server thread/DEBUG] [FML]: Bar Step: ServerStarting - Dungeons Mod took 0.000s
[22:10:42] [Server thread/TRACE] [FML]: Sending event FMLServerStartingEvent to mod sexmod
[22:10:42] [Server thread/TRACE] [FML]: Sent event FMLServerStartingEvent to mod sexmod
[22:10:42] [Server thread/DEBUG] [FML]: Bar Step: ServerStarting - Fapcraft took 0.001s
[22:10:42] [Server thread/TRACE] [FML]: Sending event FMLServerStartingEvent to mod geckolib3
[22:10:42] [Server thread/TRACE] [FML]: Sent event FMLServerStartingEvent to mod geckolib3
[22:10:42] [Server thread/DEBUG] [FML]: Bar Step: ServerStarting - geckolib3 took 0.000s
[22:10:42] [Server thread/TRACE] [FML]: Sending event FMLServerStartingEvent to mod jei
[22:10:42] [Server thread/TRACE] [FML]: Sent event FMLServerStartingEvent to mod jei
[22:10:42] [Server thread/DEBUG] [FML]: Bar Step: ServerStarting - Just Enough Items took 0.000s
[22:10:42] [Server thread/TRACE] [FML]: Sending event FMLServerStartingEvent to mod travelersbackpack
[22:10:42] [Server thread/TRACE] [FML]: Sent event FMLServerStartingEvent to mod travelersbackpack
[22:10:42] [Server thread/DEBUG] [FML]: Bar Step: ServerStarting - Traveler's Backpack took 0.000s
[22:10:42] [Server thread/DEBUG] [FML]: Bar Finished: ServerStarting took 0.025s
[22:10:42] [Server thread/TRACE] [FML]: Sending event FMLServerStartedEvent to mod minecraft
[22:10:42] [Server thread/TRACE] [FML]: Sent event FMLServerStartedEvent to mod minecraft
[22:10:42] [Server thread/DEBUG] [FML]: Bar Step: ServerStarted - Minecraft took 0.000s
[22:10:42] [Server thread/TRACE] [FML]: Sending event FMLServerStartedEvent to mod mcp
[22:10:42] [Server thread/TRACE] [FML]: Sent event FMLServerStartedEvent to mod mcp
[22:10:42] [Server thread/DEBUG] [FML]: Bar Step: ServerStarted - Minecraft Coder Pack took 0.000s
[22:10:42] [Server thread/TRACE] [FML]: Sending event FMLServerStartedEvent to mod FML
[22:10:42] [Server thread/TRACE] [FML]: Sent event FMLServerStartedEvent to mod FML
[22:10:42] [Server thread/DEBUG] [FML]: Bar Step: ServerStarted - Forge Mod Loader took 0.000s
[22:10:42] [Server thread/TRACE] [FML]: Sending event FMLServerStartedEvent to mod forge
[22:10:42] [Server thread/TRACE] [FML]: Sent event FMLServerStartedEvent to mod forge
[22:10:42] [Server thread/DEBUG] [FML]: Bar Step: ServerStarted - Minecraft Forge took 0.000s
[22:10:42] [Server thread/TRACE] [FML]: Sending event FMLServerStartedEvent to mod battletowers
[22:10:42] [Server thread/TRACE] [FML]: Sent event FMLServerStartedEvent to mod battletowers
[22:10:42] [Server thread/DEBUG] [FML]: Bar Step: ServerStarted - Battle Towers took 0.000s
[22:10:42] [Server thread/TRACE] [FML]: Sending event FMLServerStartedEvent to mod dungeonsmod
[22:10:42] [Server thread/TRACE] [FML]: Sent event FMLServerStartedEvent to mod dungeonsmod
[22:10:42] [Server thread/DEBUG] [FML]: Bar Step: ServerStarted - Dungeons Mod took 0.000s
[22:10:42] [Server thread/TRACE] [FML]: Sending event FMLServerStartedEvent to mod sexmod
[22:10:42] [Server thread/TRACE] [FML]: Sent event FMLServerStartedEvent to mod sexmod
[22:10:42] [Server thread/DEBUG] [FML]: Bar Step: ServerStarted - Fapcraft took 0.000s
[22:10:42] [Server thread/TRACE] [FML]: Sending event FMLServerStartedEvent to mod geckolib3
[22:10:42] [Server thread/TRACE] [FML]: Sent event FMLServerStartedEvent to mod geckolib3
[22:10:42] [Server thread/DEBUG] [FML]: Bar Step: ServerStarted - geckolib3 took 0.000s
[22:10:42] [Server thread/TRACE] [FML]: Sending event FMLServerStartedEvent to mod jei
[22:10:42] [Server thread/TRACE] [FML]: Sent event FMLServerStartedEvent to mod jei
[22:10:42] [Server thread/DEBUG] [FML]: Bar Step: ServerStarted - Just Enough Items took 0.000s
[22:10:42] [Server thread/TRACE] [FML]: Sending event FMLServerStartedEvent to mod travelersbackpack
[22:10:42] [Server thread/TRACE] [FML]: Sent event FMLServerStartedEvent to mod travelersbackpack
[22:10:42] [Server thread/DEBUG] [FML]: Bar Step: ServerStarted - Traveler's Backpack took 0.000s
[22:10:42] [Server thread/DEBUG] [FML]: Bar Finished: ServerStarted took 0.002s
[22:10:42] [Server thread/DEBUG] [FML]: Queueing dimension -1 to unload
[22:10:42] [Server thread/DEBUG] [FML]: Queueing dimension 1 to unload
[22:10:43] [Server thread/INFO] [FML]: Unloading dimension -1
[22:10:43] [Server thread/INFO] [FML]: Unloading dimension 1
[22:11:27] [Server thread/DEBUG] [FML]: Gathering id map for writing to world save world
[22:11:32] [Server thread/DEBUG] [FML]: The world e018faa (world) may have leaked: first encounter (5 occurrences).

[22:11:32] [Server thread/DEBUG] [FML]: The world 6c79404e (world) may have leaked: first encounter (5 occurrences).

[22:12:12] [Server thread/DEBUG] [FML]: Gathering id map for writing to world save world
[22:12:22] [Server thread/DEBUG] [FML]: The world e018faa (world) may have leaked: seen 10 times.

[22:12:22] [Server thread/DEBUG] [FML]: The world 6c79404e (world) may have leaked: seen 10 times.

[22:12:57] [Server thread/DEBUG] [FML]: Gathering id map for writing to world save world
[22:13:12] [Server thread/DEBUG] [FML]: The world e018faa (world) may have leaked: seen 15 times.

[22:13:12] [Server thread/DEBUG] [FML]: The world 6c79404e (world) may have leaked: seen 15 times.

[22:13:42] [Server thread/DEBUG] [FML]: Gathering id map for writing to world save world
[22:14:02] [Server thread/DEBUG] [FML]: The world e018faa (world) may have leaked: seen 20 times.

[22:14:02] [Server thread/DEBUG] [FML]: The world 6c79404e (world) may have leaked: seen 20 times.

[22:14:27] [Server thread/DEBUG] [FML]: Gathering id map for writing to world save world
[22:14:52] [Server thread/DEBUG] [FML]: The world e018faa (world) may have leaked: seen 25 times.

[22:14:52] [Server thread/DEBUG] [FML]: The world 6c79404e (world) may have leaked: seen 25 times.

[22:15:12] [Server thread/DEBUG] [FML]: Gathering id map for writing to world save world
[22:15:42] [Server thread/DEBUG] [FML]: The world e018faa (world) may have leaked: seen 30 times.

[22:15:42] [Server thread/DEBUG] [FML]: The world 6c79404e (world) may have leaked: seen 30 times.

[22:15:57] [Server thread/DEBUG] [FML]: Gathering id map for writing to world save world
[22:16:32] [Server thread/DEBUG] [FML]: The world e018faa (world) may have leaked: seen 35 times.

[22:16:32] [Server thread/DEBUG] [FML]: The world 6c79404e (world) may have leaked: seen 35 times.

[22:16:42] [Server thread/DEBUG] [FML]: Gathering id map for writing to world save world
[22:17:22] [Server thread/DEBUG] [FML]: The world e018faa (world) may have leaked: seen 40 times.

[22:17:22] [Server thread/DEBUG] [FML]: The world 6c79404e (world) may have leaked: seen 40 times.

[22:17:27] [Server thread/DEBUG] [FML]: Gathering id map for writing to world save world
[22:18:12] [Server thread/DEBUG] [FML]: The world e018faa (world) may have leaked: seen 45 times.

[22:18:12] [Server thread/DEBUG] [FML]: The world 6c79404e (world) may have leaked: seen 45 times.

[22:18:12] [Server thread/DEBUG] [FML]: Gathering id map for writing to world save world
[22:18:57] [Server thread/DEBUG] [FML]: Gathering id map for writing to world save world
[22:19:02] [Server thread/DEBUG] [FML]: The world e018faa (world) may have leaked: seen 50 times.

[22:19:02] [Server thread/DEBUG] [FML]: The world 6c79404e (world) may have leaked: seen 50 times.

[22:19:38] [Server thread/TRACE] [FML]: Handshake channel activating
[22:19:38] [Server thread/DEBUG] [FML]: FMLHandshakeServerState: null->FMLHandshakeServerState$1:START
[22:19:38] [Server thread/DEBUG] [FML]:   Next: HELLO
[22:19:39] [Netty Epoll Server IO #5/DEBUG] [FML]: FMLHandshakeServerState: $ClientHello->FMLHandshakeServerState$2:HELLO
[22:19:39] [Netty Epoll Server IO #5/INFO] [FML]: Client protocol version 2
[22:19:39] [Netty Epoll Server IO #5/DEBUG] [FML]: FMLHandshakeServerState: $ModList:11 mods->FMLHandshakeServerState$2:HELLO
[22:19:39] [Netty Epoll Server IO #5/INFO] [FML]: Client attempting to join with 11 mods : minecraft@1.12.2,tlauncher_custom_cape_skin@1.4,dungeonsmod@@VERSION@,FML@8.0.99.99,forge@14.23.5.2859,sexmod@1.1.0,geckolib3@3.0.30,mcp@9.42,battletowers@1.6.5,jei@4.16.1.1013,travelersbackpack@1.0.35
[22:19:39] [Netty Epoll Server IO #5/DEBUG] [FML]:   Next: WAITINGCACK
[22:19:39] [Netty Epoll Server IO #5/DEBUG] [FML]: FMLHandshakeServerState: $HandshakeAck:{2}->FMLHandshakeServerState$3:WAITINGCACK
[22:19:39] [Netty Epoll Server IO #5/DEBUG] [FML]:   Next: COMPLETE
[22:19:40] [Netty Epoll Server IO #5/DEBUG] [FML]: FMLHandshakeServerState: $HandshakeAck:{3}->FMLHandshakeServerState$4:COMPLETE
[22:19:40] [Netty Epoll Server IO #5/DEBUG] [FML]:   Next: DONE
[22:19:40] [Netty Epoll Server IO #5/DEBUG] [FML]: FMLHandshakeServerState: $HandshakeAck:{4}->FMLHandshakeServerState$5:DONE
[22:19:40] [Server thread/INFO] [FML]: [Server thread] Server side modded connection established
[22:19:40] [Server thread/INFO] [net.minecraft.server.management.PlayerList]: RompOrTos[/10.254.61.10:51273] logged in with entity id 170 at (-150.3964379141522, 69.0, 310.39691864921366)
[22:19:40] [Server thread/INFO] [net.minecraft.server.dedicated.DedicatedServer]: RompOrTos joined the game
[22:19:40] [Netty Epoll Server IO #5/DEBUG] [FML]: FMLHandshakeServerState: $HandshakeAck:{5}->FMLHandshakeServerState$5:DONE
[22:19:42] [Server thread/DEBUG] [FML]: Gathering id map for writing to world save world
[22:20:11] [Server thread/INFO] [net.minecraft.network.NetHandlerPlayServer]: RompOrTos lost connection: Disconnected
[22:20:11] [Server thread/INFO] [net.minecraft.server.dedicated.DedicatedServer]: RompOrTos left the game
